Copyright 1986-2020 Xilinx, Inc. All Rights Reserved.
-----------------------------------------------------------------------------------------------------------------------------------------------------------------------------------------------------------------
| Tool Version : Vivado v.2020.1 (win64) Build 2902540 Wed May 27 19:54:49 MDT 2020
| Date         : Fri Oct  3 09:17:06 2025
| Host         : DESKTOP-RDVR7FP running 64-bit major release  (build 9200)
| Command      : report_timing_summary -max_paths 10 -file system_wrapper_timing_summary_routed.rpt -pb system_wrapper_timing_summary_routed.pb -rpx system_wrapper_timing_summary_routed.rpx -warn_on_violation
| Design       : system_wrapper
| Device       : 7z010-clg400
| Speed File   : -1  PRODUCTION 1.12 2019-11-22
-----------------------------------------------------------------------------------------------------------------------------------------------------------------------------------------------------------------

Timing Summary Report

------------------------------------------------------------------------------------------------
| Timer Settings
| --------------
------------------------------------------------------------------------------------------------

  Enable Multi Corner Analysis               :  Yes
  Enable Pessimism Removal                   :  Yes
  Pessimism Removal Resolution               :  Nearest Common Node
  Enable Input Delay Default Clock           :  No
  Enable Preset / Clear Arcs                 :  No
  Disable Flight Delays                      :  No
  Ignore I/O Paths                           :  No
  Timing Early Launch at Borrowing Latches   :  No
  Borrow Time for Max Delay Exceptions       :  Yes
  Merge Timing Exceptions                    :  Yes

  Corner  Analyze    Analyze    
  Name    Max Paths  Min Paths  
  ------  ---------  ---------  
  Slow    Yes        Yes        
  Fast    Yes        Yes        



check_timing report

Table of Contents
-----------------
1. checking no_clock (0)
2. checking constant_clock (0)
3. checking pulse_width_clock (0)
4. checking unconstrained_internal_endpoints (0)
5. checking no_input_delay (1)
6. checking no_output_delay (5)
7. checking multiple_clock (0)
8. checking generated_clocks (0)
9. checking loops (0)
10. checking partial_input_delay (28)
11. checking partial_output_delay (0)
12. checking latch_loops (0)

1. checking no_clock (0)
------------------------
 There are 0 register/latch pins with no clock.


2. checking constant_clock (0)
------------------------------
 There are 0 register/latch pins with constant_clock.


3. checking pulse_width_clock (0)
---------------------------------
 There are 0 register/latch pins which need pulse_width check


4. checking unconstrained_internal_endpoints (0)
------------------------------------------------
 There are 0 pins that are not constrained for maximum delay.

 There are 0 pins that are not constrained for maximum delay due to constant clock.


5. checking no_input_delay (1)
------------------------------
 There is 1 input port with no input delay specified. (HIGH)

 There are 0 input ports with no input delay but user has a false path constraint.


6. checking no_output_delay (5)
-------------------------------
 There are 5 ports with no output delay specified. (HIGH)

 There are 0 ports with no output delay but user has a false path constraint

 There are 0 ports with no output delay but with a timing clock defined on it or propagating through it


7. checking multiple_clock (0)
------------------------------
 There are 0 register/latch pins with multiple clocks.


8. checking generated_clocks (0)
--------------------------------
 There are 0 generated clocks that are not connected to a clock source.


9. checking loops (0)
---------------------
 There are 0 combinational loops in the design.


10. checking partial_input_delay (28)
-------------------------------------
 There are 28 input ports with partial input delay specified. (HIGH)


11. checking partial_output_delay (0)
-------------------------------------
 There are 0 ports with partial output delay specified.


12. checking latch_loops (0)
----------------------------
 There are 0 combinational latch loops in the design through latch input



------------------------------------------------------------------------------------------------
| Design Timing Summary
| ---------------------
------------------------------------------------------------------------------------------------

    WNS(ns)      TNS(ns)  TNS Failing Endpoints  TNS Total Endpoints      WHS(ns)      THS(ns)  THS Failing Endpoints  THS Total Endpoints     WPWS(ns)     TPWS(ns)  TPWS Failing Endpoints  TPWS Total Endpoints  
    -------      -------  ---------------------  -------------------      -------      -------  ---------------------  -------------------     --------     --------  ----------------------  --------------------  
     -3.493     -346.831                    134                 3553        0.035        0.000                      0                 3525        3.020        0.000                       0                  1740  


Timing constraints are not met.


------------------------------------------------------------------------------------------------
| Clock Summary
| -------------
------------------------------------------------------------------------------------------------

Clock       Waveform(ns)         Period(ns)      Frequency(MHz)
-----       ------------         ----------      --------------
adc_clk     {0.000 4.000}        8.000           125.000         
clk_fpga_0  {0.000 4.000}        8.000           125.000         
rx_clk      {0.000 2.000}        4.000           250.000         


------------------------------------------------------------------------------------------------
| Intra Clock Table
| -----------------
------------------------------------------------------------------------------------------------

Clock             WNS(ns)      TNS(ns)  TNS Failing Endpoints  TNS Total Endpoints      WHS(ns)      THS(ns)  THS Failing Endpoints  THS Total Endpoints     WPWS(ns)     TPWS(ns)  TPWS Failing Endpoints  TPWS Total Endpoints  
-----             -------      -------  ---------------------  -------------------      -------      -------  ---------------------  -------------------     --------     --------  ----------------------  --------------------  
adc_clk            -3.493     -346.831                    134                  269        0.250        0.000                      0                  241        3.500        0.000                       0                   174  
clk_fpga_0          0.444        0.000                      0                 3284        0.035        0.000                      0                 3284        3.020        0.000                       0                  1566  


------------------------------------------------------------------------------------------------
| Inter Clock Table
| -----------------
------------------------------------------------------------------------------------------------

From Clock    To Clock          WNS(ns)      TNS(ns)  TNS Failing Endpoints  TNS Total Endpoints      WHS(ns)      THS(ns)  THS Failing Endpoints  THS Total Endpoints  
----------    --------          -------      -------  ---------------------  -------------------      -------      -------  ---------------------  -------------------  


------------------------------------------------------------------------------------------------
| Other Path Groups Table
| -----------------------
------------------------------------------------------------------------------------------------

Path Group    From Clock    To Clock          WNS(ns)      TNS(ns)  TNS Failing Endpoints  TNS Total Endpoints      WHS(ns)      THS(ns)  THS Failing Endpoints  THS Total Endpoints  
----------    ----------    --------          -------      -------  ---------------------  -------------------      -------      -------  ---------------------  -------------------  


------------------------------------------------------------------------------------------------
| Timing Details
| --------------
------------------------------------------------------------------------------------------------


---------------------------------------------------------------------------------------------------
From Clock:  adc_clk
  To Clock:  adc_clk

Setup :          134  Failing Endpoints,  Worst Slack       -3.493ns,  Total Violation     -346.831ns
Hold  :            0  Failing Endpoints,  Worst Slack        0.250ns,  Total Violation        0.000ns
PW    :            0  Failing Endpoints,  Worst Slack        3.500ns,  Total Violation        0.000ns
---------------------------------------------------------------------------------------------------


Max Delay Paths
--------------------------------------------------------------------------------------
Slack (VIOLATED) :        -3.493ns  (required time - arrival time)
  Source:                 system_i/DataAcquisition/axis_red_pitaya_adc_0/inst/int_dat_a_reg_reg[1]/C
                            (rising edge-triggered cell FDRE clocked by adc_clk  {rise@0.000ns fall@4.000ns period=8.000ns})
  Destination:            system_i/FrequencyCounter/frequency_counter_0/inst/pulse_reg[0]/D
                            (rising edge-triggered cell FDRE clocked by adc_clk  {rise@0.000ns fall@4.000ns period=8.000ns})
  Path Group:             adc_clk
  Path Type:              Setup (Max at Slow Process Corner)
  Requirement:            8.000ns  (adc_clk rise@8.000ns - adc_clk rise@0.000ns)
  Data Path Delay:        11.405ns  (logic 5.038ns (44.174%)  route 6.367ns (55.826%))
  Logic Levels:           15  (CARRY4=7 LUT2=2 LUT3=1 LUT4=1 LUT5=2 LUT6=2)
  Clock Path Skew:        -0.083ns (DCD - SCD + CPR)
    Destination Clock Delay (DCD):    4.484ns = ( 12.484 - 8.000 ) 
    Source Clock Delay      (SCD):    4.932ns
    Clock Pessimism Removal (CPR):    0.364ns
  Clock Uncertainty:      0.035ns  ((TSJ^2 + TIJ^2)^1/2 + DJ) / 2 + PE
    Total System Jitter     (TSJ):    0.071ns
    Total Input Jitter      (TIJ):    0.000ns
    Discrete Jitter          (DJ):    0.000ns
    Phase Error              (PE):    0.000ns

    Location             Delay type                Incr(ns)  Path(ns)    Netlist Resource(s)
  -------------------------------------------------------------------    -------------------
                         (clock adc_clk rise edge)    0.000     0.000 r  
    U18                                               0.000     0.000 r  adc_clk_p_i (IN)
                         net (fo=0)                   0.000     0.000    system_i/DataAcquisition/axis_red_pitaya_adc_0/inst/adc_clk_p
    U18                  IBUFDS (Prop_ibufds_I_O)     0.983     0.983 r  system_i/DataAcquisition/axis_red_pitaya_adc_0/inst/adc_clk_inst0/O
                         net (fo=1, routed)           2.076     3.059    system_i/DataAcquisition/axis_red_pitaya_adc_0/inst/int_clk0
    BUFGCTRL_X0Y1        BUFG (Prop_bufg_I_O)         0.102     3.161 r  system_i/DataAcquisition/axis_red_pitaya_adc_0/inst/adc_clk_inst/O
                         net (fo=173, routed)         1.770     4.932    system_i/DataAcquisition/axis_red_pitaya_adc_0/inst/adc_clk
    ILOGIC_X0Y13         FDRE                                         r  system_i/DataAcquisition/axis_red_pitaya_adc_0/inst/int_dat_a_reg_reg[1]/C
  -------------------------------------------------------------------    -------------------
    ILOGIC_X0Y13         FDRE (Prop_fdre_C_Q)         0.517     5.449 f  system_i/DataAcquisition/axis_red_pitaya_adc_0/inst/int_dat_a_reg_reg[1]/Q
                         net (fo=1, routed)           1.293     6.741    system_i/FrequencyCounter/frequency_counter_0/inst/S_AXIS_IN_tdata[1]
    SLICE_X42Y31         LUT2 (Prop_lut2_I0_O)        0.180     6.921 r  system_i/FrequencyCounter/frequency_counter_0/inst/state_next1_carry_i_1/O
                         net (fo=1, routed)           0.190     7.111    system_i/FrequencyCounter/frequency_counter_0/inst/state_next1_carry_i_1_n_0
    SLICE_X43Y31         CARRY4 (Prop_carry4_CYINIT_CO[3])
                                                      0.580     7.691 r  system_i/FrequencyCounter/frequency_counter_0/inst/state_next1_carry/CO[3]
                         net (fo=1, routed)           0.000     7.691    system_i/FrequencyCounter/frequency_counter_0/inst/state_next1_carry_n_0
    SLICE_X43Y32         CARRY4 (Prop_carry4_CI_CO[1])
                                                      0.157     7.848 r  system_i/FrequencyCounter/frequency_counter_0/inst/state_next1_carry__0/CO[1]
                         net (fo=3, routed)           0.654     8.502    system_i/FrequencyCounter/frequency_counter_0/inst/state_next1_carry__0_n_2
    SLICE_X39Y27         LUT5 (Prop_lut5_I3_O)        0.329     8.831 r  system_i/FrequencyCounter/frequency_counter_0/inst/counter_output_next0_carry_i_6/O
                         net (fo=1, routed)           0.000     8.831    system_i/FrequencyCounter/frequency_counter_0/inst/counter_output_next0_carry_i_6_n_0
    SLICE_X39Y27         CARRY4 (Prop_carry4_S[0]_CO[3])
                                                      0.532     9.363 r  system_i/FrequencyCounter/frequency_counter_0/inst/counter_output_next0_carry_i_1/CO[3]
                         net (fo=1, routed)           0.000     9.363    system_i/FrequencyCounter/frequency_counter_0/inst/counter_output_next0_carry_i_1_n_0
    SLICE_X39Y28         CARRY4 (Prop_carry4_CI_O[1])
                                                      0.334     9.697 r  system_i/FrequencyCounter/frequency_counter_0/inst/counter_output_next0_carry__0_i_1/O[1]
                         net (fo=2, routed)           0.574    10.271    system_i/FrequencyCounter/frequency_counter_0/inst/counter1_output_next[5]
    SLICE_X37Y27         LUT2 (Prop_lut2_I0_O)        0.303    10.574 r  system_i/FrequencyCounter/frequency_counter_0/inst/counter_output_next0_carry__0_i_4/O
                         net (fo=1, routed)           0.000    10.574    system_i/FrequencyCounter/frequency_counter_0/inst/counter_output_next0_carry__0_i_4_n_0
    SLICE_X37Y27         CARRY4 (Prop_carry4_S[1]_O[3])
                                                      0.640    11.214 f  system_i/FrequencyCounter/frequency_counter_0/inst/counter_output_next0_carry__0/O[3]
                         net (fo=2, routed)           1.038    12.252    system_i/FrequencyCounter/frequency_counter_0/inst/counter_output_next[7]
    SLICE_X37Y34         LUT4 (Prop_lut4_I3_O)        0.306    12.558 f  system_i/FrequencyCounter/frequency_counter_0/inst/counter_output[31]_i_7/O
                         net (fo=1, routed)           0.667    13.225    system_i/FrequencyCounter/frequency_counter_0/inst/counter_output[31]_i_7_n_0
    SLICE_X37Y34         LUT6 (Prop_lut6_I0_O)        0.124    13.349 f  system_i/FrequencyCounter/frequency_counter_0/inst/counter_output[31]_i_4/O
                         net (fo=3, routed)           0.601    13.950    system_i/FrequencyCounter/frequency_counter_0/inst/counter_output[31]_i_4_n_0
    SLICE_X39Y35         LUT6 (Prop_lut6_I1_O)        0.124    14.074 r  system_i/FrequencyCounter/frequency_counter_0/inst/counter_output[31]_i_2/O
                         net (fo=32, routed)          0.610    14.685    system_i/FrequencyCounter/frequency_counter_0/inst/pulse0_carry_i_8_n_0
    SLICE_X39Y37         LUT5 (Prop_lut5_I1_O)        0.124    14.809 r  system_i/FrequencyCounter/frequency_counter_0/inst/pulse0_carry__1_i_7/O
                         net (fo=1, routed)           0.000    14.809    system_i/FrequencyCounter/frequency_counter_0/inst/pulse0_carry__1_i_7_n_0
    SLICE_X39Y37         CARRY4 (Prop_carry4_S[1]_CO[3])
                                                      0.550    15.359 r  system_i/FrequencyCounter/frequency_counter_0/inst/pulse0_carry__1/CO[3]
                         net (fo=1, routed)           0.000    15.359    system_i/FrequencyCounter/frequency_counter_0/inst/pulse0_carry__1_n_0
    SLICE_X39Y38         CARRY4 (Prop_carry4_CI_CO[3])
                                                      0.114    15.473 f  system_i/FrequencyCounter/frequency_counter_0/inst/pulse0_carry__2/CO[3]
                         net (fo=1, routed)           0.740    16.212    system_i/FrequencyCounter/frequency_counter_0/inst/pulse0
    SLICE_X37Y38         LUT3 (Prop_lut3_I0_O)        0.124    16.336 r  system_i/FrequencyCounter/frequency_counter_0/inst/pulse[0]_i_1/O
                         net (fo=1, routed)           0.000    16.336    system_i/FrequencyCounter/frequency_counter_0/inst/pulse[0]_i_1_n_0
    SLICE_X37Y38         FDRE                                         r  system_i/FrequencyCounter/frequency_counter_0/inst/pulse_reg[0]/D
  -------------------------------------------------------------------    -------------------

                         (clock adc_clk rise edge)    8.000     8.000 r  
    U18                                               0.000     8.000 r  adc_clk_p_i (IN)
                         net (fo=0)                   0.000     8.000    system_i/DataAcquisition/axis_red_pitaya_adc_0/inst/adc_clk_p
    U18                  IBUFDS (Prop_ibufds_I_O)     0.940     8.940 r  system_i/DataAcquisition/axis_red_pitaya_adc_0/inst/adc_clk_inst0/O
                         net (fo=1, routed)           1.880    10.820    system_i/DataAcquisition/axis_red_pitaya_adc_0/inst/int_clk0
    BUFGCTRL_X0Y1        BUFG (Prop_bufg_I_O)         0.092    10.912 r  system_i/DataAcquisition/axis_red_pitaya_adc_0/inst/adc_clk_inst/O
                         net (fo=173, routed)         1.572    12.484    system_i/FrequencyCounter/frequency_counter_0/inst/clk
    SLICE_X37Y38         FDRE                                         r  system_i/FrequencyCounter/frequency_counter_0/inst/pulse_reg[0]/C
                         clock pessimism              0.364    12.848    
                         clock uncertainty           -0.035    12.813    
    SLICE_X37Y38         FDRE (Setup_fdre_C_D)        0.031    12.844    system_i/FrequencyCounter/frequency_counter_0/inst/pulse_reg[0]
  -------------------------------------------------------------------
                         required time                         12.844    
                         arrival time                         -16.336    
  -------------------------------------------------------------------
                         slack                                 -3.493    

Slack (VIOLATED) :        -3.113ns  (required time - arrival time)
  Source:                 system_i/DataAcquisition/axis_red_pitaya_adc_0/inst/int_dat_a_reg_reg[1]/C
                            (rising edge-triggered cell FDRE clocked by adc_clk  {rise@0.000ns fall@4.000ns period=8.000ns})
  Destination:            system_i/FrequencyCounter/frequency_counter_0/inst/clock_counter_reg[29]/D
                            (rising edge-triggered cell FDRE clocked by adc_clk  {rise@0.000ns fall@4.000ns period=8.000ns})
  Path Group:             adc_clk
  Path Type:              Setup (Max at Slow Process Corner)
  Requirement:            8.000ns  (adc_clk rise@8.000ns - adc_clk rise@0.000ns)
  Data Path Delay:        11.057ns  (logic 5.676ns (51.336%)  route 5.381ns (48.664%))
  Logic Levels:           19  (CARRY4=13 LUT2=2 LUT4=1 LUT5=1 LUT6=2)
  Clock Path Skew:        -0.083ns (DCD - SCD + CPR)
    Destination Clock Delay (DCD):    4.484ns = ( 12.484 - 8.000 ) 
    Source Clock Delay      (SCD):    4.932ns
    Clock Pessimism Removal (CPR):    0.364ns
  Clock Uncertainty:      0.035ns  ((TSJ^2 + TIJ^2)^1/2 + DJ) / 2 + PE
    Total System Jitter     (TSJ):    0.071ns
    Total Input Jitter      (TIJ):    0.000ns
    Discrete Jitter          (DJ):    0.000ns
    Phase Error              (PE):    0.000ns

    Location             Delay type                Incr(ns)  Path(ns)    Netlist Resource(s)
  -------------------------------------------------------------------    -------------------
                         (clock adc_clk rise edge)    0.000     0.000 r  
    U18                                               0.000     0.000 r  adc_clk_p_i (IN)
                         net (fo=0)                   0.000     0.000    system_i/DataAcquisition/axis_red_pitaya_adc_0/inst/adc_clk_p
    U18                  IBUFDS (Prop_ibufds_I_O)     0.983     0.983 r  system_i/DataAcquisition/axis_red_pitaya_adc_0/inst/adc_clk_inst0/O
                         net (fo=1, routed)           2.076     3.059    system_i/DataAcquisition/axis_red_pitaya_adc_0/inst/int_clk0
    BUFGCTRL_X0Y1        BUFG (Prop_bufg_I_O)         0.102     3.161 r  system_i/DataAcquisition/axis_red_pitaya_adc_0/inst/adc_clk_inst/O
                         net (fo=173, routed)         1.770     4.932    system_i/DataAcquisition/axis_red_pitaya_adc_0/inst/adc_clk
    ILOGIC_X0Y13         FDRE                                         r  system_i/DataAcquisition/axis_red_pitaya_adc_0/inst/int_dat_a_reg_reg[1]/C
  -------------------------------------------------------------------    -------------------
    ILOGIC_X0Y13         FDRE (Prop_fdre_C_Q)         0.517     5.449 f  system_i/DataAcquisition/axis_red_pitaya_adc_0/inst/int_dat_a_reg_reg[1]/Q
                         net (fo=1, routed)           1.293     6.741    system_i/FrequencyCounter/frequency_counter_0/inst/S_AXIS_IN_tdata[1]
    SLICE_X42Y31         LUT2 (Prop_lut2_I0_O)        0.180     6.921 r  system_i/FrequencyCounter/frequency_counter_0/inst/state_next1_carry_i_1/O
                         net (fo=1, routed)           0.190     7.111    system_i/FrequencyCounter/frequency_counter_0/inst/state_next1_carry_i_1_n_0
    SLICE_X43Y31         CARRY4 (Prop_carry4_CYINIT_CO[3])
                                                      0.580     7.691 r  system_i/FrequencyCounter/frequency_counter_0/inst/state_next1_carry/CO[3]
                         net (fo=1, routed)           0.000     7.691    system_i/FrequencyCounter/frequency_counter_0/inst/state_next1_carry_n_0
    SLICE_X43Y32         CARRY4 (Prop_carry4_CI_CO[1])
                                                      0.157     7.848 r  system_i/FrequencyCounter/frequency_counter_0/inst/state_next1_carry__0/CO[1]
                         net (fo=3, routed)           0.654     8.502    system_i/FrequencyCounter/frequency_counter_0/inst/state_next1_carry__0_n_2
    SLICE_X39Y27         LUT5 (Prop_lut5_I3_O)        0.329     8.831 r  system_i/FrequencyCounter/frequency_counter_0/inst/counter_output_next0_carry_i_6/O
                         net (fo=1, routed)           0.000     8.831    system_i/FrequencyCounter/frequency_counter_0/inst/counter_output_next0_carry_i_6_n_0
    SLICE_X39Y27         CARRY4 (Prop_carry4_S[0]_CO[3])
                                                      0.532     9.363 r  system_i/FrequencyCounter/frequency_counter_0/inst/counter_output_next0_carry_i_1/CO[3]
                         net (fo=1, routed)           0.000     9.363    system_i/FrequencyCounter/frequency_counter_0/inst/counter_output_next0_carry_i_1_n_0
    SLICE_X39Y28         CARRY4 (Prop_carry4_CI_O[1])
                                                      0.334     9.697 r  system_i/FrequencyCounter/frequency_counter_0/inst/counter_output_next0_carry__0_i_1/O[1]
                         net (fo=2, routed)           0.574    10.271    system_i/FrequencyCounter/frequency_counter_0/inst/counter1_output_next[5]
    SLICE_X37Y27         LUT2 (Prop_lut2_I0_O)        0.303    10.574 r  system_i/FrequencyCounter/frequency_counter_0/inst/counter_output_next0_carry__0_i_4/O
                         net (fo=1, routed)           0.000    10.574    system_i/FrequencyCounter/frequency_counter_0/inst/counter_output_next0_carry__0_i_4_n_0
    SLICE_X37Y27         CARRY4 (Prop_carry4_S[1]_O[3])
                                                      0.640    11.214 r  system_i/FrequencyCounter/frequency_counter_0/inst/counter_output_next0_carry__0/O[3]
                         net (fo=2, routed)           1.038    12.252    system_i/FrequencyCounter/frequency_counter_0/inst/counter_output_next[7]
    SLICE_X37Y34         LUT4 (Prop_lut4_I3_O)        0.306    12.558 r  system_i/FrequencyCounter/frequency_counter_0/inst/counter_output[31]_i_7/O
                         net (fo=1, routed)           0.667    13.225    system_i/FrequencyCounter/frequency_counter_0/inst/counter_output[31]_i_7_n_0
    SLICE_X37Y34         LUT6 (Prop_lut6_I0_O)        0.124    13.349 r  system_i/FrequencyCounter/frequency_counter_0/inst/counter_output[31]_i_4/O
                         net (fo=3, routed)           0.965    14.314    system_i/FrequencyCounter/frequency_counter_0/inst/counter_output[31]_i_4_n_0
    SLICE_X36Y31         LUT6 (Prop_lut6_I2_O)        0.124    14.438 r  system_i/FrequencyCounter/frequency_counter_0/inst/clock_counter[3]_i_2_comp/O
                         net (fo=1, routed)           0.000    14.438    system_i/FrequencyCounter/frequency_counter_0/inst/clock_counter[3]_i_2_n_0
    SLICE_X36Y31         CARRY4 (Prop_carry4_S[0]_CO[3])
                                                      0.532    14.970 r  system_i/FrequencyCounter/frequency_counter_0/inst/clock_counter_reg[3]_i_1/CO[3]
                         net (fo=1, routed)           0.000    14.970    system_i/FrequencyCounter/frequency_counter_0/inst/clock_counter_reg[3]_i_1_n_0
    SLICE_X36Y32         CARRY4 (Prop_carry4_CI_CO[3])
                                                      0.114    15.084 r  system_i/FrequencyCounter/frequency_counter_0/inst/clock_counter_reg[7]_i_1/CO[3]
                         net (fo=1, routed)           0.000    15.084    system_i/FrequencyCounter/frequency_counter_0/inst/clock_counter_reg[7]_i_1_n_0
    SLICE_X36Y33         CARRY4 (Prop_carry4_CI_CO[3])
                                                      0.114    15.198 r  system_i/FrequencyCounter/frequency_counter_0/inst/clock_counter_reg[11]_i_1/CO[3]
                         net (fo=1, routed)           0.000    15.198    system_i/FrequencyCounter/frequency_counter_0/inst/clock_counter_reg[11]_i_1_n_0
    SLICE_X36Y34         CARRY4 (Prop_carry4_CI_CO[3])
                                                      0.114    15.312 r  system_i/FrequencyCounter/frequency_counter_0/inst/clock_counter_reg[15]_i_1/CO[3]
                         net (fo=1, routed)           0.000    15.312    system_i/FrequencyCounter/frequency_counter_0/inst/clock_counter_reg[15]_i_1_n_0
    SLICE_X36Y35         CARRY4 (Prop_carry4_CI_CO[3])
                                                      0.114    15.426 r  system_i/FrequencyCounter/frequency_counter_0/inst/clock_counter_reg[19]_i_1/CO[3]
                         net (fo=1, routed)           0.000    15.426    system_i/FrequencyCounter/frequency_counter_0/inst/clock_counter_reg[19]_i_1_n_0
    SLICE_X36Y36         CARRY4 (Prop_carry4_CI_CO[3])
                                                      0.114    15.540 r  system_i/FrequencyCounter/frequency_counter_0/inst/clock_counter_reg[23]_i_1/CO[3]
                         net (fo=1, routed)           0.000    15.540    system_i/FrequencyCounter/frequency_counter_0/inst/clock_counter_reg[23]_i_1_n_0
    SLICE_X36Y37         CARRY4 (Prop_carry4_CI_CO[3])
                                                      0.114    15.654 r  system_i/FrequencyCounter/frequency_counter_0/inst/clock_counter_reg[27]_i_1/CO[3]
                         net (fo=1, routed)           0.000    15.654    system_i/FrequencyCounter/frequency_counter_0/inst/clock_counter_reg[27]_i_1_n_0
    SLICE_X36Y38         CARRY4 (Prop_carry4_CI_O[1])
                                                      0.334    15.988 r  system_i/FrequencyCounter/frequency_counter_0/inst/clock_counter_reg[31]_i_2/O[1]
                         net (fo=1, routed)           0.000    15.988    system_i/FrequencyCounter/frequency_counter_0/inst/clock_counter_reg[31]_i_2_n_6
    SLICE_X36Y38         FDRE                                         r  system_i/FrequencyCounter/frequency_counter_0/inst/clock_counter_reg[29]/D
  -------------------------------------------------------------------    -------------------

                         (clock adc_clk rise edge)    8.000     8.000 r  
    U18                                               0.000     8.000 r  adc_clk_p_i (IN)
                         net (fo=0)                   0.000     8.000    system_i/DataAcquisition/axis_red_pitaya_adc_0/inst/adc_clk_p
    U18                  IBUFDS (Prop_ibufds_I_O)     0.940     8.940 r  system_i/DataAcquisition/axis_red_pitaya_adc_0/inst/adc_clk_inst0/O
                         net (fo=1, routed)           1.880    10.820    system_i/DataAcquisition/axis_red_pitaya_adc_0/inst/int_clk0
    BUFGCTRL_X0Y1        BUFG (Prop_bufg_I_O)         0.092    10.912 r  system_i/DataAcquisition/axis_red_pitaya_adc_0/inst/adc_clk_inst/O
                         net (fo=173, routed)         1.572    12.484    system_i/FrequencyCounter/frequency_counter_0/inst/clk
    SLICE_X36Y38         FDRE                                         r  system_i/FrequencyCounter/frequency_counter_0/inst/clock_counter_reg[29]/C
                         clock pessimism              0.364    12.848    
                         clock uncertainty           -0.035    12.813    
    SLICE_X36Y38         FDRE (Setup_fdre_C_D)        0.062    12.875    system_i/FrequencyCounter/frequency_counter_0/inst/clock_counter_reg[29]
  -------------------------------------------------------------------
                         required time                         12.875    
                         arrival time                         -15.988    
  -------------------------------------------------------------------
                         slack                                 -3.113    

Slack (VIOLATED) :        -3.092ns  (required time - arrival time)
  Source:                 system_i/DataAcquisition/axis_red_pitaya_adc_0/inst/int_dat_a_reg_reg[1]/C
                            (rising edge-triggered cell FDRE clocked by adc_clk  {rise@0.000ns fall@4.000ns period=8.000ns})
  Destination:            system_i/FrequencyCounter/frequency_counter_0/inst/clock_counter_reg[31]/D
                            (rising edge-triggered cell FDRE clocked by adc_clk  {rise@0.000ns fall@4.000ns period=8.000ns})
  Path Group:             adc_clk
  Path Type:              Setup (Max at Slow Process Corner)
  Requirement:            8.000ns  (adc_clk rise@8.000ns - adc_clk rise@0.000ns)
  Data Path Delay:        11.036ns  (logic 5.655ns (51.243%)  route 5.381ns (48.757%))
  Logic Levels:           19  (CARRY4=13 LUT2=2 LUT4=1 LUT5=1 LUT6=2)
  Clock Path Skew:        -0.083ns (DCD - SCD + CPR)
    Destination Clock Delay (DCD):    4.484ns = ( 12.484 - 8.000 ) 
    Source Clock Delay      (SCD):    4.932ns
    Clock Pessimism Removal (CPR):    0.364ns
  Clock Uncertainty:      0.035ns  ((TSJ^2 + TIJ^2)^1/2 + DJ) / 2 + PE
    Total System Jitter     (TSJ):    0.071ns
    Total Input Jitter      (TIJ):    0.000ns
    Discrete Jitter          (DJ):    0.000ns
    Phase Error              (PE):    0.000ns

    Location             Delay type                Incr(ns)  Path(ns)    Netlist Resource(s)
  -------------------------------------------------------------------    -------------------
                         (clock adc_clk rise edge)    0.000     0.000 r  
    U18                                               0.000     0.000 r  adc_clk_p_i (IN)
                         net (fo=0)                   0.000     0.000    system_i/DataAcquisition/axis_red_pitaya_adc_0/inst/adc_clk_p
    U18                  IBUFDS (Prop_ibufds_I_O)     0.983     0.983 r  system_i/DataAcquisition/axis_red_pitaya_adc_0/inst/adc_clk_inst0/O
                         net (fo=1, routed)           2.076     3.059    system_i/DataAcquisition/axis_red_pitaya_adc_0/inst/int_clk0
    BUFGCTRL_X0Y1        BUFG (Prop_bufg_I_O)         0.102     3.161 r  system_i/DataAcquisition/axis_red_pitaya_adc_0/inst/adc_clk_inst/O
                         net (fo=173, routed)         1.770     4.932    system_i/DataAcquisition/axis_red_pitaya_adc_0/inst/adc_clk
    ILOGIC_X0Y13         FDRE                                         r  system_i/DataAcquisition/axis_red_pitaya_adc_0/inst/int_dat_a_reg_reg[1]/C
  -------------------------------------------------------------------    -------------------
    ILOGIC_X0Y13         FDRE (Prop_fdre_C_Q)         0.517     5.449 f  system_i/DataAcquisition/axis_red_pitaya_adc_0/inst/int_dat_a_reg_reg[1]/Q
                         net (fo=1, routed)           1.293     6.741    system_i/FrequencyCounter/frequency_counter_0/inst/S_AXIS_IN_tdata[1]
    SLICE_X42Y31         LUT2 (Prop_lut2_I0_O)        0.180     6.921 r  system_i/FrequencyCounter/frequency_counter_0/inst/state_next1_carry_i_1/O
                         net (fo=1, routed)           0.190     7.111    system_i/FrequencyCounter/frequency_counter_0/inst/state_next1_carry_i_1_n_0
    SLICE_X43Y31         CARRY4 (Prop_carry4_CYINIT_CO[3])
                                                      0.580     7.691 r  system_i/FrequencyCounter/frequency_counter_0/inst/state_next1_carry/CO[3]
                         net (fo=1, routed)           0.000     7.691    system_i/FrequencyCounter/frequency_counter_0/inst/state_next1_carry_n_0
    SLICE_X43Y32         CARRY4 (Prop_carry4_CI_CO[1])
                                                      0.157     7.848 r  system_i/FrequencyCounter/frequency_counter_0/inst/state_next1_carry__0/CO[1]
                         net (fo=3, routed)           0.654     8.502    system_i/FrequencyCounter/frequency_counter_0/inst/state_next1_carry__0_n_2
    SLICE_X39Y27         LUT5 (Prop_lut5_I3_O)        0.329     8.831 r  system_i/FrequencyCounter/frequency_counter_0/inst/counter_output_next0_carry_i_6/O
                         net (fo=1, routed)           0.000     8.831    system_i/FrequencyCounter/frequency_counter_0/inst/counter_output_next0_carry_i_6_n_0
    SLICE_X39Y27         CARRY4 (Prop_carry4_S[0]_CO[3])
                                                      0.532     9.363 r  system_i/FrequencyCounter/frequency_counter_0/inst/counter_output_next0_carry_i_1/CO[3]
                         net (fo=1, routed)           0.000     9.363    system_i/FrequencyCounter/frequency_counter_0/inst/counter_output_next0_carry_i_1_n_0
    SLICE_X39Y28         CARRY4 (Prop_carry4_CI_O[1])
                                                      0.334     9.697 r  system_i/FrequencyCounter/frequency_counter_0/inst/counter_output_next0_carry__0_i_1/O[1]
                         net (fo=2, routed)           0.574    10.271    system_i/FrequencyCounter/frequency_counter_0/inst/counter1_output_next[5]
    SLICE_X37Y27         LUT2 (Prop_lut2_I0_O)        0.303    10.574 r  system_i/FrequencyCounter/frequency_counter_0/inst/counter_output_next0_carry__0_i_4/O
                         net (fo=1, routed)           0.000    10.574    system_i/FrequencyCounter/frequency_counter_0/inst/counter_output_next0_carry__0_i_4_n_0
    SLICE_X37Y27         CARRY4 (Prop_carry4_S[1]_O[3])
                                                      0.640    11.214 r  system_i/FrequencyCounter/frequency_counter_0/inst/counter_output_next0_carry__0/O[3]
                         net (fo=2, routed)           1.038    12.252    system_i/FrequencyCounter/frequency_counter_0/inst/counter_output_next[7]
    SLICE_X37Y34         LUT4 (Prop_lut4_I3_O)        0.306    12.558 r  system_i/FrequencyCounter/frequency_counter_0/inst/counter_output[31]_i_7/O
                         net (fo=1, routed)           0.667    13.225    system_i/FrequencyCounter/frequency_counter_0/inst/counter_output[31]_i_7_n_0
    SLICE_X37Y34         LUT6 (Prop_lut6_I0_O)        0.124    13.349 r  system_i/FrequencyCounter/frequency_counter_0/inst/counter_output[31]_i_4/O
                         net (fo=3, routed)           0.965    14.314    system_i/FrequencyCounter/frequency_counter_0/inst/counter_output[31]_i_4_n_0
    SLICE_X36Y31         LUT6 (Prop_lut6_I2_O)        0.124    14.438 r  system_i/FrequencyCounter/frequency_counter_0/inst/clock_counter[3]_i_2_comp/O
                         net (fo=1, routed)           0.000    14.438    system_i/FrequencyCounter/frequency_counter_0/inst/clock_counter[3]_i_2_n_0
    SLICE_X36Y31         CARRY4 (Prop_carry4_S[0]_CO[3])
                                                      0.532    14.970 r  system_i/FrequencyCounter/frequency_counter_0/inst/clock_counter_reg[3]_i_1/CO[3]
                         net (fo=1, routed)           0.000    14.970    system_i/FrequencyCounter/frequency_counter_0/inst/clock_counter_reg[3]_i_1_n_0
    SLICE_X36Y32         CARRY4 (Prop_carry4_CI_CO[3])
                                                      0.114    15.084 r  system_i/FrequencyCounter/frequency_counter_0/inst/clock_counter_reg[7]_i_1/CO[3]
                         net (fo=1, routed)           0.000    15.084    system_i/FrequencyCounter/frequency_counter_0/inst/clock_counter_reg[7]_i_1_n_0
    SLICE_X36Y33         CARRY4 (Prop_carry4_CI_CO[3])
                                                      0.114    15.198 r  system_i/FrequencyCounter/frequency_counter_0/inst/clock_counter_reg[11]_i_1/CO[3]
                         net (fo=1, routed)           0.000    15.198    system_i/FrequencyCounter/frequency_counter_0/inst/clock_counter_reg[11]_i_1_n_0
    SLICE_X36Y34         CARRY4 (Prop_carry4_CI_CO[3])
                                                      0.114    15.312 r  system_i/FrequencyCounter/frequency_counter_0/inst/clock_counter_reg[15]_i_1/CO[3]
                         net (fo=1, routed)           0.000    15.312    system_i/FrequencyCounter/frequency_counter_0/inst/clock_counter_reg[15]_i_1_n_0
    SLICE_X36Y35         CARRY4 (Prop_carry4_CI_CO[3])
                                                      0.114    15.426 r  system_i/FrequencyCounter/frequency_counter_0/inst/clock_counter_reg[19]_i_1/CO[3]
                         net (fo=1, routed)           0.000    15.426    system_i/FrequencyCounter/frequency_counter_0/inst/clock_counter_reg[19]_i_1_n_0
    SLICE_X36Y36         CARRY4 (Prop_carry4_CI_CO[3])
                                                      0.114    15.540 r  system_i/FrequencyCounter/frequency_counter_0/inst/clock_counter_reg[23]_i_1/CO[3]
                         net (fo=1, routed)           0.000    15.540    system_i/FrequencyCounter/frequency_counter_0/inst/clock_counter_reg[23]_i_1_n_0
    SLICE_X36Y37         CARRY4 (Prop_carry4_CI_CO[3])
                                                      0.114    15.654 r  system_i/FrequencyCounter/frequency_counter_0/inst/clock_counter_reg[27]_i_1/CO[3]
                         net (fo=1, routed)           0.000    15.654    system_i/FrequencyCounter/frequency_counter_0/inst/clock_counter_reg[27]_i_1_n_0
    SLICE_X36Y38         CARRY4 (Prop_carry4_CI_O[3])
                                                      0.313    15.967 r  system_i/FrequencyCounter/frequency_counter_0/inst/clock_counter_reg[31]_i_2/O[3]
                         net (fo=1, routed)           0.000    15.967    system_i/FrequencyCounter/frequency_counter_0/inst/clock_counter_reg[31]_i_2_n_4
    SLICE_X36Y38         FDRE                                         r  system_i/FrequencyCounter/frequency_counter_0/inst/clock_counter_reg[31]/D
  -------------------------------------------------------------------    -------------------

                         (clock adc_clk rise edge)    8.000     8.000 r  
    U18                                               0.000     8.000 r  adc_clk_p_i (IN)
                         net (fo=0)                   0.000     8.000    system_i/DataAcquisition/axis_red_pitaya_adc_0/inst/adc_clk_p
    U18                  IBUFDS (Prop_ibufds_I_O)     0.940     8.940 r  system_i/DataAcquisition/axis_red_pitaya_adc_0/inst/adc_clk_inst0/O
                         net (fo=1, routed)           1.880    10.820    system_i/DataAcquisition/axis_red_pitaya_adc_0/inst/int_clk0
    BUFGCTRL_X0Y1        BUFG (Prop_bufg_I_O)         0.092    10.912 r  system_i/DataAcquisition/axis_red_pitaya_adc_0/inst/adc_clk_inst/O
                         net (fo=173, routed)         1.572    12.484    system_i/FrequencyCounter/frequency_counter_0/inst/clk
    SLICE_X36Y38         FDRE                                         r  system_i/FrequencyCounter/frequency_counter_0/inst/clock_counter_reg[31]/C
                         clock pessimism              0.364    12.848    
                         clock uncertainty           -0.035    12.813    
    SLICE_X36Y38         FDRE (Setup_fdre_C_D)        0.062    12.875    system_i/FrequencyCounter/frequency_counter_0/inst/clock_counter_reg[31]
  -------------------------------------------------------------------
                         required time                         12.875    
                         arrival time                         -15.967    
  -------------------------------------------------------------------
                         slack                                 -3.092    

Slack (VIOLATED) :        -3.018ns  (required time - arrival time)
  Source:                 system_i/DataAcquisition/axis_red_pitaya_adc_0/inst/int_dat_a_reg_reg[1]/C
                            (rising edge-triggered cell FDRE clocked by adc_clk  {rise@0.000ns fall@4.000ns period=8.000ns})
  Destination:            system_i/FrequencyCounter/frequency_counter_0/inst/clock_counter_reg[30]/D
                            (rising edge-triggered cell FDRE clocked by adc_clk  {rise@0.000ns fall@4.000ns period=8.000ns})
  Path Group:             adc_clk
  Path Type:              Setup (Max at Slow Process Corner)
  Requirement:            8.000ns  (adc_clk rise@8.000ns - adc_clk rise@0.000ns)
  Data Path Delay:        10.962ns  (logic 5.581ns (50.914%)  route 5.381ns (49.086%))
  Logic Levels:           19  (CARRY4=13 LUT2=2 LUT4=1 LUT5=1 LUT6=2)
  Clock Path Skew:        -0.083ns (DCD - SCD + CPR)
    Destination Clock Delay (DCD):    4.484ns = ( 12.484 - 8.000 ) 
    Source Clock Delay      (SCD):    4.932ns
    Clock Pessimism Removal (CPR):    0.364ns
  Clock Uncertainty:      0.035ns  ((TSJ^2 + TIJ^2)^1/2 + DJ) / 2 + PE
    Total System Jitter     (TSJ):    0.071ns
    Total Input Jitter      (TIJ):    0.000ns
    Discrete Jitter          (DJ):    0.000ns
    Phase Error              (PE):    0.000ns

    Location             Delay type                Incr(ns)  Path(ns)    Netlist Resource(s)
  -------------------------------------------------------------------    -------------------
                         (clock adc_clk rise edge)    0.000     0.000 r  
    U18                                               0.000     0.000 r  adc_clk_p_i (IN)
                         net (fo=0)                   0.000     0.000    system_i/DataAcquisition/axis_red_pitaya_adc_0/inst/adc_clk_p
    U18                  IBUFDS (Prop_ibufds_I_O)     0.983     0.983 r  system_i/DataAcquisition/axis_red_pitaya_adc_0/inst/adc_clk_inst0/O
                         net (fo=1, routed)           2.076     3.059    system_i/DataAcquisition/axis_red_pitaya_adc_0/inst/int_clk0
    BUFGCTRL_X0Y1        BUFG (Prop_bufg_I_O)         0.102     3.161 r  system_i/DataAcquisition/axis_red_pitaya_adc_0/inst/adc_clk_inst/O
                         net (fo=173, routed)         1.770     4.932    system_i/DataAcquisition/axis_red_pitaya_adc_0/inst/adc_clk
    ILOGIC_X0Y13         FDRE                                         r  system_i/DataAcquisition/axis_red_pitaya_adc_0/inst/int_dat_a_reg_reg[1]/C
  -------------------------------------------------------------------    -------------------
    ILOGIC_X0Y13         FDRE (Prop_fdre_C_Q)         0.517     5.449 f  system_i/DataAcquisition/axis_red_pitaya_adc_0/inst/int_dat_a_reg_reg[1]/Q
                         net (fo=1, routed)           1.293     6.741    system_i/FrequencyCounter/frequency_counter_0/inst/S_AXIS_IN_tdata[1]
    SLICE_X42Y31         LUT2 (Prop_lut2_I0_O)        0.180     6.921 r  system_i/FrequencyCounter/frequency_counter_0/inst/state_next1_carry_i_1/O
                         net (fo=1, routed)           0.190     7.111    system_i/FrequencyCounter/frequency_counter_0/inst/state_next1_carry_i_1_n_0
    SLICE_X43Y31         CARRY4 (Prop_carry4_CYINIT_CO[3])
                                                      0.580     7.691 r  system_i/FrequencyCounter/frequency_counter_0/inst/state_next1_carry/CO[3]
                         net (fo=1, routed)           0.000     7.691    system_i/FrequencyCounter/frequency_counter_0/inst/state_next1_carry_n_0
    SLICE_X43Y32         CARRY4 (Prop_carry4_CI_CO[1])
                                                      0.157     7.848 r  system_i/FrequencyCounter/frequency_counter_0/inst/state_next1_carry__0/CO[1]
                         net (fo=3, routed)           0.654     8.502    system_i/FrequencyCounter/frequency_counter_0/inst/state_next1_carry__0_n_2
    SLICE_X39Y27         LUT5 (Prop_lut5_I3_O)        0.329     8.831 r  system_i/FrequencyCounter/frequency_counter_0/inst/counter_output_next0_carry_i_6/O
                         net (fo=1, routed)           0.000     8.831    system_i/FrequencyCounter/frequency_counter_0/inst/counter_output_next0_carry_i_6_n_0
    SLICE_X39Y27         CARRY4 (Prop_carry4_S[0]_CO[3])
                                                      0.532     9.363 r  system_i/FrequencyCounter/frequency_counter_0/inst/counter_output_next0_carry_i_1/CO[3]
                         net (fo=1, routed)           0.000     9.363    system_i/FrequencyCounter/frequency_counter_0/inst/counter_output_next0_carry_i_1_n_0
    SLICE_X39Y28         CARRY4 (Prop_carry4_CI_O[1])
                                                      0.334     9.697 r  system_i/FrequencyCounter/frequency_counter_0/inst/counter_output_next0_carry__0_i_1/O[1]
                         net (fo=2, routed)           0.574    10.271    system_i/FrequencyCounter/frequency_counter_0/inst/counter1_output_next[5]
    SLICE_X37Y27         LUT2 (Prop_lut2_I0_O)        0.303    10.574 r  system_i/FrequencyCounter/frequency_counter_0/inst/counter_output_next0_carry__0_i_4/O
                         net (fo=1, routed)           0.000    10.574    system_i/FrequencyCounter/frequency_counter_0/inst/counter_output_next0_carry__0_i_4_n_0
    SLICE_X37Y27         CARRY4 (Prop_carry4_S[1]_O[3])
                                                      0.640    11.214 r  system_i/FrequencyCounter/frequency_counter_0/inst/counter_output_next0_carry__0/O[3]
                         net (fo=2, routed)           1.038    12.252    system_i/FrequencyCounter/frequency_counter_0/inst/counter_output_next[7]
    SLICE_X37Y34         LUT4 (Prop_lut4_I3_O)        0.306    12.558 r  system_i/FrequencyCounter/frequency_counter_0/inst/counter_output[31]_i_7/O
                         net (fo=1, routed)           0.667    13.225    system_i/FrequencyCounter/frequency_counter_0/inst/counter_output[31]_i_7_n_0
    SLICE_X37Y34         LUT6 (Prop_lut6_I0_O)        0.124    13.349 r  system_i/FrequencyCounter/frequency_counter_0/inst/counter_output[31]_i_4/O
                         net (fo=3, routed)           0.965    14.314    system_i/FrequencyCounter/frequency_counter_0/inst/counter_output[31]_i_4_n_0
    SLICE_X36Y31         LUT6 (Prop_lut6_I2_O)        0.124    14.438 r  system_i/FrequencyCounter/frequency_counter_0/inst/clock_counter[3]_i_2_comp/O
                         net (fo=1, routed)           0.000    14.438    system_i/FrequencyCounter/frequency_counter_0/inst/clock_counter[3]_i_2_n_0
    SLICE_X36Y31         CARRY4 (Prop_carry4_S[0]_CO[3])
                                                      0.532    14.970 r  system_i/FrequencyCounter/frequency_counter_0/inst/clock_counter_reg[3]_i_1/CO[3]
                         net (fo=1, routed)           0.000    14.970    system_i/FrequencyCounter/frequency_counter_0/inst/clock_counter_reg[3]_i_1_n_0
    SLICE_X36Y32         CARRY4 (Prop_carry4_CI_CO[3])
                                                      0.114    15.084 r  system_i/FrequencyCounter/frequency_counter_0/inst/clock_counter_reg[7]_i_1/CO[3]
                         net (fo=1, routed)           0.000    15.084    system_i/FrequencyCounter/frequency_counter_0/inst/clock_counter_reg[7]_i_1_n_0
    SLICE_X36Y33         CARRY4 (Prop_carry4_CI_CO[3])
                                                      0.114    15.198 r  system_i/FrequencyCounter/frequency_counter_0/inst/clock_counter_reg[11]_i_1/CO[3]
                         net (fo=1, routed)           0.000    15.198    system_i/FrequencyCounter/frequency_counter_0/inst/clock_counter_reg[11]_i_1_n_0
    SLICE_X36Y34         CARRY4 (Prop_carry4_CI_CO[3])
                                                      0.114    15.312 r  system_i/FrequencyCounter/frequency_counter_0/inst/clock_counter_reg[15]_i_1/CO[3]
                         net (fo=1, routed)           0.000    15.312    system_i/FrequencyCounter/frequency_counter_0/inst/clock_counter_reg[15]_i_1_n_0
    SLICE_X36Y35         CARRY4 (Prop_carry4_CI_CO[3])
                                                      0.114    15.426 r  system_i/FrequencyCounter/frequency_counter_0/inst/clock_counter_reg[19]_i_1/CO[3]
                         net (fo=1, routed)           0.000    15.426    system_i/FrequencyCounter/frequency_counter_0/inst/clock_counter_reg[19]_i_1_n_0
    SLICE_X36Y36         CARRY4 (Prop_carry4_CI_CO[3])
                                                      0.114    15.540 r  system_i/FrequencyCounter/frequency_counter_0/inst/clock_counter_reg[23]_i_1/CO[3]
                         net (fo=1, routed)           0.000    15.540    system_i/FrequencyCounter/frequency_counter_0/inst/clock_counter_reg[23]_i_1_n_0
    SLICE_X36Y37         CARRY4 (Prop_carry4_CI_CO[3])
                                                      0.114    15.654 r  system_i/FrequencyCounter/frequency_counter_0/inst/clock_counter_reg[27]_i_1/CO[3]
                         net (fo=1, routed)           0.000    15.654    system_i/FrequencyCounter/frequency_counter_0/inst/clock_counter_reg[27]_i_1_n_0
    SLICE_X36Y38         CARRY4 (Prop_carry4_CI_O[2])
                                                      0.239    15.893 r  system_i/FrequencyCounter/frequency_counter_0/inst/clock_counter_reg[31]_i_2/O[2]
                         net (fo=1, routed)           0.000    15.893    system_i/FrequencyCounter/frequency_counter_0/inst/clock_counter_reg[31]_i_2_n_5
    SLICE_X36Y38         FDRE                                         r  system_i/FrequencyCounter/frequency_counter_0/inst/clock_counter_reg[30]/D
  -------------------------------------------------------------------    -------------------

                         (clock adc_clk rise edge)    8.000     8.000 r  
    U18                                               0.000     8.000 r  adc_clk_p_i (IN)
                         net (fo=0)                   0.000     8.000    system_i/DataAcquisition/axis_red_pitaya_adc_0/inst/adc_clk_p
    U18                  IBUFDS (Prop_ibufds_I_O)     0.940     8.940 r  system_i/DataAcquisition/axis_red_pitaya_adc_0/inst/adc_clk_inst0/O
                         net (fo=1, routed)           1.880    10.820    system_i/DataAcquisition/axis_red_pitaya_adc_0/inst/int_clk0
    BUFGCTRL_X0Y1        BUFG (Prop_bufg_I_O)         0.092    10.912 r  system_i/DataAcquisition/axis_red_pitaya_adc_0/inst/adc_clk_inst/O
                         net (fo=173, routed)         1.572    12.484    system_i/FrequencyCounter/frequency_counter_0/inst/clk
    SLICE_X36Y38         FDRE                                         r  system_i/FrequencyCounter/frequency_counter_0/inst/clock_counter_reg[30]/C
                         clock pessimism              0.364    12.848    
                         clock uncertainty           -0.035    12.813    
    SLICE_X36Y38         FDRE (Setup_fdre_C_D)        0.062    12.875    system_i/FrequencyCounter/frequency_counter_0/inst/clock_counter_reg[30]
  -------------------------------------------------------------------
                         required time                         12.875    
                         arrival time                         -15.893    
  -------------------------------------------------------------------
                         slack                                 -3.018    

Slack (VIOLATED) :        -3.002ns  (required time - arrival time)
  Source:                 system_i/DataAcquisition/axis_red_pitaya_adc_0/inst/int_dat_a_reg_reg[1]/C
                            (rising edge-triggered cell FDRE clocked by adc_clk  {rise@0.000ns fall@4.000ns period=8.000ns})
  Destination:            system_i/FrequencyCounter/frequency_counter_0/inst/clock_counter_reg[28]/D
                            (rising edge-triggered cell FDRE clocked by adc_clk  {rise@0.000ns fall@4.000ns period=8.000ns})
  Path Group:             adc_clk
  Path Type:              Setup (Max at Slow Process Corner)
  Requirement:            8.000ns  (adc_clk rise@8.000ns - adc_clk rise@0.000ns)
  Data Path Delay:        10.946ns  (logic 5.565ns (50.842%)  route 5.381ns (49.158%))
  Logic Levels:           19  (CARRY4=13 LUT2=2 LUT4=1 LUT5=1 LUT6=2)
  Clock Path Skew:        -0.083ns (DCD - SCD + CPR)
    Destination Clock Delay (DCD):    4.484ns = ( 12.484 - 8.000 ) 
    Source Clock Delay      (SCD):    4.932ns
    Clock Pessimism Removal (CPR):    0.364ns
  Clock Uncertainty:      0.035ns  ((TSJ^2 + TIJ^2)^1/2 + DJ) / 2 + PE
    Total System Jitter     (TSJ):    0.071ns
    Total Input Jitter      (TIJ):    0.000ns
    Discrete Jitter          (DJ):    0.000ns
    Phase Error              (PE):    0.000ns

    Location             Delay type                Incr(ns)  Path(ns)    Netlist Resource(s)
  -------------------------------------------------------------------    -------------------
                         (clock adc_clk rise edge)    0.000     0.000 r  
    U18                                               0.000     0.000 r  adc_clk_p_i (IN)
                         net (fo=0)                   0.000     0.000    system_i/DataAcquisition/axis_red_pitaya_adc_0/inst/adc_clk_p
    U18                  IBUFDS (Prop_ibufds_I_O)     0.983     0.983 r  system_i/DataAcquisition/axis_red_pitaya_adc_0/inst/adc_clk_inst0/O
                         net (fo=1, routed)           2.076     3.059    system_i/DataAcquisition/axis_red_pitaya_adc_0/inst/int_clk0
    BUFGCTRL_X0Y1        BUFG (Prop_bufg_I_O)         0.102     3.161 r  system_i/DataAcquisition/axis_red_pitaya_adc_0/inst/adc_clk_inst/O
                         net (fo=173, routed)         1.770     4.932    system_i/DataAcquisition/axis_red_pitaya_adc_0/inst/adc_clk
    ILOGIC_X0Y13         FDRE                                         r  system_i/DataAcquisition/axis_red_pitaya_adc_0/inst/int_dat_a_reg_reg[1]/C
  -------------------------------------------------------------------    -------------------
    ILOGIC_X0Y13         FDRE (Prop_fdre_C_Q)         0.517     5.449 f  system_i/DataAcquisition/axis_red_pitaya_adc_0/inst/int_dat_a_reg_reg[1]/Q
                         net (fo=1, routed)           1.293     6.741    system_i/FrequencyCounter/frequency_counter_0/inst/S_AXIS_IN_tdata[1]
    SLICE_X42Y31         LUT2 (Prop_lut2_I0_O)        0.180     6.921 r  system_i/FrequencyCounter/frequency_counter_0/inst/state_next1_carry_i_1/O
                         net (fo=1, routed)           0.190     7.111    system_i/FrequencyCounter/frequency_counter_0/inst/state_next1_carry_i_1_n_0
    SLICE_X43Y31         CARRY4 (Prop_carry4_CYINIT_CO[3])
                                                      0.580     7.691 r  system_i/FrequencyCounter/frequency_counter_0/inst/state_next1_carry/CO[3]
                         net (fo=1, routed)           0.000     7.691    system_i/FrequencyCounter/frequency_counter_0/inst/state_next1_carry_n_0
    SLICE_X43Y32         CARRY4 (Prop_carry4_CI_CO[1])
                                                      0.157     7.848 r  system_i/FrequencyCounter/frequency_counter_0/inst/state_next1_carry__0/CO[1]
                         net (fo=3, routed)           0.654     8.502    system_i/FrequencyCounter/frequency_counter_0/inst/state_next1_carry__0_n_2
    SLICE_X39Y27         LUT5 (Prop_lut5_I3_O)        0.329     8.831 r  system_i/FrequencyCounter/frequency_counter_0/inst/counter_output_next0_carry_i_6/O
                         net (fo=1, routed)           0.000     8.831    system_i/FrequencyCounter/frequency_counter_0/inst/counter_output_next0_carry_i_6_n_0
    SLICE_X39Y27         CARRY4 (Prop_carry4_S[0]_CO[3])
                                                      0.532     9.363 r  system_i/FrequencyCounter/frequency_counter_0/inst/counter_output_next0_carry_i_1/CO[3]
                         net (fo=1, routed)           0.000     9.363    system_i/FrequencyCounter/frequency_counter_0/inst/counter_output_next0_carry_i_1_n_0
    SLICE_X39Y28         CARRY4 (Prop_carry4_CI_O[1])
                                                      0.334     9.697 r  system_i/FrequencyCounter/frequency_counter_0/inst/counter_output_next0_carry__0_i_1/O[1]
                         net (fo=2, routed)           0.574    10.271    system_i/FrequencyCounter/frequency_counter_0/inst/counter1_output_next[5]
    SLICE_X37Y27         LUT2 (Prop_lut2_I0_O)        0.303    10.574 r  system_i/FrequencyCounter/frequency_counter_0/inst/counter_output_next0_carry__0_i_4/O
                         net (fo=1, routed)           0.000    10.574    system_i/FrequencyCounter/frequency_counter_0/inst/counter_output_next0_carry__0_i_4_n_0
    SLICE_X37Y27         CARRY4 (Prop_carry4_S[1]_O[3])
                                                      0.640    11.214 r  system_i/FrequencyCounter/frequency_counter_0/inst/counter_output_next0_carry__0/O[3]
                         net (fo=2, routed)           1.038    12.252    system_i/FrequencyCounter/frequency_counter_0/inst/counter_output_next[7]
    SLICE_X37Y34         LUT4 (Prop_lut4_I3_O)        0.306    12.558 r  system_i/FrequencyCounter/frequency_counter_0/inst/counter_output[31]_i_7/O
                         net (fo=1, routed)           0.667    13.225    system_i/FrequencyCounter/frequency_counter_0/inst/counter_output[31]_i_7_n_0
    SLICE_X37Y34         LUT6 (Prop_lut6_I0_O)        0.124    13.349 r  system_i/FrequencyCounter/frequency_counter_0/inst/counter_output[31]_i_4/O
                         net (fo=3, routed)           0.965    14.314    system_i/FrequencyCounter/frequency_counter_0/inst/counter_output[31]_i_4_n_0
    SLICE_X36Y31         LUT6 (Prop_lut6_I2_O)        0.124    14.438 r  system_i/FrequencyCounter/frequency_counter_0/inst/clock_counter[3]_i_2_comp/O
                         net (fo=1, routed)           0.000    14.438    system_i/FrequencyCounter/frequency_counter_0/inst/clock_counter[3]_i_2_n_0
    SLICE_X36Y31         CARRY4 (Prop_carry4_S[0]_CO[3])
                                                      0.532    14.970 r  system_i/FrequencyCounter/frequency_counter_0/inst/clock_counter_reg[3]_i_1/CO[3]
                         net (fo=1, routed)           0.000    14.970    system_i/FrequencyCounter/frequency_counter_0/inst/clock_counter_reg[3]_i_1_n_0
    SLICE_X36Y32         CARRY4 (Prop_carry4_CI_CO[3])
                                                      0.114    15.084 r  system_i/FrequencyCounter/frequency_counter_0/inst/clock_counter_reg[7]_i_1/CO[3]
                         net (fo=1, routed)           0.000    15.084    system_i/FrequencyCounter/frequency_counter_0/inst/clock_counter_reg[7]_i_1_n_0
    SLICE_X36Y33         CARRY4 (Prop_carry4_CI_CO[3])
                                                      0.114    15.198 r  system_i/FrequencyCounter/frequency_counter_0/inst/clock_counter_reg[11]_i_1/CO[3]
                         net (fo=1, routed)           0.000    15.198    system_i/FrequencyCounter/frequency_counter_0/inst/clock_counter_reg[11]_i_1_n_0
    SLICE_X36Y34         CARRY4 (Prop_carry4_CI_CO[3])
                                                      0.114    15.312 r  system_i/FrequencyCounter/frequency_counter_0/inst/clock_counter_reg[15]_i_1/CO[3]
                         net (fo=1, routed)           0.000    15.312    system_i/FrequencyCounter/frequency_counter_0/inst/clock_counter_reg[15]_i_1_n_0
    SLICE_X36Y35         CARRY4 (Prop_carry4_CI_CO[3])
                                                      0.114    15.426 r  system_i/FrequencyCounter/frequency_counter_0/inst/clock_counter_reg[19]_i_1/CO[3]
                         net (fo=1, routed)           0.000    15.426    system_i/FrequencyCounter/frequency_counter_0/inst/clock_counter_reg[19]_i_1_n_0
    SLICE_X36Y36         CARRY4 (Prop_carry4_CI_CO[3])
                                                      0.114    15.540 r  system_i/FrequencyCounter/frequency_counter_0/inst/clock_counter_reg[23]_i_1/CO[3]
                         net (fo=1, routed)           0.000    15.540    system_i/FrequencyCounter/frequency_counter_0/inst/clock_counter_reg[23]_i_1_n_0
    SLICE_X36Y37         CARRY4 (Prop_carry4_CI_CO[3])
                                                      0.114    15.654 r  system_i/FrequencyCounter/frequency_counter_0/inst/clock_counter_reg[27]_i_1/CO[3]
                         net (fo=1, routed)           0.000    15.654    system_i/FrequencyCounter/frequency_counter_0/inst/clock_counter_reg[27]_i_1_n_0
    SLICE_X36Y38         CARRY4 (Prop_carry4_CI_O[0])
                                                      0.223    15.877 r  system_i/FrequencyCounter/frequency_counter_0/inst/clock_counter_reg[31]_i_2/O[0]
                         net (fo=1, routed)           0.000    15.877    system_i/FrequencyCounter/frequency_counter_0/inst/clock_counter_reg[31]_i_2_n_7
    SLICE_X36Y38         FDRE                                         r  system_i/FrequencyCounter/frequency_counter_0/inst/clock_counter_reg[28]/D
  -------------------------------------------------------------------    -------------------

                         (clock adc_clk rise edge)    8.000     8.000 r  
    U18                                               0.000     8.000 r  adc_clk_p_i (IN)
                         net (fo=0)                   0.000     8.000    system_i/DataAcquisition/axis_red_pitaya_adc_0/inst/adc_clk_p
    U18                  IBUFDS (Prop_ibufds_I_O)     0.940     8.940 r  system_i/DataAcquisition/axis_red_pitaya_adc_0/inst/adc_clk_inst0/O
                         net (fo=1, routed)           1.880    10.820    system_i/DataAcquisition/axis_red_pitaya_adc_0/inst/int_clk0
    BUFGCTRL_X0Y1        BUFG (Prop_bufg_I_O)         0.092    10.912 r  system_i/DataAcquisition/axis_red_pitaya_adc_0/inst/adc_clk_inst/O
                         net (fo=173, routed)         1.572    12.484    system_i/FrequencyCounter/frequency_counter_0/inst/clk
    SLICE_X36Y38         FDRE                                         r  system_i/FrequencyCounter/frequency_counter_0/inst/clock_counter_reg[28]/C
                         clock pessimism              0.364    12.848    
                         clock uncertainty           -0.035    12.813    
    SLICE_X36Y38         FDRE (Setup_fdre_C_D)        0.062    12.875    system_i/FrequencyCounter/frequency_counter_0/inst/clock_counter_reg[28]
  -------------------------------------------------------------------
                         required time                         12.875    
                         arrival time                         -15.877    
  -------------------------------------------------------------------
                         slack                                 -3.002    

Slack (VIOLATED) :        -3.000ns  (required time - arrival time)
  Source:                 system_i/DataAcquisition/axis_red_pitaya_adc_0/inst/int_dat_a_reg_reg[1]/C
                            (rising edge-triggered cell FDRE clocked by adc_clk  {rise@0.000ns fall@4.000ns period=8.000ns})
  Destination:            system_i/FrequencyCounter/frequency_counter_0/inst/clock_counter_reg[25]/D
                            (rising edge-triggered cell FDRE clocked by adc_clk  {rise@0.000ns fall@4.000ns period=8.000ns})
  Path Group:             adc_clk
  Path Type:              Setup (Max at Slow Process Corner)
  Requirement:            8.000ns  (adc_clk rise@8.000ns - adc_clk rise@0.000ns)
  Data Path Delay:        10.943ns  (logic 5.562ns (50.829%)  route 5.381ns (49.171%))
  Logic Levels:           18  (CARRY4=12 LUT2=2 LUT4=1 LUT5=1 LUT6=2)
  Clock Path Skew:        -0.084ns (DCD - SCD + CPR)
    Destination Clock Delay (DCD):    4.483ns = ( 12.483 - 8.000 ) 
    Source Clock Delay      (SCD):    4.932ns
    Clock Pessimism Removal (CPR):    0.364ns
  Clock Uncertainty:      0.035ns  ((TSJ^2 + TIJ^2)^1/2 + DJ) / 2 + PE
    Total System Jitter     (TSJ):    0.071ns
    Total Input Jitter      (TIJ):    0.000ns
    Discrete Jitter          (DJ):    0.000ns
    Phase Error              (PE):    0.000ns

    Location             Delay type                Incr(ns)  Path(ns)    Netlist Resource(s)
  -------------------------------------------------------------------    -------------------
                         (clock adc_clk rise edge)    0.000     0.000 r  
    U18                                               0.000     0.000 r  adc_clk_p_i (IN)
                         net (fo=0)                   0.000     0.000    system_i/DataAcquisition/axis_red_pitaya_adc_0/inst/adc_clk_p
    U18                  IBUFDS (Prop_ibufds_I_O)     0.983     0.983 r  system_i/DataAcquisition/axis_red_pitaya_adc_0/inst/adc_clk_inst0/O
                         net (fo=1, routed)           2.076     3.059    system_i/DataAcquisition/axis_red_pitaya_adc_0/inst/int_clk0
    BUFGCTRL_X0Y1        BUFG (Prop_bufg_I_O)         0.102     3.161 r  system_i/DataAcquisition/axis_red_pitaya_adc_0/inst/adc_clk_inst/O
                         net (fo=173, routed)         1.770     4.932    system_i/DataAcquisition/axis_red_pitaya_adc_0/inst/adc_clk
    ILOGIC_X0Y13         FDRE                                         r  system_i/DataAcquisition/axis_red_pitaya_adc_0/inst/int_dat_a_reg_reg[1]/C
  -------------------------------------------------------------------    -------------------
    ILOGIC_X0Y13         FDRE (Prop_fdre_C_Q)         0.517     5.449 f  system_i/DataAcquisition/axis_red_pitaya_adc_0/inst/int_dat_a_reg_reg[1]/Q
                         net (fo=1, routed)           1.293     6.741    system_i/FrequencyCounter/frequency_counter_0/inst/S_AXIS_IN_tdata[1]
    SLICE_X42Y31         LUT2 (Prop_lut2_I0_O)        0.180     6.921 r  system_i/FrequencyCounter/frequency_counter_0/inst/state_next1_carry_i_1/O
                         net (fo=1, routed)           0.190     7.111    system_i/FrequencyCounter/frequency_counter_0/inst/state_next1_carry_i_1_n_0
    SLICE_X43Y31         CARRY4 (Prop_carry4_CYINIT_CO[3])
                                                      0.580     7.691 r  system_i/FrequencyCounter/frequency_counter_0/inst/state_next1_carry/CO[3]
                         net (fo=1, routed)           0.000     7.691    system_i/FrequencyCounter/frequency_counter_0/inst/state_next1_carry_n_0
    SLICE_X43Y32         CARRY4 (Prop_carry4_CI_CO[1])
                                                      0.157     7.848 r  system_i/FrequencyCounter/frequency_counter_0/inst/state_next1_carry__0/CO[1]
                         net (fo=3, routed)           0.654     8.502    system_i/FrequencyCounter/frequency_counter_0/inst/state_next1_carry__0_n_2
    SLICE_X39Y27         LUT5 (Prop_lut5_I3_O)        0.329     8.831 r  system_i/FrequencyCounter/frequency_counter_0/inst/counter_output_next0_carry_i_6/O
                         net (fo=1, routed)           0.000     8.831    system_i/FrequencyCounter/frequency_counter_0/inst/counter_output_next0_carry_i_6_n_0
    SLICE_X39Y27         CARRY4 (Prop_carry4_S[0]_CO[3])
                                                      0.532     9.363 r  system_i/FrequencyCounter/frequency_counter_0/inst/counter_output_next0_carry_i_1/CO[3]
                         net (fo=1, routed)           0.000     9.363    system_i/FrequencyCounter/frequency_counter_0/inst/counter_output_next0_carry_i_1_n_0
    SLICE_X39Y28         CARRY4 (Prop_carry4_CI_O[1])
                                                      0.334     9.697 r  system_i/FrequencyCounter/frequency_counter_0/inst/counter_output_next0_carry__0_i_1/O[1]
                         net (fo=2, routed)           0.574    10.271    system_i/FrequencyCounter/frequency_counter_0/inst/counter1_output_next[5]
    SLICE_X37Y27         LUT2 (Prop_lut2_I0_O)        0.303    10.574 r  system_i/FrequencyCounter/frequency_counter_0/inst/counter_output_next0_carry__0_i_4/O
                         net (fo=1, routed)           0.000    10.574    system_i/FrequencyCounter/frequency_counter_0/inst/counter_output_next0_carry__0_i_4_n_0
    SLICE_X37Y27         CARRY4 (Prop_carry4_S[1]_O[3])
                                                      0.640    11.214 r  system_i/FrequencyCounter/frequency_counter_0/inst/counter_output_next0_carry__0/O[3]
                         net (fo=2, routed)           1.038    12.252    system_i/FrequencyCounter/frequency_counter_0/inst/counter_output_next[7]
    SLICE_X37Y34         LUT4 (Prop_lut4_I3_O)        0.306    12.558 r  system_i/FrequencyCounter/frequency_counter_0/inst/counter_output[31]_i_7/O
                         net (fo=1, routed)           0.667    13.225    system_i/FrequencyCounter/frequency_counter_0/inst/counter_output[31]_i_7_n_0
    SLICE_X37Y34         LUT6 (Prop_lut6_I0_O)        0.124    13.349 r  system_i/FrequencyCounter/frequency_counter_0/inst/counter_output[31]_i_4/O
                         net (fo=3, routed)           0.965    14.314    system_i/FrequencyCounter/frequency_counter_0/inst/counter_output[31]_i_4_n_0
    SLICE_X36Y31         LUT6 (Prop_lut6_I2_O)        0.124    14.438 r  system_i/FrequencyCounter/frequency_counter_0/inst/clock_counter[3]_i_2_comp/O
                         net (fo=1, routed)           0.000    14.438    system_i/FrequencyCounter/frequency_counter_0/inst/clock_counter[3]_i_2_n_0
    SLICE_X36Y31         CARRY4 (Prop_carry4_S[0]_CO[3])
                                                      0.532    14.970 r  system_i/FrequencyCounter/frequency_counter_0/inst/clock_counter_reg[3]_i_1/CO[3]
                         net (fo=1, routed)           0.000    14.970    system_i/FrequencyCounter/frequency_counter_0/inst/clock_counter_reg[3]_i_1_n_0
    SLICE_X36Y32         CARRY4 (Prop_carry4_CI_CO[3])
                                                      0.114    15.084 r  system_i/FrequencyCounter/frequency_counter_0/inst/clock_counter_reg[7]_i_1/CO[3]
                         net (fo=1, routed)           0.000    15.084    system_i/FrequencyCounter/frequency_counter_0/inst/clock_counter_reg[7]_i_1_n_0
    SLICE_X36Y33         CARRY4 (Prop_carry4_CI_CO[3])
                                                      0.114    15.198 r  system_i/FrequencyCounter/frequency_counter_0/inst/clock_counter_reg[11]_i_1/CO[3]
                         net (fo=1, routed)           0.000    15.198    system_i/FrequencyCounter/frequency_counter_0/inst/clock_counter_reg[11]_i_1_n_0
    SLICE_X36Y34         CARRY4 (Prop_carry4_CI_CO[3])
                                                      0.114    15.312 r  system_i/FrequencyCounter/frequency_counter_0/inst/clock_counter_reg[15]_i_1/CO[3]
                         net (fo=1, routed)           0.000    15.312    system_i/FrequencyCounter/frequency_counter_0/inst/clock_counter_reg[15]_i_1_n_0
    SLICE_X36Y35         CARRY4 (Prop_carry4_CI_CO[3])
                                                      0.114    15.426 r  system_i/FrequencyCounter/frequency_counter_0/inst/clock_counter_reg[19]_i_1/CO[3]
                         net (fo=1, routed)           0.000    15.426    system_i/FrequencyCounter/frequency_counter_0/inst/clock_counter_reg[19]_i_1_n_0
    SLICE_X36Y36         CARRY4 (Prop_carry4_CI_CO[3])
                                                      0.114    15.540 r  system_i/FrequencyCounter/frequency_counter_0/inst/clock_counter_reg[23]_i_1/CO[3]
                         net (fo=1, routed)           0.000    15.540    system_i/FrequencyCounter/frequency_counter_0/inst/clock_counter_reg[23]_i_1_n_0
    SLICE_X36Y37         CARRY4 (Prop_carry4_CI_O[1])
                                                      0.334    15.874 r  system_i/FrequencyCounter/frequency_counter_0/inst/clock_counter_reg[27]_i_1/O[1]
                         net (fo=1, routed)           0.000    15.874    system_i/FrequencyCounter/frequency_counter_0/inst/clock_counter_reg[27]_i_1_n_6
    SLICE_X36Y37         FDRE                                         r  system_i/FrequencyCounter/frequency_counter_0/inst/clock_counter_reg[25]/D
  -------------------------------------------------------------------    -------------------

                         (clock adc_clk rise edge)    8.000     8.000 r  
    U18                                               0.000     8.000 r  adc_clk_p_i (IN)
                         net (fo=0)                   0.000     8.000    system_i/DataAcquisition/axis_red_pitaya_adc_0/inst/adc_clk_p
    U18                  IBUFDS (Prop_ibufds_I_O)     0.940     8.940 r  system_i/DataAcquisition/axis_red_pitaya_adc_0/inst/adc_clk_inst0/O
                         net (fo=1, routed)           1.880    10.820    system_i/DataAcquisition/axis_red_pitaya_adc_0/inst/int_clk0
    BUFGCTRL_X0Y1        BUFG (Prop_bufg_I_O)         0.092    10.912 r  system_i/DataAcquisition/axis_red_pitaya_adc_0/inst/adc_clk_inst/O
                         net (fo=173, routed)         1.571    12.483    system_i/FrequencyCounter/frequency_counter_0/inst/clk
    SLICE_X36Y37         FDRE                                         r  system_i/FrequencyCounter/frequency_counter_0/inst/clock_counter_reg[25]/C
                         clock pessimism              0.364    12.847    
                         clock uncertainty           -0.035    12.812    
    SLICE_X36Y37         FDRE (Setup_fdre_C_D)        0.062    12.874    system_i/FrequencyCounter/frequency_counter_0/inst/clock_counter_reg[25]
  -------------------------------------------------------------------
                         required time                         12.874    
                         arrival time                         -15.874    
  -------------------------------------------------------------------
                         slack                                 -3.000    

Slack (VIOLATED) :        -2.979ns  (required time - arrival time)
  Source:                 system_i/DataAcquisition/axis_red_pitaya_adc_0/inst/int_dat_a_reg_reg[1]/C
                            (rising edge-triggered cell FDRE clocked by adc_clk  {rise@0.000ns fall@4.000ns period=8.000ns})
  Destination:            system_i/FrequencyCounter/frequency_counter_0/inst/clock_counter_reg[27]/D
                            (rising edge-triggered cell FDRE clocked by adc_clk  {rise@0.000ns fall@4.000ns period=8.000ns})
  Path Group:             adc_clk
  Path Type:              Setup (Max at Slow Process Corner)
  Requirement:            8.000ns  (adc_clk rise@8.000ns - adc_clk rise@0.000ns)
  Data Path Delay:        10.922ns  (logic 5.541ns (50.734%)  route 5.381ns (49.266%))
  Logic Levels:           18  (CARRY4=12 LUT2=2 LUT4=1 LUT5=1 LUT6=2)
  Clock Path Skew:        -0.084ns (DCD - SCD + CPR)
    Destination Clock Delay (DCD):    4.483ns = ( 12.483 - 8.000 ) 
    Source Clock Delay      (SCD):    4.932ns
    Clock Pessimism Removal (CPR):    0.364ns
  Clock Uncertainty:      0.035ns  ((TSJ^2 + TIJ^2)^1/2 + DJ) / 2 + PE
    Total System Jitter     (TSJ):    0.071ns
    Total Input Jitter      (TIJ):    0.000ns
    Discrete Jitter          (DJ):    0.000ns
    Phase Error              (PE):    0.000ns

    Location             Delay type                Incr(ns)  Path(ns)    Netlist Resource(s)
  -------------------------------------------------------------------    -------------------
                         (clock adc_clk rise edge)    0.000     0.000 r  
    U18                                               0.000     0.000 r  adc_clk_p_i (IN)
                         net (fo=0)                   0.000     0.000    system_i/DataAcquisition/axis_red_pitaya_adc_0/inst/adc_clk_p
    U18                  IBUFDS (Prop_ibufds_I_O)     0.983     0.983 r  system_i/DataAcquisition/axis_red_pitaya_adc_0/inst/adc_clk_inst0/O
                         net (fo=1, routed)           2.076     3.059    system_i/DataAcquisition/axis_red_pitaya_adc_0/inst/int_clk0
    BUFGCTRL_X0Y1        BUFG (Prop_bufg_I_O)         0.102     3.161 r  system_i/DataAcquisition/axis_red_pitaya_adc_0/inst/adc_clk_inst/O
                         net (fo=173, routed)         1.770     4.932    system_i/DataAcquisition/axis_red_pitaya_adc_0/inst/adc_clk
    ILOGIC_X0Y13         FDRE                                         r  system_i/DataAcquisition/axis_red_pitaya_adc_0/inst/int_dat_a_reg_reg[1]/C
  -------------------------------------------------------------------    -------------------
    ILOGIC_X0Y13         FDRE (Prop_fdre_C_Q)         0.517     5.449 f  system_i/DataAcquisition/axis_red_pitaya_adc_0/inst/int_dat_a_reg_reg[1]/Q
                         net (fo=1, routed)           1.293     6.741    system_i/FrequencyCounter/frequency_counter_0/inst/S_AXIS_IN_tdata[1]
    SLICE_X42Y31         LUT2 (Prop_lut2_I0_O)        0.180     6.921 r  system_i/FrequencyCounter/frequency_counter_0/inst/state_next1_carry_i_1/O
                         net (fo=1, routed)           0.190     7.111    system_i/FrequencyCounter/frequency_counter_0/inst/state_next1_carry_i_1_n_0
    SLICE_X43Y31         CARRY4 (Prop_carry4_CYINIT_CO[3])
                                                      0.580     7.691 r  system_i/FrequencyCounter/frequency_counter_0/inst/state_next1_carry/CO[3]
                         net (fo=1, routed)           0.000     7.691    system_i/FrequencyCounter/frequency_counter_0/inst/state_next1_carry_n_0
    SLICE_X43Y32         CARRY4 (Prop_carry4_CI_CO[1])
                                                      0.157     7.848 r  system_i/FrequencyCounter/frequency_counter_0/inst/state_next1_carry__0/CO[1]
                         net (fo=3, routed)           0.654     8.502    system_i/FrequencyCounter/frequency_counter_0/inst/state_next1_carry__0_n_2
    SLICE_X39Y27         LUT5 (Prop_lut5_I3_O)        0.329     8.831 r  system_i/FrequencyCounter/frequency_counter_0/inst/counter_output_next0_carry_i_6/O
                         net (fo=1, routed)           0.000     8.831    system_i/FrequencyCounter/frequency_counter_0/inst/counter_output_next0_carry_i_6_n_0
    SLICE_X39Y27         CARRY4 (Prop_carry4_S[0]_CO[3])
                                                      0.532     9.363 r  system_i/FrequencyCounter/frequency_counter_0/inst/counter_output_next0_carry_i_1/CO[3]
                         net (fo=1, routed)           0.000     9.363    system_i/FrequencyCounter/frequency_counter_0/inst/counter_output_next0_carry_i_1_n_0
    SLICE_X39Y28         CARRY4 (Prop_carry4_CI_O[1])
                                                      0.334     9.697 r  system_i/FrequencyCounter/frequency_counter_0/inst/counter_output_next0_carry__0_i_1/O[1]
                         net (fo=2, routed)           0.574    10.271    system_i/FrequencyCounter/frequency_counter_0/inst/counter1_output_next[5]
    SLICE_X37Y27         LUT2 (Prop_lut2_I0_O)        0.303    10.574 r  system_i/FrequencyCounter/frequency_counter_0/inst/counter_output_next0_carry__0_i_4/O
                         net (fo=1, routed)           0.000    10.574    system_i/FrequencyCounter/frequency_counter_0/inst/counter_output_next0_carry__0_i_4_n_0
    SLICE_X37Y27         CARRY4 (Prop_carry4_S[1]_O[3])
                                                      0.640    11.214 r  system_i/FrequencyCounter/frequency_counter_0/inst/counter_output_next0_carry__0/O[3]
                         net (fo=2, routed)           1.038    12.252    system_i/FrequencyCounter/frequency_counter_0/inst/counter_output_next[7]
    SLICE_X37Y34         LUT4 (Prop_lut4_I3_O)        0.306    12.558 r  system_i/FrequencyCounter/frequency_counter_0/inst/counter_output[31]_i_7/O
                         net (fo=1, routed)           0.667    13.225    system_i/FrequencyCounter/frequency_counter_0/inst/counter_output[31]_i_7_n_0
    SLICE_X37Y34         LUT6 (Prop_lut6_I0_O)        0.124    13.349 r  system_i/FrequencyCounter/frequency_counter_0/inst/counter_output[31]_i_4/O
                         net (fo=3, routed)           0.965    14.314    system_i/FrequencyCounter/frequency_counter_0/inst/counter_output[31]_i_4_n_0
    SLICE_X36Y31         LUT6 (Prop_lut6_I2_O)        0.124    14.438 r  system_i/FrequencyCounter/frequency_counter_0/inst/clock_counter[3]_i_2_comp/O
                         net (fo=1, routed)           0.000    14.438    system_i/FrequencyCounter/frequency_counter_0/inst/clock_counter[3]_i_2_n_0
    SLICE_X36Y31         CARRY4 (Prop_carry4_S[0]_CO[3])
                                                      0.532    14.970 r  system_i/FrequencyCounter/frequency_counter_0/inst/clock_counter_reg[3]_i_1/CO[3]
                         net (fo=1, routed)           0.000    14.970    system_i/FrequencyCounter/frequency_counter_0/inst/clock_counter_reg[3]_i_1_n_0
    SLICE_X36Y32         CARRY4 (Prop_carry4_CI_CO[3])
                                                      0.114    15.084 r  system_i/FrequencyCounter/frequency_counter_0/inst/clock_counter_reg[7]_i_1/CO[3]
                         net (fo=1, routed)           0.000    15.084    system_i/FrequencyCounter/frequency_counter_0/inst/clock_counter_reg[7]_i_1_n_0
    SLICE_X36Y33         CARRY4 (Prop_carry4_CI_CO[3])
                                                      0.114    15.198 r  system_i/FrequencyCounter/frequency_counter_0/inst/clock_counter_reg[11]_i_1/CO[3]
                         net (fo=1, routed)           0.000    15.198    system_i/FrequencyCounter/frequency_counter_0/inst/clock_counter_reg[11]_i_1_n_0
    SLICE_X36Y34         CARRY4 (Prop_carry4_CI_CO[3])
                                                      0.114    15.312 r  system_i/FrequencyCounter/frequency_counter_0/inst/clock_counter_reg[15]_i_1/CO[3]
                         net (fo=1, routed)           0.000    15.312    system_i/FrequencyCounter/frequency_counter_0/inst/clock_counter_reg[15]_i_1_n_0
    SLICE_X36Y35         CARRY4 (Prop_carry4_CI_CO[3])
                                                      0.114    15.426 r  system_i/FrequencyCounter/frequency_counter_0/inst/clock_counter_reg[19]_i_1/CO[3]
                         net (fo=1, routed)           0.000    15.426    system_i/FrequencyCounter/frequency_counter_0/inst/clock_counter_reg[19]_i_1_n_0
    SLICE_X36Y36         CARRY4 (Prop_carry4_CI_CO[3])
                                                      0.114    15.540 r  system_i/FrequencyCounter/frequency_counter_0/inst/clock_counter_reg[23]_i_1/CO[3]
                         net (fo=1, routed)           0.000    15.540    system_i/FrequencyCounter/frequency_counter_0/inst/clock_counter_reg[23]_i_1_n_0
    SLICE_X36Y37         CARRY4 (Prop_carry4_CI_O[3])
                                                      0.313    15.853 r  system_i/FrequencyCounter/frequency_counter_0/inst/clock_counter_reg[27]_i_1/O[3]
                         net (fo=1, routed)           0.000    15.853    system_i/FrequencyCounter/frequency_counter_0/inst/clock_counter_reg[27]_i_1_n_4
    SLICE_X36Y37         FDRE                                         r  system_i/FrequencyCounter/frequency_counter_0/inst/clock_counter_reg[27]/D
  -------------------------------------------------------------------    -------------------

                         (clock adc_clk rise edge)    8.000     8.000 r  
    U18                                               0.000     8.000 r  adc_clk_p_i (IN)
                         net (fo=0)                   0.000     8.000    system_i/DataAcquisition/axis_red_pitaya_adc_0/inst/adc_clk_p
    U18                  IBUFDS (Prop_ibufds_I_O)     0.940     8.940 r  system_i/DataAcquisition/axis_red_pitaya_adc_0/inst/adc_clk_inst0/O
                         net (fo=1, routed)           1.880    10.820    system_i/DataAcquisition/axis_red_pitaya_adc_0/inst/int_clk0
    BUFGCTRL_X0Y1        BUFG (Prop_bufg_I_O)         0.092    10.912 r  system_i/DataAcquisition/axis_red_pitaya_adc_0/inst/adc_clk_inst/O
                         net (fo=173, routed)         1.571    12.483    system_i/FrequencyCounter/frequency_counter_0/inst/clk
    SLICE_X36Y37         FDRE                                         r  system_i/FrequencyCounter/frequency_counter_0/inst/clock_counter_reg[27]/C
                         clock pessimism              0.364    12.847    
                         clock uncertainty           -0.035    12.812    
    SLICE_X36Y37         FDRE (Setup_fdre_C_D)        0.062    12.874    system_i/FrequencyCounter/frequency_counter_0/inst/clock_counter_reg[27]
  -------------------------------------------------------------------
                         required time                         12.874    
                         arrival time                         -15.853    
  -------------------------------------------------------------------
                         slack                                 -2.979    

Slack (VIOLATED) :        -2.905ns  (required time - arrival time)
  Source:                 system_i/DataAcquisition/axis_red_pitaya_adc_0/inst/int_dat_a_reg_reg[1]/C
                            (rising edge-triggered cell FDRE clocked by adc_clk  {rise@0.000ns fall@4.000ns period=8.000ns})
  Destination:            system_i/FrequencyCounter/frequency_counter_0/inst/clock_counter_reg[26]/D
                            (rising edge-triggered cell FDRE clocked by adc_clk  {rise@0.000ns fall@4.000ns period=8.000ns})
  Path Group:             adc_clk
  Path Type:              Setup (Max at Slow Process Corner)
  Requirement:            8.000ns  (adc_clk rise@8.000ns - adc_clk rise@0.000ns)
  Data Path Delay:        10.848ns  (logic 5.467ns (50.398%)  route 5.381ns (49.602%))
  Logic Levels:           18  (CARRY4=12 LUT2=2 LUT4=1 LUT5=1 LUT6=2)
  Clock Path Skew:        -0.084ns (DCD - SCD + CPR)
    Destination Clock Delay (DCD):    4.483ns = ( 12.483 - 8.000 ) 
    Source Clock Delay      (SCD):    4.932ns
    Clock Pessimism Removal (CPR):    0.364ns
  Clock Uncertainty:      0.035ns  ((TSJ^2 + TIJ^2)^1/2 + DJ) / 2 + PE
    Total System Jitter     (TSJ):    0.071ns
    Total Input Jitter      (TIJ):    0.000ns
    Discrete Jitter          (DJ):    0.000ns
    Phase Error              (PE):    0.000ns

    Location             Delay type                Incr(ns)  Path(ns)    Netlist Resource(s)
  -------------------------------------------------------------------    -------------------
                         (clock adc_clk rise edge)    0.000     0.000 r  
    U18                                               0.000     0.000 r  adc_clk_p_i (IN)
                         net (fo=0)                   0.000     0.000    system_i/DataAcquisition/axis_red_pitaya_adc_0/inst/adc_clk_p
    U18                  IBUFDS (Prop_ibufds_I_O)     0.983     0.983 r  system_i/DataAcquisition/axis_red_pitaya_adc_0/inst/adc_clk_inst0/O
                         net (fo=1, routed)           2.076     3.059    system_i/DataAcquisition/axis_red_pitaya_adc_0/inst/int_clk0
    BUFGCTRL_X0Y1        BUFG (Prop_bufg_I_O)         0.102     3.161 r  system_i/DataAcquisition/axis_red_pitaya_adc_0/inst/adc_clk_inst/O
                         net (fo=173, routed)         1.770     4.932    system_i/DataAcquisition/axis_red_pitaya_adc_0/inst/adc_clk
    ILOGIC_X0Y13         FDRE                                         r  system_i/DataAcquisition/axis_red_pitaya_adc_0/inst/int_dat_a_reg_reg[1]/C
  -------------------------------------------------------------------    -------------------
    ILOGIC_X0Y13         FDRE (Prop_fdre_C_Q)         0.517     5.449 f  system_i/DataAcquisition/axis_red_pitaya_adc_0/inst/int_dat_a_reg_reg[1]/Q
                         net (fo=1, routed)           1.293     6.741    system_i/FrequencyCounter/frequency_counter_0/inst/S_AXIS_IN_tdata[1]
    SLICE_X42Y31         LUT2 (Prop_lut2_I0_O)        0.180     6.921 r  system_i/FrequencyCounter/frequency_counter_0/inst/state_next1_carry_i_1/O
                         net (fo=1, routed)           0.190     7.111    system_i/FrequencyCounter/frequency_counter_0/inst/state_next1_carry_i_1_n_0
    SLICE_X43Y31         CARRY4 (Prop_carry4_CYINIT_CO[3])
                                                      0.580     7.691 r  system_i/FrequencyCounter/frequency_counter_0/inst/state_next1_carry/CO[3]
                         net (fo=1, routed)           0.000     7.691    system_i/FrequencyCounter/frequency_counter_0/inst/state_next1_carry_n_0
    SLICE_X43Y32         CARRY4 (Prop_carry4_CI_CO[1])
                                                      0.157     7.848 r  system_i/FrequencyCounter/frequency_counter_0/inst/state_next1_carry__0/CO[1]
                         net (fo=3, routed)           0.654     8.502    system_i/FrequencyCounter/frequency_counter_0/inst/state_next1_carry__0_n_2
    SLICE_X39Y27         LUT5 (Prop_lut5_I3_O)        0.329     8.831 r  system_i/FrequencyCounter/frequency_counter_0/inst/counter_output_next0_carry_i_6/O
                         net (fo=1, routed)           0.000     8.831    system_i/FrequencyCounter/frequency_counter_0/inst/counter_output_next0_carry_i_6_n_0
    SLICE_X39Y27         CARRY4 (Prop_carry4_S[0]_CO[3])
                                                      0.532     9.363 r  system_i/FrequencyCounter/frequency_counter_0/inst/counter_output_next0_carry_i_1/CO[3]
                         net (fo=1, routed)           0.000     9.363    system_i/FrequencyCounter/frequency_counter_0/inst/counter_output_next0_carry_i_1_n_0
    SLICE_X39Y28         CARRY4 (Prop_carry4_CI_O[1])
                                                      0.334     9.697 r  system_i/FrequencyCounter/frequency_counter_0/inst/counter_output_next0_carry__0_i_1/O[1]
                         net (fo=2, routed)           0.574    10.271    system_i/FrequencyCounter/frequency_counter_0/inst/counter1_output_next[5]
    SLICE_X37Y27         LUT2 (Prop_lut2_I0_O)        0.303    10.574 r  system_i/FrequencyCounter/frequency_counter_0/inst/counter_output_next0_carry__0_i_4/O
                         net (fo=1, routed)           0.000    10.574    system_i/FrequencyCounter/frequency_counter_0/inst/counter_output_next0_carry__0_i_4_n_0
    SLICE_X37Y27         CARRY4 (Prop_carry4_S[1]_O[3])
                                                      0.640    11.214 r  system_i/FrequencyCounter/frequency_counter_0/inst/counter_output_next0_carry__0/O[3]
                         net (fo=2, routed)           1.038    12.252    system_i/FrequencyCounter/frequency_counter_0/inst/counter_output_next[7]
    SLICE_X37Y34         LUT4 (Prop_lut4_I3_O)        0.306    12.558 r  system_i/FrequencyCounter/frequency_counter_0/inst/counter_output[31]_i_7/O
                         net (fo=1, routed)           0.667    13.225    system_i/FrequencyCounter/frequency_counter_0/inst/counter_output[31]_i_7_n_0
    SLICE_X37Y34         LUT6 (Prop_lut6_I0_O)        0.124    13.349 r  system_i/FrequencyCounter/frequency_counter_0/inst/counter_output[31]_i_4/O
                         net (fo=3, routed)           0.965    14.314    system_i/FrequencyCounter/frequency_counter_0/inst/counter_output[31]_i_4_n_0
    SLICE_X36Y31         LUT6 (Prop_lut6_I2_O)        0.124    14.438 r  system_i/FrequencyCounter/frequency_counter_0/inst/clock_counter[3]_i_2_comp/O
                         net (fo=1, routed)           0.000    14.438    system_i/FrequencyCounter/frequency_counter_0/inst/clock_counter[3]_i_2_n_0
    SLICE_X36Y31         CARRY4 (Prop_carry4_S[0]_CO[3])
                                                      0.532    14.970 r  system_i/FrequencyCounter/frequency_counter_0/inst/clock_counter_reg[3]_i_1/CO[3]
                         net (fo=1, routed)           0.000    14.970    system_i/FrequencyCounter/frequency_counter_0/inst/clock_counter_reg[3]_i_1_n_0
    SLICE_X36Y32         CARRY4 (Prop_carry4_CI_CO[3])
                                                      0.114    15.084 r  system_i/FrequencyCounter/frequency_counter_0/inst/clock_counter_reg[7]_i_1/CO[3]
                         net (fo=1, routed)           0.000    15.084    system_i/FrequencyCounter/frequency_counter_0/inst/clock_counter_reg[7]_i_1_n_0
    SLICE_X36Y33         CARRY4 (Prop_carry4_CI_CO[3])
                                                      0.114    15.198 r  system_i/FrequencyCounter/frequency_counter_0/inst/clock_counter_reg[11]_i_1/CO[3]
                         net (fo=1, routed)           0.000    15.198    system_i/FrequencyCounter/frequency_counter_0/inst/clock_counter_reg[11]_i_1_n_0
    SLICE_X36Y34         CARRY4 (Prop_carry4_CI_CO[3])
                                                      0.114    15.312 r  system_i/FrequencyCounter/frequency_counter_0/inst/clock_counter_reg[15]_i_1/CO[3]
                         net (fo=1, routed)           0.000    15.312    system_i/FrequencyCounter/frequency_counter_0/inst/clock_counter_reg[15]_i_1_n_0
    SLICE_X36Y35         CARRY4 (Prop_carry4_CI_CO[3])
                                                      0.114    15.426 r  system_i/FrequencyCounter/frequency_counter_0/inst/clock_counter_reg[19]_i_1/CO[3]
                         net (fo=1, routed)           0.000    15.426    system_i/FrequencyCounter/frequency_counter_0/inst/clock_counter_reg[19]_i_1_n_0
    SLICE_X36Y36         CARRY4 (Prop_carry4_CI_CO[3])
                                                      0.114    15.540 r  system_i/FrequencyCounter/frequency_counter_0/inst/clock_counter_reg[23]_i_1/CO[3]
                         net (fo=1, routed)           0.000    15.540    system_i/FrequencyCounter/frequency_counter_0/inst/clock_counter_reg[23]_i_1_n_0
    SLICE_X36Y37         CARRY4 (Prop_carry4_CI_O[2])
                                                      0.239    15.779 r  system_i/FrequencyCounter/frequency_counter_0/inst/clock_counter_reg[27]_i_1/O[2]
                         net (fo=1, routed)           0.000    15.779    system_i/FrequencyCounter/frequency_counter_0/inst/clock_counter_reg[27]_i_1_n_5
    SLICE_X36Y37         FDRE                                         r  system_i/FrequencyCounter/frequency_counter_0/inst/clock_counter_reg[26]/D
  -------------------------------------------------------------------    -------------------

                         (clock adc_clk rise edge)    8.000     8.000 r  
    U18                                               0.000     8.000 r  adc_clk_p_i (IN)
                         net (fo=0)                   0.000     8.000    system_i/DataAcquisition/axis_red_pitaya_adc_0/inst/adc_clk_p
    U18                  IBUFDS (Prop_ibufds_I_O)     0.940     8.940 r  system_i/DataAcquisition/axis_red_pitaya_adc_0/inst/adc_clk_inst0/O
                         net (fo=1, routed)           1.880    10.820    system_i/DataAcquisition/axis_red_pitaya_adc_0/inst/int_clk0
    BUFGCTRL_X0Y1        BUFG (Prop_bufg_I_O)         0.092    10.912 r  system_i/DataAcquisition/axis_red_pitaya_adc_0/inst/adc_clk_inst/O
                         net (fo=173, routed)         1.571    12.483    system_i/FrequencyCounter/frequency_counter_0/inst/clk
    SLICE_X36Y37         FDRE                                         r  system_i/FrequencyCounter/frequency_counter_0/inst/clock_counter_reg[26]/C
                         clock pessimism              0.364    12.847    
                         clock uncertainty           -0.035    12.812    
    SLICE_X36Y37         FDRE (Setup_fdre_C_D)        0.062    12.874    system_i/FrequencyCounter/frequency_counter_0/inst/clock_counter_reg[26]
  -------------------------------------------------------------------
                         required time                         12.874    
                         arrival time                         -15.779    
  -------------------------------------------------------------------
                         slack                                 -2.905    

Slack (VIOLATED) :        -2.890ns  (required time - arrival time)
  Source:                 system_i/DataAcquisition/axis_red_pitaya_adc_0/inst/int_dat_a_reg_reg[1]/C
                            (rising edge-triggered cell FDRE clocked by adc_clk  {rise@0.000ns fall@4.000ns period=8.000ns})
  Destination:            system_i/FrequencyCounter/frequency_counter_0/inst/counter1_output_reg[30]/R
                            (rising edge-triggered cell FDRE clocked by adc_clk  {rise@0.000ns fall@4.000ns period=8.000ns})
  Path Group:             adc_clk
  Path Type:              Setup (Max at Slow Process Corner)
  Requirement:            8.000ns  (adc_clk rise@8.000ns - adc_clk rise@0.000ns)
  Data Path Delay:        10.340ns  (logic 4.250ns (41.101%)  route 6.090ns (58.899%))
  Logic Levels:           12  (CARRY4=5 LUT2=2 LUT3=1 LUT4=1 LUT5=1 LUT6=2)
  Clock Path Skew:        -0.085ns (DCD - SCD + CPR)
    Destination Clock Delay (DCD):    4.482ns = ( 12.482 - 8.000 ) 
    Source Clock Delay      (SCD):    4.932ns
    Clock Pessimism Removal (CPR):    0.364ns
  Clock Uncertainty:      0.035ns  ((TSJ^2 + TIJ^2)^1/2 + DJ) / 2 + PE
    Total System Jitter     (TSJ):    0.071ns
    Total Input Jitter      (TIJ):    0.000ns
    Discrete Jitter          (DJ):    0.000ns
    Phase Error              (PE):    0.000ns

    Location             Delay type                Incr(ns)  Path(ns)    Netlist Resource(s)
  -------------------------------------------------------------------    -------------------
                         (clock adc_clk rise edge)    0.000     0.000 r  
    U18                                               0.000     0.000 r  adc_clk_p_i (IN)
                         net (fo=0)                   0.000     0.000    system_i/DataAcquisition/axis_red_pitaya_adc_0/inst/adc_clk_p
    U18                  IBUFDS (Prop_ibufds_I_O)     0.983     0.983 r  system_i/DataAcquisition/axis_red_pitaya_adc_0/inst/adc_clk_inst0/O
                         net (fo=1, routed)           2.076     3.059    system_i/DataAcquisition/axis_red_pitaya_adc_0/inst/int_clk0
    BUFGCTRL_X0Y1        BUFG (Prop_bufg_I_O)         0.102     3.161 r  system_i/DataAcquisition/axis_red_pitaya_adc_0/inst/adc_clk_inst/O
                         net (fo=173, routed)         1.770     4.932    system_i/DataAcquisition/axis_red_pitaya_adc_0/inst/adc_clk
    ILOGIC_X0Y13         FDRE                                         r  system_i/DataAcquisition/axis_red_pitaya_adc_0/inst/int_dat_a_reg_reg[1]/C
  -------------------------------------------------------------------    -------------------
    ILOGIC_X0Y13         FDRE (Prop_fdre_C_Q)         0.517     5.449 f  system_i/DataAcquisition/axis_red_pitaya_adc_0/inst/int_dat_a_reg_reg[1]/Q
                         net (fo=1, routed)           1.293     6.741    system_i/FrequencyCounter/frequency_counter_0/inst/S_AXIS_IN_tdata[1]
    SLICE_X42Y31         LUT2 (Prop_lut2_I0_O)        0.180     6.921 r  system_i/FrequencyCounter/frequency_counter_0/inst/state_next1_carry_i_1/O
                         net (fo=1, routed)           0.190     7.111    system_i/FrequencyCounter/frequency_counter_0/inst/state_next1_carry_i_1_n_0
    SLICE_X43Y31         CARRY4 (Prop_carry4_CYINIT_CO[3])
                                                      0.580     7.691 r  system_i/FrequencyCounter/frequency_counter_0/inst/state_next1_carry/CO[3]
                         net (fo=1, routed)           0.000     7.691    system_i/FrequencyCounter/frequency_counter_0/inst/state_next1_carry_n_0
    SLICE_X43Y32         CARRY4 (Prop_carry4_CI_CO[1])
                                                      0.157     7.848 r  system_i/FrequencyCounter/frequency_counter_0/inst/state_next1_carry__0/CO[1]
                         net (fo=3, routed)           0.654     8.502    system_i/FrequencyCounter/frequency_counter_0/inst/state_next1_carry__0_n_2
    SLICE_X39Y27         LUT5 (Prop_lut5_I3_O)        0.329     8.831 r  system_i/FrequencyCounter/frequency_counter_0/inst/counter_output_next0_carry_i_6/O
                         net (fo=1, routed)           0.000     8.831    system_i/FrequencyCounter/frequency_counter_0/inst/counter_output_next0_carry_i_6_n_0
    SLICE_X39Y27         CARRY4 (Prop_carry4_S[0]_CO[3])
                                                      0.532     9.363 r  system_i/FrequencyCounter/frequency_counter_0/inst/counter_output_next0_carry_i_1/CO[3]
                         net (fo=1, routed)           0.000     9.363    system_i/FrequencyCounter/frequency_counter_0/inst/counter_output_next0_carry_i_1_n_0
    SLICE_X39Y28         CARRY4 (Prop_carry4_CI_O[1])
                                                      0.334     9.697 r  system_i/FrequencyCounter/frequency_counter_0/inst/counter_output_next0_carry__0_i_1/O[1]
                         net (fo=2, routed)           0.574    10.271    system_i/FrequencyCounter/frequency_counter_0/inst/counter1_output_next[5]
    SLICE_X37Y27         LUT2 (Prop_lut2_I0_O)        0.303    10.574 r  system_i/FrequencyCounter/frequency_counter_0/inst/counter_output_next0_carry__0_i_4/O
                         net (fo=1, routed)           0.000    10.574    system_i/FrequencyCounter/frequency_counter_0/inst/counter_output_next0_carry__0_i_4_n_0
    SLICE_X37Y27         CARRY4 (Prop_carry4_S[1]_O[3])
                                                      0.640    11.214 r  system_i/FrequencyCounter/frequency_counter_0/inst/counter_output_next0_carry__0/O[3]
                         net (fo=2, routed)           1.038    12.252    system_i/FrequencyCounter/frequency_counter_0/inst/counter_output_next[7]
    SLICE_X37Y34         LUT4 (Prop_lut4_I3_O)        0.306    12.558 r  system_i/FrequencyCounter/frequency_counter_0/inst/counter_output[31]_i_7/O
                         net (fo=1, routed)           0.667    13.225    system_i/FrequencyCounter/frequency_counter_0/inst/counter_output[31]_i_7_n_0
    SLICE_X37Y34         LUT6 (Prop_lut6_I0_O)        0.124    13.349 r  system_i/FrequencyCounter/frequency_counter_0/inst/counter_output[31]_i_4/O
                         net (fo=3, routed)           0.601    13.950    system_i/FrequencyCounter/frequency_counter_0/inst/counter_output[31]_i_4_n_0
    SLICE_X39Y35         LUT6 (Prop_lut6_I1_O)        0.124    14.074 f  system_i/FrequencyCounter/frequency_counter_0/inst/counter_output[31]_i_2/O
                         net (fo=32, routed)          0.351    14.425    system_i/FrequencyCounter/frequency_counter_0/inst/pulse0_carry_i_8_n_0
    SLICE_X40Y35         LUT3 (Prop_lut3_I2_O)        0.124    14.549 r  system_i/FrequencyCounter/frequency_counter_0/inst/counter_output[31]_i_1/O
                         net (fo=96, routed)          0.723    15.272    system_i/FrequencyCounter/frequency_counter_0/inst/counter_output[31]_i_1_n_0
    SLICE_X37Y35         FDRE                                         r  system_i/FrequencyCounter/frequency_counter_0/inst/counter1_output_reg[30]/R
  -------------------------------------------------------------------    -------------------

                         (clock adc_clk rise edge)    8.000     8.000 r  
    U18                                               0.000     8.000 r  adc_clk_p_i (IN)
                         net (fo=0)                   0.000     8.000    system_i/DataAcquisition/axis_red_pitaya_adc_0/inst/adc_clk_p
    U18                  IBUFDS (Prop_ibufds_I_O)     0.940     8.940 r  system_i/DataAcquisition/axis_red_pitaya_adc_0/inst/adc_clk_inst0/O
                         net (fo=1, routed)           1.880    10.820    system_i/DataAcquisition/axis_red_pitaya_adc_0/inst/int_clk0
    BUFGCTRL_X0Y1        BUFG (Prop_bufg_I_O)         0.092    10.912 r  system_i/DataAcquisition/axis_red_pitaya_adc_0/inst/adc_clk_inst/O
                         net (fo=173, routed)         1.570    12.482    system_i/FrequencyCounter/frequency_counter_0/inst/clk
    SLICE_X37Y35         FDRE                                         r  system_i/FrequencyCounter/frequency_counter_0/inst/counter1_output_reg[30]/C
                         clock pessimism              0.364    12.846    
                         clock uncertainty           -0.035    12.811    
    SLICE_X37Y35         FDRE (Setup_fdre_C_R)       -0.429    12.382    system_i/FrequencyCounter/frequency_counter_0/inst/counter1_output_reg[30]
  -------------------------------------------------------------------
                         required time                         12.382    
                         arrival time                         -15.272    
  -------------------------------------------------------------------
                         slack                                 -2.890    

Slack (VIOLATED) :        -2.890ns  (required time - arrival time)
  Source:                 system_i/DataAcquisition/axis_red_pitaya_adc_0/inst/int_dat_a_reg_reg[1]/C
                            (rising edge-triggered cell FDRE clocked by adc_clk  {rise@0.000ns fall@4.000ns period=8.000ns})
  Destination:            system_i/FrequencyCounter/frequency_counter_0/inst/counter1_output_reg[31]/R
                            (rising edge-triggered cell FDRE clocked by adc_clk  {rise@0.000ns fall@4.000ns period=8.000ns})
  Path Group:             adc_clk
  Path Type:              Setup (Max at Slow Process Corner)
  Requirement:            8.000ns  (adc_clk rise@8.000ns - adc_clk rise@0.000ns)
  Data Path Delay:        10.340ns  (logic 4.250ns (41.101%)  route 6.090ns (58.899%))
  Logic Levels:           12  (CARRY4=5 LUT2=2 LUT3=1 LUT4=1 LUT5=1 LUT6=2)
  Clock Path Skew:        -0.085ns (DCD - SCD + CPR)
    Destination Clock Delay (DCD):    4.482ns = ( 12.482 - 8.000 ) 
    Source Clock Delay      (SCD):    4.932ns
    Clock Pessimism Removal (CPR):    0.364ns
  Clock Uncertainty:      0.035ns  ((TSJ^2 + TIJ^2)^1/2 + DJ) / 2 + PE
    Total System Jitter     (TSJ):    0.071ns
    Total Input Jitter      (TIJ):    0.000ns
    Discrete Jitter          (DJ):    0.000ns
    Phase Error              (PE):    0.000ns

    Location             Delay type                Incr(ns)  Path(ns)    Netlist Resource(s)
  -------------------------------------------------------------------    -------------------
                         (clock adc_clk rise edge)    0.000     0.000 r  
    U18                                               0.000     0.000 r  adc_clk_p_i (IN)
                         net (fo=0)                   0.000     0.000    system_i/DataAcquisition/axis_red_pitaya_adc_0/inst/adc_clk_p
    U18                  IBUFDS (Prop_ibufds_I_O)     0.983     0.983 r  system_i/DataAcquisition/axis_red_pitaya_adc_0/inst/adc_clk_inst0/O
                         net (fo=1, routed)           2.076     3.059    system_i/DataAcquisition/axis_red_pitaya_adc_0/inst/int_clk0
    BUFGCTRL_X0Y1        BUFG (Prop_bufg_I_O)         0.102     3.161 r  system_i/DataAcquisition/axis_red_pitaya_adc_0/inst/adc_clk_inst/O
                         net (fo=173, routed)         1.770     4.932    system_i/DataAcquisition/axis_red_pitaya_adc_0/inst/adc_clk
    ILOGIC_X0Y13         FDRE                                         r  system_i/DataAcquisition/axis_red_pitaya_adc_0/inst/int_dat_a_reg_reg[1]/C
  -------------------------------------------------------------------    -------------------
    ILOGIC_X0Y13         FDRE (Prop_fdre_C_Q)         0.517     5.449 f  system_i/DataAcquisition/axis_red_pitaya_adc_0/inst/int_dat_a_reg_reg[1]/Q
                         net (fo=1, routed)           1.293     6.741    system_i/FrequencyCounter/frequency_counter_0/inst/S_AXIS_IN_tdata[1]
    SLICE_X42Y31         LUT2 (Prop_lut2_I0_O)        0.180     6.921 r  system_i/FrequencyCounter/frequency_counter_0/inst/state_next1_carry_i_1/O
                         net (fo=1, routed)           0.190     7.111    system_i/FrequencyCounter/frequency_counter_0/inst/state_next1_carry_i_1_n_0
    SLICE_X43Y31         CARRY4 (Prop_carry4_CYINIT_CO[3])
                                                      0.580     7.691 r  system_i/FrequencyCounter/frequency_counter_0/inst/state_next1_carry/CO[3]
                         net (fo=1, routed)           0.000     7.691    system_i/FrequencyCounter/frequency_counter_0/inst/state_next1_carry_n_0
    SLICE_X43Y32         CARRY4 (Prop_carry4_CI_CO[1])
                                                      0.157     7.848 r  system_i/FrequencyCounter/frequency_counter_0/inst/state_next1_carry__0/CO[1]
                         net (fo=3, routed)           0.654     8.502    system_i/FrequencyCounter/frequency_counter_0/inst/state_next1_carry__0_n_2
    SLICE_X39Y27         LUT5 (Prop_lut5_I3_O)        0.329     8.831 r  system_i/FrequencyCounter/frequency_counter_0/inst/counter_output_next0_carry_i_6/O
                         net (fo=1, routed)           0.000     8.831    system_i/FrequencyCounter/frequency_counter_0/inst/counter_output_next0_carry_i_6_n_0
    SLICE_X39Y27         CARRY4 (Prop_carry4_S[0]_CO[3])
                                                      0.532     9.363 r  system_i/FrequencyCounter/frequency_counter_0/inst/counter_output_next0_carry_i_1/CO[3]
                         net (fo=1, routed)           0.000     9.363    system_i/FrequencyCounter/frequency_counter_0/inst/counter_output_next0_carry_i_1_n_0
    SLICE_X39Y28         CARRY4 (Prop_carry4_CI_O[1])
                                                      0.334     9.697 r  system_i/FrequencyCounter/frequency_counter_0/inst/counter_output_next0_carry__0_i_1/O[1]
                         net (fo=2, routed)           0.574    10.271    system_i/FrequencyCounter/frequency_counter_0/inst/counter1_output_next[5]
    SLICE_X37Y27         LUT2 (Prop_lut2_I0_O)        0.303    10.574 r  system_i/FrequencyCounter/frequency_counter_0/inst/counter_output_next0_carry__0_i_4/O
                         net (fo=1, routed)           0.000    10.574    system_i/FrequencyCounter/frequency_counter_0/inst/counter_output_next0_carry__0_i_4_n_0
    SLICE_X37Y27         CARRY4 (Prop_carry4_S[1]_O[3])
                                                      0.640    11.214 r  system_i/FrequencyCounter/frequency_counter_0/inst/counter_output_next0_carry__0/O[3]
                         net (fo=2, routed)           1.038    12.252    system_i/FrequencyCounter/frequency_counter_0/inst/counter_output_next[7]
    SLICE_X37Y34         LUT4 (Prop_lut4_I3_O)        0.306    12.558 r  system_i/FrequencyCounter/frequency_counter_0/inst/counter_output[31]_i_7/O
                         net (fo=1, routed)           0.667    13.225    system_i/FrequencyCounter/frequency_counter_0/inst/counter_output[31]_i_7_n_0
    SLICE_X37Y34         LUT6 (Prop_lut6_I0_O)        0.124    13.349 r  system_i/FrequencyCounter/frequency_counter_0/inst/counter_output[31]_i_4/O
                         net (fo=3, routed)           0.601    13.950    system_i/FrequencyCounter/frequency_counter_0/inst/counter_output[31]_i_4_n_0
    SLICE_X39Y35         LUT6 (Prop_lut6_I1_O)        0.124    14.074 f  system_i/FrequencyCounter/frequency_counter_0/inst/counter_output[31]_i_2/O
                         net (fo=32, routed)          0.351    14.425    system_i/FrequencyCounter/frequency_counter_0/inst/pulse0_carry_i_8_n_0
    SLICE_X40Y35         LUT3 (Prop_lut3_I2_O)        0.124    14.549 r  system_i/FrequencyCounter/frequency_counter_0/inst/counter_output[31]_i_1/O
                         net (fo=96, routed)          0.723    15.272    system_i/FrequencyCounter/frequency_counter_0/inst/counter_output[31]_i_1_n_0
    SLICE_X37Y35         FDRE                                         r  system_i/FrequencyCounter/frequency_counter_0/inst/counter1_output_reg[31]/R
  -------------------------------------------------------------------    -------------------

                         (clock adc_clk rise edge)    8.000     8.000 r  
    U18                                               0.000     8.000 r  adc_clk_p_i (IN)
                         net (fo=0)                   0.000     8.000    system_i/DataAcquisition/axis_red_pitaya_adc_0/inst/adc_clk_p
    U18                  IBUFDS (Prop_ibufds_I_O)     0.940     8.940 r  system_i/DataAcquisition/axis_red_pitaya_adc_0/inst/adc_clk_inst0/O
                         net (fo=1, routed)           1.880    10.820    system_i/DataAcquisition/axis_red_pitaya_adc_0/inst/int_clk0
    BUFGCTRL_X0Y1        BUFG (Prop_bufg_I_O)         0.092    10.912 r  system_i/DataAcquisition/axis_red_pitaya_adc_0/inst/adc_clk_inst/O
                         net (fo=173, routed)         1.570    12.482    system_i/FrequencyCounter/frequency_counter_0/inst/clk
    SLICE_X37Y35         FDRE                                         r  system_i/FrequencyCounter/frequency_counter_0/inst/counter1_output_reg[31]/C
                         clock pessimism              0.364    12.846    
                         clock uncertainty           -0.035    12.811    
    SLICE_X37Y35         FDRE (Setup_fdre_C_R)       -0.429    12.382    system_i/FrequencyCounter/frequency_counter_0/inst/counter1_output_reg[31]
  -------------------------------------------------------------------
                         required time                         12.382    
                         arrival time                         -15.272    
  -------------------------------------------------------------------
                         slack                                 -2.890    





Min Delay Paths
--------------------------------------------------------------------------------------
Slack (MET) :             0.250ns  (arrival time - required time)
  Source:                 system_i/FrequencyCounter/frequency_counter_0/inst/clock_counter_reg[0]/C
                            (rising edge-triggered cell FDRE clocked by adc_clk  {rise@0.000ns fall@4.000ns period=8.000ns})
  Destination:            system_i/FrequencyCounter/frequency_counter_0/inst/clock_counter_reg[1]/D
                            (rising edge-triggered cell FDRE clocked by adc_clk  {rise@0.000ns fall@4.000ns period=8.000ns})
  Path Group:             adc_clk
  Path Type:              Hold (Min at Fast Process Corner)
  Requirement:            0.000ns  (adc_clk rise@0.000ns - adc_clk rise@0.000ns)
  Data Path Delay:        0.355ns  (logic 0.265ns (74.705%)  route 0.090ns (25.295%))
  Logic Levels:           1  (CARRY4=1)
  Clock Path Skew:        0.000ns (DCD - SCD - CPR)
    Destination Clock Delay (DCD):    1.996ns
    Source Clock Delay      (SCD):    1.638ns
    Clock Pessimism Removal (CPR):    0.358ns

    Location             Delay type                Incr(ns)  Path(ns)    Netlist Resource(s)
  -------------------------------------------------------------------    -------------------
                         (clock adc_clk rise edge)    0.000     0.000 r  
    U18                                               0.000     0.000 r  adc_clk_p_i (IN)
                         net (fo=0)                   0.000     0.000    system_i/DataAcquisition/axis_red_pitaya_adc_0/inst/adc_clk_p
    U18                  IBUFDS (Prop_ibufds_I_O)     0.401     0.401 r  system_i/DataAcquisition/axis_red_pitaya_adc_0/inst/adc_clk_inst0/O
                         net (fo=1, routed)           0.627     1.029    system_i/DataAcquisition/axis_red_pitaya_adc_0/inst/int_clk0
    BUFGCTRL_X0Y1        BUFG (Prop_bufg_I_O)         0.027     1.056 r  system_i/DataAcquisition/axis_red_pitaya_adc_0/inst/adc_clk_inst/O
                         net (fo=173, routed)         0.583     1.638    system_i/FrequencyCounter/frequency_counter_0/inst/clk
    SLICE_X36Y31         FDRE                                         r  system_i/FrequencyCounter/frequency_counter_0/inst/clock_counter_reg[0]/C
  -------------------------------------------------------------------    -------------------
    SLICE_X36Y31         FDRE (Prop_fdre_C_Q)         0.141     1.779 r  system_i/FrequencyCounter/frequency_counter_0/inst/clock_counter_reg[0]/Q
                         net (fo=4, routed)           0.090     1.869    system_i/FrequencyCounter/frequency_counter_0/inst/clock_counter[0]
    SLICE_X36Y31         CARRY4 (Prop_carry4_DI[0]_O[1])
                                                      0.124     1.993 r  system_i/FrequencyCounter/frequency_counter_0/inst/clock_counter_reg[3]_i_1/O[1]
                         net (fo=1, routed)           0.000     1.993    system_i/FrequencyCounter/frequency_counter_0/inst/clock_counter_reg[3]_i_1_n_6
    SLICE_X36Y31         FDRE                                         r  system_i/FrequencyCounter/frequency_counter_0/inst/clock_counter_reg[1]/D
  -------------------------------------------------------------------    -------------------

                         (clock adc_clk rise edge)    0.000     0.000 r  
    U18                                               0.000     0.000 r  adc_clk_p_i (IN)
                         net (fo=0)                   0.000     0.000    system_i/DataAcquisition/axis_red_pitaya_adc_0/inst/adc_clk_p
    U18                  IBUFDS (Prop_ibufds_I_O)     0.433     0.433 r  system_i/DataAcquisition/axis_red_pitaya_adc_0/inst/adc_clk_inst0/O
                         net (fo=1, routed)           0.683     1.116    system_i/DataAcquisition/axis_red_pitaya_adc_0/inst/int_clk0
    BUFGCTRL_X0Y1        BUFG (Prop_bufg_I_O)         0.030     1.146 r  system_i/DataAcquisition/axis_red_pitaya_adc_0/inst/adc_clk_inst/O
                         net (fo=173, routed)         0.850     1.996    system_i/FrequencyCounter/frequency_counter_0/inst/clk
    SLICE_X36Y31         FDRE                                         r  system_i/FrequencyCounter/frequency_counter_0/inst/clock_counter_reg[1]/C
                         clock pessimism             -0.358     1.638    
    SLICE_X36Y31         FDRE (Hold_fdre_C_D)         0.105     1.743    system_i/FrequencyCounter/frequency_counter_0/inst/clock_counter_reg[1]
  -------------------------------------------------------------------
                         required time                         -1.743    
                         arrival time                           1.993    
  -------------------------------------------------------------------
                         slack                                  0.250    

Slack (MET) :             0.274ns  (arrival time - required time)
  Source:                 system_i/FrequencyCounter/frequency_counter_0/inst/state_2_reg/C
                            (rising edge-triggered cell FDRE clocked by adc_clk  {rise@0.000ns fall@4.000ns period=8.000ns})
  Destination:            system_i/FrequencyCounter/frequency_counter_0/inst/state_2_reg/D
                            (rising edge-triggered cell FDRE clocked by adc_clk  {rise@0.000ns fall@4.000ns period=8.000ns})
  Path Group:             adc_clk
  Path Type:              Hold (Min at Fast Process Corner)
  Requirement:            0.000ns  (adc_clk rise@0.000ns - adc_clk rise@0.000ns)
  Data Path Delay:        0.365ns  (logic 0.186ns (50.902%)  route 0.179ns (49.098%))
  Logic Levels:           1  (LUT3=1)
  Clock Path Skew:        0.000ns (DCD - SCD - CPR)
    Destination Clock Delay (DCD):    1.992ns
    Source Clock Delay      (SCD):    1.635ns
    Clock Pessimism Removal (CPR):    0.357ns

    Location             Delay type                Incr(ns)  Path(ns)    Netlist Resource(s)
  -------------------------------------------------------------------    -------------------
                         (clock adc_clk rise edge)    0.000     0.000 r  
    U18                                               0.000     0.000 r  adc_clk_p_i (IN)
                         net (fo=0)                   0.000     0.000    system_i/DataAcquisition/axis_red_pitaya_adc_0/inst/adc_clk_p
    U18                  IBUFDS (Prop_ibufds_I_O)     0.401     0.401 r  system_i/DataAcquisition/axis_red_pitaya_adc_0/inst/adc_clk_inst0/O
                         net (fo=1, routed)           0.627     1.029    system_i/DataAcquisition/axis_red_pitaya_adc_0/inst/int_clk0
    BUFGCTRL_X0Y1        BUFG (Prop_bufg_I_O)         0.027     1.056 r  system_i/DataAcquisition/axis_red_pitaya_adc_0/inst/adc_clk_inst/O
                         net (fo=173, routed)         0.580     1.635    system_i/FrequencyCounter/frequency_counter_0/inst/clk
    SLICE_X41Y23         FDRE                                         r  system_i/FrequencyCounter/frequency_counter_0/inst/state_2_reg/C
  -------------------------------------------------------------------    -------------------
    SLICE_X41Y23         FDRE (Prop_fdre_C_Q)         0.141     1.776 r  system_i/FrequencyCounter/frequency_counter_0/inst/state_2_reg/Q
                         net (fo=4, routed)           0.179     1.956    system_i/FrequencyCounter/frequency_counter_0/inst/state_2
    SLICE_X41Y23         LUT3 (Prop_lut3_I1_O)        0.045     2.001 r  system_i/FrequencyCounter/frequency_counter_0/inst/state_2_i_1/O
                         net (fo=1, routed)           0.000     2.001    system_i/FrequencyCounter/frequency_counter_0/inst/state_next_2
    SLICE_X41Y23         FDRE                                         r  system_i/FrequencyCounter/frequency_counter_0/inst/state_2_reg/D
  -------------------------------------------------------------------    -------------------

                         (clock adc_clk rise edge)    0.000     0.000 r  
    U18                                               0.000     0.000 r  adc_clk_p_i (IN)
                         net (fo=0)                   0.000     0.000    system_i/DataAcquisition/axis_red_pitaya_adc_0/inst/adc_clk_p
    U18                  IBUFDS (Prop_ibufds_I_O)     0.433     0.433 r  system_i/DataAcquisition/axis_red_pitaya_adc_0/inst/adc_clk_inst0/O
                         net (fo=1, routed)           0.683     1.116    system_i/DataAcquisition/axis_red_pitaya_adc_0/inst/int_clk0
    BUFGCTRL_X0Y1        BUFG (Prop_bufg_I_O)         0.030     1.146 r  system_i/DataAcquisition/axis_red_pitaya_adc_0/inst/adc_clk_inst/O
                         net (fo=173, routed)         0.846     1.992    system_i/FrequencyCounter/frequency_counter_0/inst/clk
    SLICE_X41Y23         FDRE                                         r  system_i/FrequencyCounter/frequency_counter_0/inst/state_2_reg/C
                         clock pessimism             -0.357     1.635    
    SLICE_X41Y23         FDRE (Hold_fdre_C_D)         0.091     1.726    system_i/FrequencyCounter/frequency_counter_0/inst/state_2_reg
  -------------------------------------------------------------------
                         required time                         -1.726    
                         arrival time                           2.001    
  -------------------------------------------------------------------
                         slack                                  0.274    

Slack (MET) :             0.275ns  (arrival time - required time)
  Source:                 system_i/FrequencyCounter/frequency_counter_0/inst/state_reg/C
                            (rising edge-triggered cell FDRE clocked by adc_clk  {rise@0.000ns fall@4.000ns period=8.000ns})
  Destination:            system_i/FrequencyCounter/frequency_counter_0/inst/state_reg/D
                            (rising edge-triggered cell FDRE clocked by adc_clk  {rise@0.000ns fall@4.000ns period=8.000ns})
  Path Group:             adc_clk
  Path Type:              Hold (Min at Fast Process Corner)
  Requirement:            0.000ns  (adc_clk rise@0.000ns - adc_clk rise@0.000ns)
  Data Path Delay:        0.395ns  (logic 0.209ns (52.857%)  route 0.186ns (47.143%))
  Logic Levels:           1  (LUT3=1)
  Clock Path Skew:        0.000ns (DCD - SCD - CPR)
    Destination Clock Delay (DCD):    1.992ns
    Source Clock Delay      (SCD):    1.635ns
    Clock Pessimism Removal (CPR):    0.357ns

    Location             Delay type                Incr(ns)  Path(ns)    Netlist Resource(s)
  -------------------------------------------------------------------    -------------------
                         (clock adc_clk rise edge)    0.000     0.000 r  
    U18                                               0.000     0.000 r  adc_clk_p_i (IN)
                         net (fo=0)                   0.000     0.000    system_i/DataAcquisition/axis_red_pitaya_adc_0/inst/adc_clk_p
    U18                  IBUFDS (Prop_ibufds_I_O)     0.401     0.401 r  system_i/DataAcquisition/axis_red_pitaya_adc_0/inst/adc_clk_inst0/O
                         net (fo=1, routed)           0.627     1.029    system_i/DataAcquisition/axis_red_pitaya_adc_0/inst/int_clk0
    BUFGCTRL_X0Y1        BUFG (Prop_bufg_I_O)         0.027     1.056 r  system_i/DataAcquisition/axis_red_pitaya_adc_0/inst/adc_clk_inst/O
                         net (fo=173, routed)         0.580     1.635    system_i/FrequencyCounter/frequency_counter_0/inst/clk
    SLICE_X38Y27         FDRE                                         r  system_i/FrequencyCounter/frequency_counter_0/inst/state_reg/C
  -------------------------------------------------------------------    -------------------
    SLICE_X38Y27         FDRE (Prop_fdre_C_Q)         0.164     1.799 r  system_i/FrequencyCounter/frequency_counter_0/inst/state_reg/Q
                         net (fo=4, routed)           0.186     1.986    system_i/FrequencyCounter/frequency_counter_0/inst/state
    SLICE_X38Y27         LUT3 (Prop_lut3_I1_O)        0.045     2.031 r  system_i/FrequencyCounter/frequency_counter_0/inst/state_i_1/O
                         net (fo=1, routed)           0.000     2.031    system_i/FrequencyCounter/frequency_counter_0/inst/state_next
    SLICE_X38Y27         FDRE                                         r  system_i/FrequencyCounter/frequency_counter_0/inst/state_reg/D
  -------------------------------------------------------------------    -------------------

                         (clock adc_clk rise edge)    0.000     0.000 r  
    U18                                               0.000     0.000 r  adc_clk_p_i (IN)
                         net (fo=0)                   0.000     0.000    system_i/DataAcquisition/axis_red_pitaya_adc_0/inst/adc_clk_p
    U18                  IBUFDS (Prop_ibufds_I_O)     0.433     0.433 r  system_i/DataAcquisition/axis_red_pitaya_adc_0/inst/adc_clk_inst0/O
                         net (fo=1, routed)           0.683     1.116    system_i/DataAcquisition/axis_red_pitaya_adc_0/inst/int_clk0
    BUFGCTRL_X0Y1        BUFG (Prop_bufg_I_O)         0.030     1.146 r  system_i/DataAcquisition/axis_red_pitaya_adc_0/inst/adc_clk_inst/O
                         net (fo=173, routed)         0.846     1.992    system_i/FrequencyCounter/frequency_counter_0/inst/clk
    SLICE_X38Y27         FDRE                                         r  system_i/FrequencyCounter/frequency_counter_0/inst/state_reg/C
                         clock pessimism             -0.357     1.635    
    SLICE_X38Y27         FDRE (Hold_fdre_C_D)         0.120     1.755    system_i/FrequencyCounter/frequency_counter_0/inst/state_reg
  -------------------------------------------------------------------
                         required time                         -1.755    
                         arrival time                           2.031    
  -------------------------------------------------------------------
                         slack                                  0.275    

Slack (MET) :             0.279ns  (arrival time - required time)
  Source:                 system_i/FrequencyCounter/frequency_counter_0/inst/pulse_reg[0]/C
                            (rising edge-triggered cell FDRE clocked by adc_clk  {rise@0.000ns fall@4.000ns period=8.000ns})
  Destination:            system_i/FrequencyCounter/frequency_counter_0/inst/pulse_reg[0]/D
                            (rising edge-triggered cell FDRE clocked by adc_clk  {rise@0.000ns fall@4.000ns period=8.000ns})
  Path Group:             adc_clk
  Path Type:              Hold (Min at Fast Process Corner)
  Requirement:            0.000ns  (adc_clk rise@0.000ns - adc_clk rise@0.000ns)
  Data Path Delay:        0.371ns  (logic 0.186ns (50.070%)  route 0.185ns (49.930%))
  Logic Levels:           1  (LUT3=1)
  Clock Path Skew:        0.000ns (DCD - SCD - CPR)
    Destination Clock Delay (DCD):    2.003ns
    Source Clock Delay      (SCD):    1.643ns
    Clock Pessimism Removal (CPR):    0.360ns

    Location             Delay type                Incr(ns)  Path(ns)    Netlist Resource(s)
  -------------------------------------------------------------------    -------------------
                         (clock adc_clk rise edge)    0.000     0.000 r  
    U18                                               0.000     0.000 r  adc_clk_p_i (IN)
                         net (fo=0)                   0.000     0.000    system_i/DataAcquisition/axis_red_pitaya_adc_0/inst/adc_clk_p
    U18                  IBUFDS (Prop_ibufds_I_O)     0.401     0.401 r  system_i/DataAcquisition/axis_red_pitaya_adc_0/inst/adc_clk_inst0/O
                         net (fo=1, routed)           0.627     1.029    system_i/DataAcquisition/axis_red_pitaya_adc_0/inst/int_clk0
    BUFGCTRL_X0Y1        BUFG (Prop_bufg_I_O)         0.027     1.056 r  system_i/DataAcquisition/axis_red_pitaya_adc_0/inst/adc_clk_inst/O
                         net (fo=173, routed)         0.588     1.643    system_i/FrequencyCounter/frequency_counter_0/inst/clk
    SLICE_X37Y38         FDRE                                         r  system_i/FrequencyCounter/frequency_counter_0/inst/pulse_reg[0]/C
  -------------------------------------------------------------------    -------------------
    SLICE_X37Y38         FDRE (Prop_fdre_C_Q)         0.141     1.784 r  system_i/FrequencyCounter/frequency_counter_0/inst/pulse_reg[0]/Q
                         net (fo=10, routed)          0.185     1.970    system_i/FrequencyCounter/frequency_counter_0/inst/pulse_reg[0]_0
    SLICE_X37Y38         LUT3 (Prop_lut3_I1_O)        0.045     2.015 r  system_i/FrequencyCounter/frequency_counter_0/inst/pulse[0]_i_1/O
                         net (fo=1, routed)           0.000     2.015    system_i/FrequencyCounter/frequency_counter_0/inst/pulse[0]_i_1_n_0
    SLICE_X37Y38         FDRE                                         r  system_i/FrequencyCounter/frequency_counter_0/inst/pulse_reg[0]/D
  -------------------------------------------------------------------    -------------------

                         (clock adc_clk rise edge)    0.000     0.000 r  
    U18                                               0.000     0.000 r  adc_clk_p_i (IN)
                         net (fo=0)                   0.000     0.000    system_i/DataAcquisition/axis_red_pitaya_adc_0/inst/adc_clk_p
    U18                  IBUFDS (Prop_ibufds_I_O)     0.433     0.433 r  system_i/DataAcquisition/axis_red_pitaya_adc_0/inst/adc_clk_inst0/O
                         net (fo=1, routed)           0.683     1.116    system_i/DataAcquisition/axis_red_pitaya_adc_0/inst/int_clk0
    BUFGCTRL_X0Y1        BUFG (Prop_bufg_I_O)         0.030     1.146 r  system_i/DataAcquisition/axis_red_pitaya_adc_0/inst/adc_clk_inst/O
                         net (fo=173, routed)         0.857     2.003    system_i/FrequencyCounter/frequency_counter_0/inst/clk
    SLICE_X37Y38         FDRE                                         r  system_i/FrequencyCounter/frequency_counter_0/inst/pulse_reg[0]/C
                         clock pessimism             -0.360     1.643    
    SLICE_X37Y38         FDRE (Hold_fdre_C_D)         0.092     1.735    system_i/FrequencyCounter/frequency_counter_0/inst/pulse_reg[0]
  -------------------------------------------------------------------
                         required time                         -1.735    
                         arrival time                           2.015    
  -------------------------------------------------------------------
                         slack                                  0.279    

Slack (MET) :             0.281ns  (arrival time - required time)
  Source:                 system_i/FrequencyCounter/frequency_counter_0/inst/clock_counter_reg[18]/C
                            (rising edge-triggered cell FDRE clocked by adc_clk  {rise@0.000ns fall@4.000ns period=8.000ns})
  Destination:            system_i/FrequencyCounter/frequency_counter_0/inst/clock_counter_reg[18]/D
                            (rising edge-triggered cell FDRE clocked by adc_clk  {rise@0.000ns fall@4.000ns period=8.000ns})
  Path Group:             adc_clk
  Path Type:              Hold (Min at Fast Process Corner)
  Requirement:            0.000ns  (adc_clk rise@0.000ns - adc_clk rise@0.000ns)
  Data Path Delay:        0.386ns  (logic 0.252ns (65.354%)  route 0.134ns (34.646%))
  Logic Levels:           1  (CARRY4=1)
  Clock Path Skew:        0.000ns (DCD - SCD - CPR)
    Destination Clock Delay (DCD):    2.000ns
    Source Clock Delay      (SCD):    1.641ns
    Clock Pessimism Removal (CPR):    0.359ns

    Location             Delay type                Incr(ns)  Path(ns)    Netlist Resource(s)
  -------------------------------------------------------------------    -------------------
                         (clock adc_clk rise edge)    0.000     0.000 r  
    U18                                               0.000     0.000 r  adc_clk_p_i (IN)
                         net (fo=0)                   0.000     0.000    system_i/DataAcquisition/axis_red_pitaya_adc_0/inst/adc_clk_p
    U18                  IBUFDS (Prop_ibufds_I_O)     0.401     0.401 r  system_i/DataAcquisition/axis_red_pitaya_adc_0/inst/adc_clk_inst0/O
                         net (fo=1, routed)           0.627     1.029    system_i/DataAcquisition/axis_red_pitaya_adc_0/inst/int_clk0
    BUFGCTRL_X0Y1        BUFG (Prop_bufg_I_O)         0.027     1.056 r  system_i/DataAcquisition/axis_red_pitaya_adc_0/inst/adc_clk_inst/O
                         net (fo=173, routed)         0.586     1.641    system_i/FrequencyCounter/frequency_counter_0/inst/clk
    SLICE_X36Y35         FDRE                                         r  system_i/FrequencyCounter/frequency_counter_0/inst/clock_counter_reg[18]/C
  -------------------------------------------------------------------    -------------------
    SLICE_X36Y35         FDRE (Prop_fdre_C_Q)         0.141     1.782 r  system_i/FrequencyCounter/frequency_counter_0/inst/clock_counter_reg[18]/Q
                         net (fo=4, routed)           0.134     1.916    system_i/FrequencyCounter/frequency_counter_0/inst/clock_counter[18]
    SLICE_X36Y35         CARRY4 (Prop_carry4_S[2]_O[2])
                                                      0.111     2.027 r  system_i/FrequencyCounter/frequency_counter_0/inst/clock_counter_reg[19]_i_1/O[2]
                         net (fo=1, routed)           0.000     2.027    system_i/FrequencyCounter/frequency_counter_0/inst/clock_counter_reg[19]_i_1_n_5
    SLICE_X36Y35         FDRE                                         r  system_i/FrequencyCounter/frequency_counter_0/inst/clock_counter_reg[18]/D
  -------------------------------------------------------------------    -------------------

                         (clock adc_clk rise edge)    0.000     0.000 r  
    U18                                               0.000     0.000 r  adc_clk_p_i (IN)
                         net (fo=0)                   0.000     0.000    system_i/DataAcquisition/axis_red_pitaya_adc_0/inst/adc_clk_p
    U18                  IBUFDS (Prop_ibufds_I_O)     0.433     0.433 r  system_i/DataAcquisition/axis_red_pitaya_adc_0/inst/adc_clk_inst0/O
                         net (fo=1, routed)           0.683     1.116    system_i/DataAcquisition/axis_red_pitaya_adc_0/inst/int_clk0
    BUFGCTRL_X0Y1        BUFG (Prop_bufg_I_O)         0.030     1.146 r  system_i/DataAcquisition/axis_red_pitaya_adc_0/inst/adc_clk_inst/O
                         net (fo=173, routed)         0.854     2.000    system_i/FrequencyCounter/frequency_counter_0/inst/clk
    SLICE_X36Y35         FDRE                                         r  system_i/FrequencyCounter/frequency_counter_0/inst/clock_counter_reg[18]/C
                         clock pessimism             -0.359     1.641    
    SLICE_X36Y35         FDRE (Hold_fdre_C_D)         0.105     1.746    system_i/FrequencyCounter/frequency_counter_0/inst/clock_counter_reg[18]
  -------------------------------------------------------------------
                         required time                         -1.746    
                         arrival time                           2.027    
  -------------------------------------------------------------------
                         slack                                  0.281    

Slack (MET) :             0.283ns  (arrival time - required time)
  Source:                 system_i/FrequencyCounter/frequency_counter_0/inst/clock_counter_reg[0]/C
                            (rising edge-triggered cell FDRE clocked by adc_clk  {rise@0.000ns fall@4.000ns period=8.000ns})
  Destination:            system_i/FrequencyCounter/frequency_counter_0/inst/clock_counter_reg[2]/D
                            (rising edge-triggered cell FDRE clocked by adc_clk  {rise@0.000ns fall@4.000ns period=8.000ns})
  Path Group:             adc_clk
  Path Type:              Hold (Min at Fast Process Corner)
  Requirement:            0.000ns  (adc_clk rise@0.000ns - adc_clk rise@0.000ns)
  Data Path Delay:        0.388ns  (logic 0.298ns (76.858%)  route 0.090ns (23.142%))
  Logic Levels:           1  (CARRY4=1)
  Clock Path Skew:        0.000ns (DCD - SCD - CPR)
    Destination Clock Delay (DCD):    1.996ns
    Source Clock Delay      (SCD):    1.638ns
    Clock Pessimism Removal (CPR):    0.358ns

    Location             Delay type                Incr(ns)  Path(ns)    Netlist Resource(s)
  -------------------------------------------------------------------    -------------------
                         (clock adc_clk rise edge)    0.000     0.000 r  
    U18                                               0.000     0.000 r  adc_clk_p_i (IN)
                         net (fo=0)                   0.000     0.000    system_i/DataAcquisition/axis_red_pitaya_adc_0/inst/adc_clk_p
    U18                  IBUFDS (Prop_ibufds_I_O)     0.401     0.401 r  system_i/DataAcquisition/axis_red_pitaya_adc_0/inst/adc_clk_inst0/O
                         net (fo=1, routed)           0.627     1.029    system_i/DataAcquisition/axis_red_pitaya_adc_0/inst/int_clk0
    BUFGCTRL_X0Y1        BUFG (Prop_bufg_I_O)         0.027     1.056 r  system_i/DataAcquisition/axis_red_pitaya_adc_0/inst/adc_clk_inst/O
                         net (fo=173, routed)         0.583     1.638    system_i/FrequencyCounter/frequency_counter_0/inst/clk
    SLICE_X36Y31         FDRE                                         r  system_i/FrequencyCounter/frequency_counter_0/inst/clock_counter_reg[0]/C
  -------------------------------------------------------------------    -------------------
    SLICE_X36Y31         FDRE (Prop_fdre_C_Q)         0.141     1.779 r  system_i/FrequencyCounter/frequency_counter_0/inst/clock_counter_reg[0]/Q
                         net (fo=4, routed)           0.090     1.869    system_i/FrequencyCounter/frequency_counter_0/inst/clock_counter[0]
    SLICE_X36Y31         CARRY4 (Prop_carry4_DI[0]_O[2])
                                                      0.157     2.026 r  system_i/FrequencyCounter/frequency_counter_0/inst/clock_counter_reg[3]_i_1/O[2]
                         net (fo=1, routed)           0.000     2.026    system_i/FrequencyCounter/frequency_counter_0/inst/clock_counter_reg[3]_i_1_n_5
    SLICE_X36Y31         FDRE                                         r  system_i/FrequencyCounter/frequency_counter_0/inst/clock_counter_reg[2]/D
  -------------------------------------------------------------------    -------------------

                         (clock adc_clk rise edge)    0.000     0.000 r  
    U18                                               0.000     0.000 r  adc_clk_p_i (IN)
                         net (fo=0)                   0.000     0.000    system_i/DataAcquisition/axis_red_pitaya_adc_0/inst/adc_clk_p
    U18                  IBUFDS (Prop_ibufds_I_O)     0.433     0.433 r  system_i/DataAcquisition/axis_red_pitaya_adc_0/inst/adc_clk_inst0/O
                         net (fo=1, routed)           0.683     1.116    system_i/DataAcquisition/axis_red_pitaya_adc_0/inst/int_clk0
    BUFGCTRL_X0Y1        BUFG (Prop_bufg_I_O)         0.030     1.146 r  system_i/DataAcquisition/axis_red_pitaya_adc_0/inst/adc_clk_inst/O
                         net (fo=173, routed)         0.850     1.996    system_i/FrequencyCounter/frequency_counter_0/inst/clk
    SLICE_X36Y31         FDRE                                         r  system_i/FrequencyCounter/frequency_counter_0/inst/clock_counter_reg[2]/C
                         clock pessimism             -0.358     1.638    
    SLICE_X36Y31         FDRE (Hold_fdre_C_D)         0.105     1.743    system_i/FrequencyCounter/frequency_counter_0/inst/clock_counter_reg[2]
  -------------------------------------------------------------------
                         required time                         -1.743    
                         arrival time                           2.026    
  -------------------------------------------------------------------
                         slack                                  0.283    

Slack (MET) :             0.288ns  (arrival time - required time)
  Source:                 system_i/FrequencyCounter/frequency_counter_0/inst/counter1_output_reg[27]/C
                            (rising edge-triggered cell FDRE clocked by adc_clk  {rise@0.000ns fall@4.000ns period=8.000ns})
  Destination:            system_i/FrequencyCounter/frequency_counter_0/inst/counter1_output_reg[27]/D
                            (rising edge-triggered cell FDRE clocked by adc_clk  {rise@0.000ns fall@4.000ns period=8.000ns})
  Path Group:             adc_clk
  Path Type:              Hold (Min at Fast Process Corner)
  Requirement:            0.000ns  (adc_clk rise@0.000ns - adc_clk rise@0.000ns)
  Data Path Delay:        0.422ns  (logic 0.273ns (64.646%)  route 0.149ns (35.354%))
  Logic Levels:           1  (CARRY4=1)
  Clock Path Skew:        0.000ns (DCD - SCD - CPR)
    Destination Clock Delay (DCD):    2.000ns
    Source Clock Delay      (SCD):    1.641ns
    Clock Pessimism Removal (CPR):    0.359ns

    Location             Delay type                Incr(ns)  Path(ns)    Netlist Resource(s)
  -------------------------------------------------------------------    -------------------
                         (clock adc_clk rise edge)    0.000     0.000 r  
    U18                                               0.000     0.000 r  adc_clk_p_i (IN)
                         net (fo=0)                   0.000     0.000    system_i/DataAcquisition/axis_red_pitaya_adc_0/inst/adc_clk_p
    U18                  IBUFDS (Prop_ibufds_I_O)     0.401     0.401 r  system_i/DataAcquisition/axis_red_pitaya_adc_0/inst/adc_clk_inst0/O
                         net (fo=1, routed)           0.627     1.029    system_i/DataAcquisition/axis_red_pitaya_adc_0/inst/int_clk0
    BUFGCTRL_X0Y1        BUFG (Prop_bufg_I_O)         0.027     1.056 r  system_i/DataAcquisition/axis_red_pitaya_adc_0/inst/adc_clk_inst/O
                         net (fo=173, routed)         0.586     1.641    system_i/FrequencyCounter/frequency_counter_0/inst/clk
    SLICE_X38Y35         FDRE                                         r  system_i/FrequencyCounter/frequency_counter_0/inst/counter1_output_reg[27]/C
  -------------------------------------------------------------------    -------------------
    SLICE_X38Y35         FDRE (Prop_fdre_C_Q)         0.164     1.805 r  system_i/FrequencyCounter/frequency_counter_0/inst/counter1_output_reg[27]/Q
                         net (fo=2, routed)           0.149     1.954    system_i/FrequencyCounter/frequency_counter_0/inst/counter1_output[27]
    SLICE_X38Y35         CARRY4 (Prop_carry4_S[3]_O[3])
                                                      0.109     2.063 r  system_i/FrequencyCounter/frequency_counter_0/inst/counter1_output_reg[27]_i_1/O[3]
                         net (fo=1, routed)           0.000     2.063    system_i/FrequencyCounter/frequency_counter_0/inst/counter1_output_reg[27]_i_1_n_4
    SLICE_X38Y35         FDRE                                         r  system_i/FrequencyCounter/frequency_counter_0/inst/counter1_output_reg[27]/D
  -------------------------------------------------------------------    -------------------

                         (clock adc_clk rise edge)    0.000     0.000 r  
    U18                                               0.000     0.000 r  adc_clk_p_i (IN)
                         net (fo=0)                   0.000     0.000    system_i/DataAcquisition/axis_red_pitaya_adc_0/inst/adc_clk_p
    U18                  IBUFDS (Prop_ibufds_I_O)     0.433     0.433 r  system_i/DataAcquisition/axis_red_pitaya_adc_0/inst/adc_clk_inst0/O
                         net (fo=1, routed)           0.683     1.116    system_i/DataAcquisition/axis_red_pitaya_adc_0/inst/int_clk0
    BUFGCTRL_X0Y1        BUFG (Prop_bufg_I_O)         0.030     1.146 r  system_i/DataAcquisition/axis_red_pitaya_adc_0/inst/adc_clk_inst/O
                         net (fo=173, routed)         0.854     2.000    system_i/FrequencyCounter/frequency_counter_0/inst/clk
    SLICE_X38Y35         FDRE                                         r  system_i/FrequencyCounter/frequency_counter_0/inst/counter1_output_reg[27]/C
                         clock pessimism             -0.359     1.641    
    SLICE_X38Y35         FDRE (Hold_fdre_C_D)         0.134     1.775    system_i/FrequencyCounter/frequency_counter_0/inst/counter1_output_reg[27]
  -------------------------------------------------------------------
                         required time                         -1.775    
                         arrival time                           2.063    
  -------------------------------------------------------------------
                         slack                                  0.288    

Slack (MET) :             0.293ns  (arrival time - required time)
  Source:                 system_i/FrequencyCounter/frequency_counter_0/inst/clock_counter_reg[26]/C
                            (rising edge-triggered cell FDRE clocked by adc_clk  {rise@0.000ns fall@4.000ns period=8.000ns})
  Destination:            system_i/FrequencyCounter/frequency_counter_0/inst/clock_counter_reg[26]/D
                            (rising edge-triggered cell FDRE clocked by adc_clk  {rise@0.000ns fall@4.000ns period=8.000ns})
  Path Group:             adc_clk
  Path Type:              Hold (Min at Fast Process Corner)
  Requirement:            0.000ns  (adc_clk rise@0.000ns - adc_clk rise@0.000ns)
  Data Path Delay:        0.398ns  (logic 0.252ns (63.360%)  route 0.146ns (36.640%))
  Logic Levels:           1  (CARRY4=1)
  Clock Path Skew:        0.000ns (DCD - SCD - CPR)
    Destination Clock Delay (DCD):    2.001ns
    Source Clock Delay      (SCD):    1.642ns
    Clock Pessimism Removal (CPR):    0.359ns

    Location             Delay type                Incr(ns)  Path(ns)    Netlist Resource(s)
  -------------------------------------------------------------------    -------------------
                         (clock adc_clk rise edge)    0.000     0.000 r  
    U18                                               0.000     0.000 r  adc_clk_p_i (IN)
                         net (fo=0)                   0.000     0.000    system_i/DataAcquisition/axis_red_pitaya_adc_0/inst/adc_clk_p
    U18                  IBUFDS (Prop_ibufds_I_O)     0.401     0.401 r  system_i/DataAcquisition/axis_red_pitaya_adc_0/inst/adc_clk_inst0/O
                         net (fo=1, routed)           0.627     1.029    system_i/DataAcquisition/axis_red_pitaya_adc_0/inst/int_clk0
    BUFGCTRL_X0Y1        BUFG (Prop_bufg_I_O)         0.027     1.056 r  system_i/DataAcquisition/axis_red_pitaya_adc_0/inst/adc_clk_inst/O
                         net (fo=173, routed)         0.587     1.642    system_i/FrequencyCounter/frequency_counter_0/inst/clk
    SLICE_X36Y37         FDRE                                         r  system_i/FrequencyCounter/frequency_counter_0/inst/clock_counter_reg[26]/C
  -------------------------------------------------------------------    -------------------
    SLICE_X36Y37         FDRE (Prop_fdre_C_Q)         0.141     1.783 r  system_i/FrequencyCounter/frequency_counter_0/inst/clock_counter_reg[26]/Q
                         net (fo=4, routed)           0.146     1.929    system_i/FrequencyCounter/frequency_counter_0/inst/clock_counter[26]
    SLICE_X36Y37         CARRY4 (Prop_carry4_S[2]_O[2])
                                                      0.111     2.040 r  system_i/FrequencyCounter/frequency_counter_0/inst/clock_counter_reg[27]_i_1/O[2]
                         net (fo=1, routed)           0.000     2.040    system_i/FrequencyCounter/frequency_counter_0/inst/clock_counter_reg[27]_i_1_n_5
    SLICE_X36Y37         FDRE                                         r  system_i/FrequencyCounter/frequency_counter_0/inst/clock_counter_reg[26]/D
  -------------------------------------------------------------------    -------------------

                         (clock adc_clk rise edge)    0.000     0.000 r  
    U18                                               0.000     0.000 r  adc_clk_p_i (IN)
                         net (fo=0)                   0.000     0.000    system_i/DataAcquisition/axis_red_pitaya_adc_0/inst/adc_clk_p
    U18                  IBUFDS (Prop_ibufds_I_O)     0.433     0.433 r  system_i/DataAcquisition/axis_red_pitaya_adc_0/inst/adc_clk_inst0/O
                         net (fo=1, routed)           0.683     1.116    system_i/DataAcquisition/axis_red_pitaya_adc_0/inst/int_clk0
    BUFGCTRL_X0Y1        BUFG (Prop_bufg_I_O)         0.030     1.146 r  system_i/DataAcquisition/axis_red_pitaya_adc_0/inst/adc_clk_inst/O
                         net (fo=173, routed)         0.855     2.001    system_i/FrequencyCounter/frequency_counter_0/inst/clk
    SLICE_X36Y37         FDRE                                         r  system_i/FrequencyCounter/frequency_counter_0/inst/clock_counter_reg[26]/C
                         clock pessimism             -0.359     1.642    
    SLICE_X36Y37         FDRE (Hold_fdre_C_D)         0.105     1.747    system_i/FrequencyCounter/frequency_counter_0/inst/clock_counter_reg[26]
  -------------------------------------------------------------------
                         required time                         -1.747    
                         arrival time                           2.040    
  -------------------------------------------------------------------
                         slack                                  0.293    

Slack (MET) :             0.293ns  (arrival time - required time)
  Source:                 system_i/FrequencyCounter/frequency_counter_0/inst/clock_counter_reg[30]/C
                            (rising edge-triggered cell FDRE clocked by adc_clk  {rise@0.000ns fall@4.000ns period=8.000ns})
  Destination:            system_i/FrequencyCounter/frequency_counter_0/inst/clock_counter_reg[30]/D
                            (rising edge-triggered cell FDRE clocked by adc_clk  {rise@0.000ns fall@4.000ns period=8.000ns})
  Path Group:             adc_clk
  Path Type:              Hold (Min at Fast Process Corner)
  Requirement:            0.000ns  (adc_clk rise@0.000ns - adc_clk rise@0.000ns)
  Data Path Delay:        0.398ns  (logic 0.252ns (63.360%)  route 0.146ns (36.640%))
  Logic Levels:           1  (CARRY4=1)
  Clock Path Skew:        0.000ns (DCD - SCD - CPR)
    Destination Clock Delay (DCD):    2.003ns
    Source Clock Delay      (SCD):    1.643ns
    Clock Pessimism Removal (CPR):    0.360ns

    Location             Delay type                Incr(ns)  Path(ns)    Netlist Resource(s)
  -------------------------------------------------------------------    -------------------
                         (clock adc_clk rise edge)    0.000     0.000 r  
    U18                                               0.000     0.000 r  adc_clk_p_i (IN)
                         net (fo=0)                   0.000     0.000    system_i/DataAcquisition/axis_red_pitaya_adc_0/inst/adc_clk_p
    U18                  IBUFDS (Prop_ibufds_I_O)     0.401     0.401 r  system_i/DataAcquisition/axis_red_pitaya_adc_0/inst/adc_clk_inst0/O
                         net (fo=1, routed)           0.627     1.029    system_i/DataAcquisition/axis_red_pitaya_adc_0/inst/int_clk0
    BUFGCTRL_X0Y1        BUFG (Prop_bufg_I_O)         0.027     1.056 r  system_i/DataAcquisition/axis_red_pitaya_adc_0/inst/adc_clk_inst/O
                         net (fo=173, routed)         0.588     1.643    system_i/FrequencyCounter/frequency_counter_0/inst/clk
    SLICE_X36Y38         FDRE                                         r  system_i/FrequencyCounter/frequency_counter_0/inst/clock_counter_reg[30]/C
  -------------------------------------------------------------------    -------------------
    SLICE_X36Y38         FDRE (Prop_fdre_C_Q)         0.141     1.784 r  system_i/FrequencyCounter/frequency_counter_0/inst/clock_counter_reg[30]/Q
                         net (fo=4, routed)           0.146     1.930    system_i/FrequencyCounter/frequency_counter_0/inst/clock_counter[30]
    SLICE_X36Y38         CARRY4 (Prop_carry4_S[2]_O[2])
                                                      0.111     2.041 r  system_i/FrequencyCounter/frequency_counter_0/inst/clock_counter_reg[31]_i_2/O[2]
                         net (fo=1, routed)           0.000     2.041    system_i/FrequencyCounter/frequency_counter_0/inst/clock_counter_reg[31]_i_2_n_5
    SLICE_X36Y38         FDRE                                         r  system_i/FrequencyCounter/frequency_counter_0/inst/clock_counter_reg[30]/D
  -------------------------------------------------------------------    -------------------

                         (clock adc_clk rise edge)    0.000     0.000 r  
    U18                                               0.000     0.000 r  adc_clk_p_i (IN)
                         net (fo=0)                   0.000     0.000    system_i/DataAcquisition/axis_red_pitaya_adc_0/inst/adc_clk_p
    U18                  IBUFDS (Prop_ibufds_I_O)     0.433     0.433 r  system_i/DataAcquisition/axis_red_pitaya_adc_0/inst/adc_clk_inst0/O
                         net (fo=1, routed)           0.683     1.116    system_i/DataAcquisition/axis_red_pitaya_adc_0/inst/int_clk0
    BUFGCTRL_X0Y1        BUFG (Prop_bufg_I_O)         0.030     1.146 r  system_i/DataAcquisition/axis_red_pitaya_adc_0/inst/adc_clk_inst/O
                         net (fo=173, routed)         0.857     2.003    system_i/FrequencyCounter/frequency_counter_0/inst/clk
    SLICE_X36Y38         FDRE                                         r  system_i/FrequencyCounter/frequency_counter_0/inst/clock_counter_reg[30]/C
                         clock pessimism             -0.360     1.643    
    SLICE_X36Y38         FDRE (Hold_fdre_C_D)         0.105     1.748    system_i/FrequencyCounter/frequency_counter_0/inst/clock_counter_reg[30]
  -------------------------------------------------------------------
                         required time                         -1.748    
                         arrival time                           2.041    
  -------------------------------------------------------------------
                         slack                                  0.293    

Slack (MET) :             0.303ns  (arrival time - required time)
  Source:                 system_i/FrequencyCounter/frequency_counter_0/inst/clock_counter_reg[0]/C
                            (rising edge-triggered cell FDRE clocked by adc_clk  {rise@0.000ns fall@4.000ns period=8.000ns})
  Destination:            system_i/FrequencyCounter/frequency_counter_0/inst/clock_counter_reg[3]/D
                            (rising edge-triggered cell FDRE clocked by adc_clk  {rise@0.000ns fall@4.000ns period=8.000ns})
  Path Group:             adc_clk
  Path Type:              Hold (Min at Fast Process Corner)
  Requirement:            0.000ns  (adc_clk rise@0.000ns - adc_clk rise@0.000ns)
  Data Path Delay:        0.408ns  (logic 0.318ns (77.993%)  route 0.090ns (22.007%))
  Logic Levels:           1  (CARRY4=1)
  Clock Path Skew:        0.000ns (DCD - SCD - CPR)
    Destination Clock Delay (DCD):    1.996ns
    Source Clock Delay      (SCD):    1.638ns
    Clock Pessimism Removal (CPR):    0.358ns

    Location             Delay type                Incr(ns)  Path(ns)    Netlist Resource(s)
  -------------------------------------------------------------------    -------------------
                         (clock adc_clk rise edge)    0.000     0.000 r  
    U18                                               0.000     0.000 r  adc_clk_p_i (IN)
                         net (fo=0)                   0.000     0.000    system_i/DataAcquisition/axis_red_pitaya_adc_0/inst/adc_clk_p
    U18                  IBUFDS (Prop_ibufds_I_O)     0.401     0.401 r  system_i/DataAcquisition/axis_red_pitaya_adc_0/inst/adc_clk_inst0/O
                         net (fo=1, routed)           0.627     1.029    system_i/DataAcquisition/axis_red_pitaya_adc_0/inst/int_clk0
    BUFGCTRL_X0Y1        BUFG (Prop_bufg_I_O)         0.027     1.056 r  system_i/DataAcquisition/axis_red_pitaya_adc_0/inst/adc_clk_inst/O
                         net (fo=173, routed)         0.583     1.638    system_i/FrequencyCounter/frequency_counter_0/inst/clk
    SLICE_X36Y31         FDRE                                         r  system_i/FrequencyCounter/frequency_counter_0/inst/clock_counter_reg[0]/C
  -------------------------------------------------------------------    -------------------
    SLICE_X36Y31         FDRE (Prop_fdre_C_Q)         0.141     1.779 r  system_i/FrequencyCounter/frequency_counter_0/inst/clock_counter_reg[0]/Q
                         net (fo=4, routed)           0.090     1.869    system_i/FrequencyCounter/frequency_counter_0/inst/clock_counter[0]
    SLICE_X36Y31         CARRY4 (Prop_carry4_DI[0]_O[3])
                                                      0.177     2.046 r  system_i/FrequencyCounter/frequency_counter_0/inst/clock_counter_reg[3]_i_1/O[3]
                         net (fo=1, routed)           0.000     2.046    system_i/FrequencyCounter/frequency_counter_0/inst/clock_counter_reg[3]_i_1_n_4
    SLICE_X36Y31         FDRE                                         r  system_i/FrequencyCounter/frequency_counter_0/inst/clock_counter_reg[3]/D
  -------------------------------------------------------------------    -------------------

                         (clock adc_clk rise edge)    0.000     0.000 r  
    U18                                               0.000     0.000 r  adc_clk_p_i (IN)
                         net (fo=0)                   0.000     0.000    system_i/DataAcquisition/axis_red_pitaya_adc_0/inst/adc_clk_p
    U18                  IBUFDS (Prop_ibufds_I_O)     0.433     0.433 r  system_i/DataAcquisition/axis_red_pitaya_adc_0/inst/adc_clk_inst0/O
                         net (fo=1, routed)           0.683     1.116    system_i/DataAcquisition/axis_red_pitaya_adc_0/inst/int_clk0
    BUFGCTRL_X0Y1        BUFG (Prop_bufg_I_O)         0.030     1.146 r  system_i/DataAcquisition/axis_red_pitaya_adc_0/inst/adc_clk_inst/O
                         net (fo=173, routed)         0.850     1.996    system_i/FrequencyCounter/frequency_counter_0/inst/clk
    SLICE_X36Y31         FDRE                                         r  system_i/FrequencyCounter/frequency_counter_0/inst/clock_counter_reg[3]/C
                         clock pessimism             -0.358     1.638    
    SLICE_X36Y31         FDRE (Hold_fdre_C_D)         0.105     1.743    system_i/FrequencyCounter/frequency_counter_0/inst/clock_counter_reg[3]
  -------------------------------------------------------------------
                         required time                         -1.743    
                         arrival time                           2.046    
  -------------------------------------------------------------------
                         slack                                  0.303    





Pulse Width Checks
--------------------------------------------------------------------------------------
Clock Name:         adc_clk
Waveform(ns):       { 0.000 4.000 }
Period(ns):         8.000
Sources:            { adc_clk_p_i }

Check Type        Corner  Lib Pin  Reference Pin  Required(ns)  Actual(ns)  Slack(ns)  Location       Pin
Min Period        n/a     BUFG/I   n/a            2.155         8.000       5.845      BUFGCTRL_X0Y1  system_i/DataAcquisition/axis_red_pitaya_adc_0/inst/adc_clk_inst/I
Min Period        n/a     FDRE/C   n/a            1.474         8.000       6.526      ILOGIC_X0Y19   system_i/DataAcquisition/axis_red_pitaya_adc_0/inst/int_dat_b_reg_reg[7]/C
Min Period        n/a     FDRE/C   n/a            1.474         8.000       6.526      ILOGIC_X0Y18   system_i/DataAcquisition/axis_red_pitaya_adc_0/inst/int_dat_b_reg_reg[8]/C
Min Period        n/a     FDRE/C   n/a            1.474         8.000       6.526      ILOGIC_X0Y17   system_i/DataAcquisition/axis_red_pitaya_adc_0/inst/int_dat_b_reg_reg[9]/C
Min Period        n/a     FDRE/C   n/a            1.474         8.000       6.526      ILOGIC_X0Y35   system_i/DataAcquisition/axis_red_pitaya_adc_0/inst/int_dat_a_reg_reg[0]/C
Min Period        n/a     FDRE/C   n/a            1.474         8.000       6.526      ILOGIC_X0Y39   system_i/DataAcquisition/axis_red_pitaya_adc_0/inst/int_dat_a_reg_reg[10]/C
Min Period        n/a     FDRE/C   n/a            1.474         8.000       6.526      ILOGIC_X0Y30   system_i/DataAcquisition/axis_red_pitaya_adc_0/inst/int_dat_a_reg_reg[11]/C
Min Period        n/a     FDRE/C   n/a            1.474         8.000       6.526      ILOGIC_X0Y32   system_i/DataAcquisition/axis_red_pitaya_adc_0/inst/int_dat_a_reg_reg[12]/C
Min Period        n/a     FDRE/C   n/a            1.474         8.000       6.526      ILOGIC_X0Y14   system_i/DataAcquisition/axis_red_pitaya_adc_0/inst/int_dat_a_reg_reg[13]/C
Min Period        n/a     FDRE/C   n/a            1.474         8.000       6.526      ILOGIC_X0Y13   system_i/DataAcquisition/axis_red_pitaya_adc_0/inst/int_dat_a_reg_reg[1]/C
Low Pulse Width   Slow    FDRE/C   n/a            0.500         4.000       3.500      SLICE_X36Y31   system_i/FrequencyCounter/frequency_counter_0/inst/clock_counter_reg[0]/C
Low Pulse Width   Fast    FDRE/C   n/a            0.500         4.000       3.500      SLICE_X42Y36   system_i/FrequencyCounter/frequency_counter_0/inst/counter2_output_reg[2]/C
Low Pulse Width   Fast    FDRE/C   n/a            0.500         4.000       3.500      SLICE_X42Y36   system_i/FrequencyCounter/frequency_counter_0/inst/counter2_output_reg[3]/C
Low Pulse Width   Fast    FDRE/C   n/a            0.500         4.000       3.500      SLICE_X43Y36   system_i/FrequencyCounter/frequency_counter_0/inst/counter2_output_reg[4]/C
Low Pulse Width   Fast    FDRE/C   n/a            0.500         4.000       3.500      SLICE_X43Y36   system_i/FrequencyCounter/frequency_counter_0/inst/counter2_output_reg[5]/C
Low Pulse Width   Fast    FDRE/C   n/a            0.500         4.000       3.500      SLICE_X43Y36   system_i/FrequencyCounter/frequency_counter_0/inst/counter2_output_reg[6]/C
Low Pulse Width   Fast    FDRE/C   n/a            0.500         4.000       3.500      SLICE_X43Y36   system_i/FrequencyCounter/frequency_counter_0/inst/counter2_output_reg[7]/C
Low Pulse Width   Slow    FDRE/C   n/a            0.500         4.000       3.500      SLICE_X36Y31   system_i/FrequencyCounter/frequency_counter_0/inst/clock_counter_reg[1]/C
Low Pulse Width   Fast    FDRE/C   n/a            0.500         4.000       3.500      SLICE_X41Y36   system_i/FrequencyCounter/frequency_counter_0/inst/counter2_output_reg[8]/C
Low Pulse Width   Fast    FDRE/C   n/a            0.500         4.000       3.500      SLICE_X41Y36   system_i/FrequencyCounter/frequency_counter_0/inst/counter2_output_reg[9]/C
High Pulse Width  Slow    FDRE/C   n/a            0.500         4.000       3.500      SLICE_X36Y33   system_i/FrequencyCounter/frequency_counter_0/inst/clock_counter_reg[10]/C
High Pulse Width  Fast    FDRE/C   n/a            0.500         4.000       3.500      SLICE_X36Y33   system_i/FrequencyCounter/frequency_counter_0/inst/clock_counter_reg[10]/C
High Pulse Width  Slow    FDRE/C   n/a            0.500         4.000       3.500      SLICE_X36Y33   system_i/FrequencyCounter/frequency_counter_0/inst/clock_counter_reg[11]/C
High Pulse Width  Fast    FDRE/C   n/a            0.500         4.000       3.500      SLICE_X36Y33   system_i/FrequencyCounter/frequency_counter_0/inst/clock_counter_reg[11]/C
High Pulse Width  Slow    FDRE/C   n/a            0.500         4.000       3.500      SLICE_X36Y34   system_i/FrequencyCounter/frequency_counter_0/inst/clock_counter_reg[12]/C
High Pulse Width  Fast    FDRE/C   n/a            0.500         4.000       3.500      SLICE_X36Y34   system_i/FrequencyCounter/frequency_counter_0/inst/clock_counter_reg[12]/C
High Pulse Width  Slow    FDRE/C   n/a            0.500         4.000       3.500      SLICE_X36Y34   system_i/FrequencyCounter/frequency_counter_0/inst/clock_counter_reg[13]/C
High Pulse Width  Fast    FDRE/C   n/a            0.500         4.000       3.500      SLICE_X36Y34   system_i/FrequencyCounter/frequency_counter_0/inst/clock_counter_reg[13]/C
High Pulse Width  Slow    FDRE/C   n/a            0.500         4.000       3.500      SLICE_X43Y33   system_i/FrequencyCounter/frequency_counter_0/inst/counter2_output_reg[28]/C
High Pulse Width  Slow    FDRE/C   n/a            0.500         4.000       3.500      SLICE_X43Y33   system_i/FrequencyCounter/frequency_counter_0/inst/counter2_output_reg[29]/C



---------------------------------------------------------------------------------------------------
From Clock:  clk_fpga_0
  To Clock:  clk_fpga_0

Setup :            0  Failing Endpoints,  Worst Slack        0.444ns,  Total Violation        0.000ns
Hold  :            0  Failing Endpoints,  Worst Slack        0.035ns,  Total Violation        0.000ns
PW    :            0  Failing Endpoints,  Worst Slack        3.020ns,  Total Violation        0.000ns
---------------------------------------------------------------------------------------------------


Max Delay Paths
--------------------------------------------------------------------------------------
Slack (MET) :             0.444ns  (required time - arrival time)
  Source:                 system_i/PS7/processing_system7_0/inst/PS7_i/MAXIGP0ACLK
                            (rising edge-triggered cell PS7 clocked by clk_fpga_0  {rise@0.000ns fall@4.000ns period=8.000ns})
  Destination:            system_i/PS7/ps7_0_axi_periph/xbar/inst/gen_samd.crossbar_samd/gen_slave_slots[0].gen_si_read.si_transactor_ar/gen_multi_thread.active_cnt_reg[16]/CE
                            (rising edge-triggered cell FDRE clocked by clk_fpga_0  {rise@0.000ns fall@4.000ns period=8.000ns})
  Path Group:             clk_fpga_0
  Path Type:              Setup (Max at Slow Process Corner)
  Requirement:            8.000ns  (clk_fpga_0 rise@8.000ns - clk_fpga_0 rise@0.000ns)
  Data Path Delay:        7.122ns  (logic 2.620ns (36.788%)  route 4.502ns (63.212%))
  Logic Levels:           6  (CARRY4=1 LUT4=1 LUT5=1 LUT6=3)
  Clock Path Skew:        -0.104ns (DCD - SCD + CPR)
    Destination Clock Delay (DCD):    2.738ns = ( 10.738 - 8.000 ) 
    Source Clock Delay      (SCD):    3.073ns
    Clock Pessimism Removal (CPR):    0.230ns
  Clock Uncertainty:      0.125ns  ((TSJ^2 + TIJ^2)^1/2 + DJ) / 2 + PE
    Total System Jitter     (TSJ):    0.071ns
    Total Input Jitter      (TIJ):    0.240ns
    Discrete Jitter          (DJ):    0.000ns
    Phase Error              (PE):    0.000ns

    Location             Delay type                Incr(ns)  Path(ns)    Netlist Resource(s)
  -------------------------------------------------------------------    -------------------
                         (clock clk_fpga_0 rise edge)
                                                      0.000     0.000 r  
    PS7_X0Y0             PS7                          0.000     0.000 r  system_i/PS7/processing_system7_0/inst/PS7_i/FCLKCLK[0]
                         net (fo=1, routed)           1.207     1.207    system_i/PS7/processing_system7_0/inst/FCLK_CLK_unbuffered[0]
    BUFGCTRL_X0Y0        BUFG (Prop_bufg_I_O)         0.101     1.308 r  system_i/PS7/processing_system7_0/inst/buffer_fclk_clk_0.FCLK_CLK_0_BUFG/O
                         net (fo=1567, routed)        1.765     3.073    system_i/PS7/processing_system7_0/inst/M_AXI_GP0_ACLK
    PS7_X0Y0             PS7                                          r  system_i/PS7/processing_system7_0/inst/PS7_i/MAXIGP0ACLK
  -------------------------------------------------------------------    -------------------
    PS7_X0Y0             PS7 (Prop_ps7_MAXIGP0ACLK_MAXIGP0ARID[5])
                                                      1.450     4.523 r  system_i/PS7/processing_system7_0/inst/PS7_i/MAXIGP0ARID[5]
                         net (fo=17, routed)          1.149     5.672    system_i/PS7/ps7_0_axi_periph/xbar/inst/gen_samd.crossbar_samd/gen_slave_slots[0].gen_si_read.si_transactor_ar/s_axi_arid[5]
    SLICE_X1Y43          LUT6 (Prop_lut6_I2_O)        0.124     5.796 r  system_i/PS7/ps7_0_axi_periph/xbar/inst/gen_samd.crossbar_samd/gen_slave_slots[0].gen_si_read.si_transactor_ar/gen_multi_thread.aid_match_60_carry_i_3/O
                         net (fo=1, routed)           0.000     5.796    system_i/PS7/ps7_0_axi_periph/xbar/inst/gen_samd.crossbar_samd/gen_slave_slots[0].gen_si_read.si_transactor_ar/gen_multi_thread.aid_match_60_carry_i_3_n_0
    SLICE_X1Y43          CARRY4 (Prop_carry4_S[1]_CO[3])
                                                      0.550     6.346 f  system_i/PS7/ps7_0_axi_periph/xbar/inst/gen_samd.crossbar_samd/gen_slave_slots[0].gen_si_read.si_transactor_ar/gen_multi_thread.aid_match_60_carry/CO[3]
                         net (fo=3, routed)           0.907     7.253    system_i/PS7/ps7_0_axi_periph/xbar/inst/gen_samd.crossbar_samd/gen_slave_slots[0].gen_si_read.si_transactor_ar/gen_multi_thread.aid_match_60
    SLICE_X3Y43          LUT5 (Prop_lut5_I0_O)        0.124     7.377 f  system_i/PS7/ps7_0_axi_periph/xbar/inst/gen_samd.crossbar_samd/gen_slave_slots[0].gen_si_read.si_transactor_ar/gen_no_arbiter.s_ready_i[0]_i_17/O
                         net (fo=4, routed)           0.935     8.312    system_i/PS7/ps7_0_axi_periph/xbar/inst/gen_samd.crossbar_samd/gen_slave_slots[0].gen_si_read.si_transactor_ar/gen_no_arbiter.s_ready_i[0]_i_17_n_0
    SLICE_X3Y39          LUT6 (Prop_lut6_I2_O)        0.124     8.436 f  system_i/PS7/ps7_0_axi_periph/xbar/inst/gen_samd.crossbar_samd/gen_slave_slots[0].gen_si_read.si_transactor_ar/gen_multi_thread.active_target[57]_i_5__0/O
                         net (fo=8, routed)           0.507     8.944    system_i/PS7/ps7_0_axi_periph/xbar/inst/gen_samd.crossbar_samd/gen_slave_slots[0].gen_si_read.si_transactor_ar/gen_multi_thread.active_target[57]_i_5__0_n_0
    SLICE_X1Y38          LUT6 (Prop_lut6_I1_O)        0.124     9.068 r  system_i/PS7/ps7_0_axi_periph/xbar/inst/gen_samd.crossbar_samd/gen_slave_slots[0].gen_si_read.si_transactor_ar/gen_multi_thread.active_target[17]_i_1__0/O
                         net (fo=17, routed)          0.654     9.722    system_i/PS7/ps7_0_axi_periph/xbar/inst/gen_samd.crossbar_samd/gen_slave_slots[0].gen_si_read.si_transactor_ar/gen_multi_thread.arbiter_resp_inst/gen_multi_thread.cmd_push_2
    SLICE_X1Y36          LUT4 (Prop_lut4_I0_O)        0.124     9.846 r  system_i/PS7/ps7_0_axi_periph/xbar/inst/gen_samd.crossbar_samd/gen_slave_slots[0].gen_si_read.si_transactor_ar/gen_multi_thread.arbiter_resp_inst/gen_multi_thread.active_cnt[19]_i_1__0/O
                         net (fo=4, routed)           0.349    10.195    system_i/PS7/ps7_0_axi_periph/xbar/inst/gen_samd.crossbar_samd/gen_slave_slots[0].gen_si_read.si_transactor_ar/gen_multi_thread.arbiter_resp_inst_n_8
    SLICE_X2Y36          FDRE                                         r  system_i/PS7/ps7_0_axi_periph/xbar/inst/gen_samd.crossbar_samd/gen_slave_slots[0].gen_si_read.si_transactor_ar/gen_multi_thread.active_cnt_reg[16]/CE
  -------------------------------------------------------------------    -------------------

                         (clock clk_fpga_0 rise edge)
                                                      8.000     8.000 r  
    PS7_X0Y0             PS7                          0.000     8.000 r  system_i/PS7/processing_system7_0/inst/PS7_i/FCLKCLK[0]
                         net (fo=1, routed)           1.101     9.101    system_i/PS7/processing_system7_0/inst/FCLK_CLK_unbuffered[0]
    BUFGCTRL_X0Y0        BUFG (Prop_bufg_I_O)         0.091     9.192 r  system_i/PS7/processing_system7_0/inst/buffer_fclk_clk_0.FCLK_CLK_0_BUFG/O
                         net (fo=1567, routed)        1.546    10.738    system_i/PS7/ps7_0_axi_periph/xbar/inst/gen_samd.crossbar_samd/gen_slave_slots[0].gen_si_read.si_transactor_ar/aclk
    SLICE_X2Y36          FDRE                                         r  system_i/PS7/ps7_0_axi_periph/xbar/inst/gen_samd.crossbar_samd/gen_slave_slots[0].gen_si_read.si_transactor_ar/gen_multi_thread.active_cnt_reg[16]/C
                         clock pessimism              0.230    10.969    
                         clock uncertainty           -0.125    10.844    
    SLICE_X2Y36          FDRE (Setup_fdre_C_CE)      -0.205    10.639    system_i/PS7/ps7_0_axi_periph/xbar/inst/gen_samd.crossbar_samd/gen_slave_slots[0].gen_si_read.si_transactor_ar/gen_multi_thread.active_cnt_reg[16]
  -------------------------------------------------------------------
                         required time                         10.639    
                         arrival time                         -10.195    
  -------------------------------------------------------------------
                         slack                                  0.444    

Slack (MET) :             0.444ns  (required time - arrival time)
  Source:                 system_i/PS7/processing_system7_0/inst/PS7_i/MAXIGP0ACLK
                            (rising edge-triggered cell PS7 clocked by clk_fpga_0  {rise@0.000ns fall@4.000ns period=8.000ns})
  Destination:            system_i/PS7/ps7_0_axi_periph/xbar/inst/gen_samd.crossbar_samd/gen_slave_slots[0].gen_si_read.si_transactor_ar/gen_multi_thread.active_cnt_reg[19]/CE
                            (rising edge-triggered cell FDRE clocked by clk_fpga_0  {rise@0.000ns fall@4.000ns period=8.000ns})
  Path Group:             clk_fpga_0
  Path Type:              Setup (Max at Slow Process Corner)
  Requirement:            8.000ns  (clk_fpga_0 rise@8.000ns - clk_fpga_0 rise@0.000ns)
  Data Path Delay:        7.122ns  (logic 2.620ns (36.788%)  route 4.502ns (63.212%))
  Logic Levels:           6  (CARRY4=1 LUT4=1 LUT5=1 LUT6=3)
  Clock Path Skew:        -0.104ns (DCD - SCD + CPR)
    Destination Clock Delay (DCD):    2.738ns = ( 10.738 - 8.000 ) 
    Source Clock Delay      (SCD):    3.073ns
    Clock Pessimism Removal (CPR):    0.230ns
  Clock Uncertainty:      0.125ns  ((TSJ^2 + TIJ^2)^1/2 + DJ) / 2 + PE
    Total System Jitter     (TSJ):    0.071ns
    Total Input Jitter      (TIJ):    0.240ns
    Discrete Jitter          (DJ):    0.000ns
    Phase Error              (PE):    0.000ns

    Location             Delay type                Incr(ns)  Path(ns)    Netlist Resource(s)
  -------------------------------------------------------------------    -------------------
                         (clock clk_fpga_0 rise edge)
                                                      0.000     0.000 r  
    PS7_X0Y0             PS7                          0.000     0.000 r  system_i/PS7/processing_system7_0/inst/PS7_i/FCLKCLK[0]
                         net (fo=1, routed)           1.207     1.207    system_i/PS7/processing_system7_0/inst/FCLK_CLK_unbuffered[0]
    BUFGCTRL_X0Y0        BUFG (Prop_bufg_I_O)         0.101     1.308 r  system_i/PS7/processing_system7_0/inst/buffer_fclk_clk_0.FCLK_CLK_0_BUFG/O
                         net (fo=1567, routed)        1.765     3.073    system_i/PS7/processing_system7_0/inst/M_AXI_GP0_ACLK
    PS7_X0Y0             PS7                                          r  system_i/PS7/processing_system7_0/inst/PS7_i/MAXIGP0ACLK
  -------------------------------------------------------------------    -------------------
    PS7_X0Y0             PS7 (Prop_ps7_MAXIGP0ACLK_MAXIGP0ARID[5])
                                                      1.450     4.523 r  system_i/PS7/processing_system7_0/inst/PS7_i/MAXIGP0ARID[5]
                         net (fo=17, routed)          1.149     5.672    system_i/PS7/ps7_0_axi_periph/xbar/inst/gen_samd.crossbar_samd/gen_slave_slots[0].gen_si_read.si_transactor_ar/s_axi_arid[5]
    SLICE_X1Y43          LUT6 (Prop_lut6_I2_O)        0.124     5.796 r  system_i/PS7/ps7_0_axi_periph/xbar/inst/gen_samd.crossbar_samd/gen_slave_slots[0].gen_si_read.si_transactor_ar/gen_multi_thread.aid_match_60_carry_i_3/O
                         net (fo=1, routed)           0.000     5.796    system_i/PS7/ps7_0_axi_periph/xbar/inst/gen_samd.crossbar_samd/gen_slave_slots[0].gen_si_read.si_transactor_ar/gen_multi_thread.aid_match_60_carry_i_3_n_0
    SLICE_X1Y43          CARRY4 (Prop_carry4_S[1]_CO[3])
                                                      0.550     6.346 f  system_i/PS7/ps7_0_axi_periph/xbar/inst/gen_samd.crossbar_samd/gen_slave_slots[0].gen_si_read.si_transactor_ar/gen_multi_thread.aid_match_60_carry/CO[3]
                         net (fo=3, routed)           0.907     7.253    system_i/PS7/ps7_0_axi_periph/xbar/inst/gen_samd.crossbar_samd/gen_slave_slots[0].gen_si_read.si_transactor_ar/gen_multi_thread.aid_match_60
    SLICE_X3Y43          LUT5 (Prop_lut5_I0_O)        0.124     7.377 f  system_i/PS7/ps7_0_axi_periph/xbar/inst/gen_samd.crossbar_samd/gen_slave_slots[0].gen_si_read.si_transactor_ar/gen_no_arbiter.s_ready_i[0]_i_17/O
                         net (fo=4, routed)           0.935     8.312    system_i/PS7/ps7_0_axi_periph/xbar/inst/gen_samd.crossbar_samd/gen_slave_slots[0].gen_si_read.si_transactor_ar/gen_no_arbiter.s_ready_i[0]_i_17_n_0
    SLICE_X3Y39          LUT6 (Prop_lut6_I2_O)        0.124     8.436 f  system_i/PS7/ps7_0_axi_periph/xbar/inst/gen_samd.crossbar_samd/gen_slave_slots[0].gen_si_read.si_transactor_ar/gen_multi_thread.active_target[57]_i_5__0/O
                         net (fo=8, routed)           0.507     8.944    system_i/PS7/ps7_0_axi_periph/xbar/inst/gen_samd.crossbar_samd/gen_slave_slots[0].gen_si_read.si_transactor_ar/gen_multi_thread.active_target[57]_i_5__0_n_0
    SLICE_X1Y38          LUT6 (Prop_lut6_I1_O)        0.124     9.068 r  system_i/PS7/ps7_0_axi_periph/xbar/inst/gen_samd.crossbar_samd/gen_slave_slots[0].gen_si_read.si_transactor_ar/gen_multi_thread.active_target[17]_i_1__0/O
                         net (fo=17, routed)          0.654     9.722    system_i/PS7/ps7_0_axi_periph/xbar/inst/gen_samd.crossbar_samd/gen_slave_slots[0].gen_si_read.si_transactor_ar/gen_multi_thread.arbiter_resp_inst/gen_multi_thread.cmd_push_2
    SLICE_X1Y36          LUT4 (Prop_lut4_I0_O)        0.124     9.846 r  system_i/PS7/ps7_0_axi_periph/xbar/inst/gen_samd.crossbar_samd/gen_slave_slots[0].gen_si_read.si_transactor_ar/gen_multi_thread.arbiter_resp_inst/gen_multi_thread.active_cnt[19]_i_1__0/O
                         net (fo=4, routed)           0.349    10.195    system_i/PS7/ps7_0_axi_periph/xbar/inst/gen_samd.crossbar_samd/gen_slave_slots[0].gen_si_read.si_transactor_ar/gen_multi_thread.arbiter_resp_inst_n_8
    SLICE_X2Y36          FDRE                                         r  system_i/PS7/ps7_0_axi_periph/xbar/inst/gen_samd.crossbar_samd/gen_slave_slots[0].gen_si_read.si_transactor_ar/gen_multi_thread.active_cnt_reg[19]/CE
  -------------------------------------------------------------------    -------------------

                         (clock clk_fpga_0 rise edge)
                                                      8.000     8.000 r  
    PS7_X0Y0             PS7                          0.000     8.000 r  system_i/PS7/processing_system7_0/inst/PS7_i/FCLKCLK[0]
                         net (fo=1, routed)           1.101     9.101    system_i/PS7/processing_system7_0/inst/FCLK_CLK_unbuffered[0]
    BUFGCTRL_X0Y0        BUFG (Prop_bufg_I_O)         0.091     9.192 r  system_i/PS7/processing_system7_0/inst/buffer_fclk_clk_0.FCLK_CLK_0_BUFG/O
                         net (fo=1567, routed)        1.546    10.738    system_i/PS7/ps7_0_axi_periph/xbar/inst/gen_samd.crossbar_samd/gen_slave_slots[0].gen_si_read.si_transactor_ar/aclk
    SLICE_X2Y36          FDRE                                         r  system_i/PS7/ps7_0_axi_periph/xbar/inst/gen_samd.crossbar_samd/gen_slave_slots[0].gen_si_read.si_transactor_ar/gen_multi_thread.active_cnt_reg[19]/C
                         clock pessimism              0.230    10.969    
                         clock uncertainty           -0.125    10.844    
    SLICE_X2Y36          FDRE (Setup_fdre_C_CE)      -0.205    10.639    system_i/PS7/ps7_0_axi_periph/xbar/inst/gen_samd.crossbar_samd/gen_slave_slots[0].gen_si_read.si_transactor_ar/gen_multi_thread.active_cnt_reg[19]
  -------------------------------------------------------------------
                         required time                         10.639    
                         arrival time                         -10.195    
  -------------------------------------------------------------------
                         slack                                  0.444    

Slack (MET) :             0.512ns  (required time - arrival time)
  Source:                 system_i/PS7/processing_system7_0/inst/PS7_i/MAXIGP0ACLK
                            (rising edge-triggered cell PS7 clocked by clk_fpga_0  {rise@0.000ns fall@4.000ns period=8.000ns})
  Destination:            system_i/PS7/ps7_0_axi_periph/xbar/inst/gen_samd.crossbar_samd/gen_slave_slots[0].gen_si_read.si_transactor_ar/gen_multi_thread.active_cnt_reg[56]/CE
                            (rising edge-triggered cell FDRE clocked by clk_fpga_0  {rise@0.000ns fall@4.000ns period=8.000ns})
  Path Group:             clk_fpga_0
  Path Type:              Setup (Max at Slow Process Corner)
  Requirement:            8.000ns  (clk_fpga_0 rise@8.000ns - clk_fpga_0 rise@0.000ns)
  Data Path Delay:        7.058ns  (logic 2.620ns (37.121%)  route 4.438ns (62.879%))
  Logic Levels:           6  (CARRY4=1 LUT4=1 LUT5=1 LUT6=3)
  Clock Path Skew:        -0.100ns (DCD - SCD + CPR)
    Destination Clock Delay (DCD):    2.743ns = ( 10.743 - 8.000 ) 
    Source Clock Delay      (SCD):    3.073ns
    Clock Pessimism Removal (CPR):    0.230ns
  Clock Uncertainty:      0.125ns  ((TSJ^2 + TIJ^2)^1/2 + DJ) / 2 + PE
    Total System Jitter     (TSJ):    0.071ns
    Total Input Jitter      (TIJ):    0.240ns
    Discrete Jitter          (DJ):    0.000ns
    Phase Error              (PE):    0.000ns

    Location             Delay type                Incr(ns)  Path(ns)    Netlist Resource(s)
  -------------------------------------------------------------------    -------------------
                         (clock clk_fpga_0 rise edge)
                                                      0.000     0.000 r  
    PS7_X0Y0             PS7                          0.000     0.000 r  system_i/PS7/processing_system7_0/inst/PS7_i/FCLKCLK[0]
                         net (fo=1, routed)           1.207     1.207    system_i/PS7/processing_system7_0/inst/FCLK_CLK_unbuffered[0]
    BUFGCTRL_X0Y0        BUFG (Prop_bufg_I_O)         0.101     1.308 r  system_i/PS7/processing_system7_0/inst/buffer_fclk_clk_0.FCLK_CLK_0_BUFG/O
                         net (fo=1567, routed)        1.765     3.073    system_i/PS7/processing_system7_0/inst/M_AXI_GP0_ACLK
    PS7_X0Y0             PS7                                          r  system_i/PS7/processing_system7_0/inst/PS7_i/MAXIGP0ACLK
  -------------------------------------------------------------------    -------------------
    PS7_X0Y0             PS7 (Prop_ps7_MAXIGP0ACLK_MAXIGP0ARID[5])
                                                      1.450     4.523 r  system_i/PS7/processing_system7_0/inst/PS7_i/MAXIGP0ARID[5]
                         net (fo=17, routed)          1.149     5.672    system_i/PS7/ps7_0_axi_periph/xbar/inst/gen_samd.crossbar_samd/gen_slave_slots[0].gen_si_read.si_transactor_ar/s_axi_arid[5]
    SLICE_X1Y43          LUT6 (Prop_lut6_I2_O)        0.124     5.796 r  system_i/PS7/ps7_0_axi_periph/xbar/inst/gen_samd.crossbar_samd/gen_slave_slots[0].gen_si_read.si_transactor_ar/gen_multi_thread.aid_match_60_carry_i_3/O
                         net (fo=1, routed)           0.000     5.796    system_i/PS7/ps7_0_axi_periph/xbar/inst/gen_samd.crossbar_samd/gen_slave_slots[0].gen_si_read.si_transactor_ar/gen_multi_thread.aid_match_60_carry_i_3_n_0
    SLICE_X1Y43          CARRY4 (Prop_carry4_S[1]_CO[3])
                                                      0.550     6.346 f  system_i/PS7/ps7_0_axi_periph/xbar/inst/gen_samd.crossbar_samd/gen_slave_slots[0].gen_si_read.si_transactor_ar/gen_multi_thread.aid_match_60_carry/CO[3]
                         net (fo=3, routed)           0.907     7.253    system_i/PS7/ps7_0_axi_periph/xbar/inst/gen_samd.crossbar_samd/gen_slave_slots[0].gen_si_read.si_transactor_ar/gen_multi_thread.aid_match_60
    SLICE_X3Y43          LUT5 (Prop_lut5_I0_O)        0.124     7.377 f  system_i/PS7/ps7_0_axi_periph/xbar/inst/gen_samd.crossbar_samd/gen_slave_slots[0].gen_si_read.si_transactor_ar/gen_no_arbiter.s_ready_i[0]_i_17/O
                         net (fo=4, routed)           0.935     8.312    system_i/PS7/ps7_0_axi_periph/xbar/inst/gen_samd.crossbar_samd/gen_slave_slots[0].gen_si_read.si_transactor_ar/gen_no_arbiter.s_ready_i[0]_i_17_n_0
    SLICE_X3Y39          LUT6 (Prop_lut6_I2_O)        0.124     8.436 f  system_i/PS7/ps7_0_axi_periph/xbar/inst/gen_samd.crossbar_samd/gen_slave_slots[0].gen_si_read.si_transactor_ar/gen_multi_thread.active_target[57]_i_5__0/O
                         net (fo=8, routed)           0.609     9.045    system_i/PS7/ps7_0_axi_periph/xbar/inst/gen_samd.crossbar_samd/gen_slave_slots[0].gen_si_read.si_transactor_ar/gen_multi_thread.active_target[57]_i_5__0_n_0
    SLICE_X3Y42          LUT6 (Prop_lut6_I4_O)        0.124     9.169 r  system_i/PS7/ps7_0_axi_periph/xbar/inst/gen_samd.crossbar_samd/gen_slave_slots[0].gen_si_read.si_transactor_ar/gen_multi_thread.active_target[57]_i_1__0/O
                         net (fo=17, routed)          0.647     9.817    system_i/PS7/ps7_0_axi_periph/xbar/inst/gen_samd.crossbar_samd/gen_slave_slots[0].gen_si_read.si_transactor_ar/gen_multi_thread.arbiter_resp_inst/gen_multi_thread.cmd_push_7
    SLICE_X2Y41          LUT4 (Prop_lut4_I0_O)        0.124     9.941 r  system_i/PS7/ps7_0_axi_periph/xbar/inst/gen_samd.crossbar_samd/gen_slave_slots[0].gen_si_read.si_transactor_ar/gen_multi_thread.arbiter_resp_inst/gen_multi_thread.active_cnt[59]_i_1__0/O
                         net (fo=4, routed)           0.190    10.131    system_i/PS7/ps7_0_axi_periph/xbar/inst/gen_samd.crossbar_samd/gen_slave_slots[0].gen_si_read.si_transactor_ar/gen_multi_thread.arbiter_resp_inst_n_11
    SLICE_X2Y41          FDRE                                         r  system_i/PS7/ps7_0_axi_periph/xbar/inst/gen_samd.crossbar_samd/gen_slave_slots[0].gen_si_read.si_transactor_ar/gen_multi_thread.active_cnt_reg[56]/CE
  -------------------------------------------------------------------    -------------------

                         (clock clk_fpga_0 rise edge)
                                                      8.000     8.000 r  
    PS7_X0Y0             PS7                          0.000     8.000 r  system_i/PS7/processing_system7_0/inst/PS7_i/FCLKCLK[0]
                         net (fo=1, routed)           1.101     9.101    system_i/PS7/processing_system7_0/inst/FCLK_CLK_unbuffered[0]
    BUFGCTRL_X0Y0        BUFG (Prop_bufg_I_O)         0.091     9.192 r  system_i/PS7/processing_system7_0/inst/buffer_fclk_clk_0.FCLK_CLK_0_BUFG/O
                         net (fo=1567, routed)        1.550    10.742    system_i/PS7/ps7_0_axi_periph/xbar/inst/gen_samd.crossbar_samd/gen_slave_slots[0].gen_si_read.si_transactor_ar/aclk
    SLICE_X2Y41          FDRE                                         r  system_i/PS7/ps7_0_axi_periph/xbar/inst/gen_samd.crossbar_samd/gen_slave_slots[0].gen_si_read.si_transactor_ar/gen_multi_thread.active_cnt_reg[56]/C
                         clock pessimism              0.230    10.973    
                         clock uncertainty           -0.125    10.848    
    SLICE_X2Y41          FDRE (Setup_fdre_C_CE)      -0.205    10.643    system_i/PS7/ps7_0_axi_periph/xbar/inst/gen_samd.crossbar_samd/gen_slave_slots[0].gen_si_read.si_transactor_ar/gen_multi_thread.active_cnt_reg[56]
  -------------------------------------------------------------------
                         required time                         10.643    
                         arrival time                         -10.131    
  -------------------------------------------------------------------
                         slack                                  0.512    

Slack (MET) :             0.512ns  (required time - arrival time)
  Source:                 system_i/PS7/processing_system7_0/inst/PS7_i/MAXIGP0ACLK
                            (rising edge-triggered cell PS7 clocked by clk_fpga_0  {rise@0.000ns fall@4.000ns period=8.000ns})
  Destination:            system_i/PS7/ps7_0_axi_periph/xbar/inst/gen_samd.crossbar_samd/gen_slave_slots[0].gen_si_read.si_transactor_ar/gen_multi_thread.active_cnt_reg[57]/CE
                            (rising edge-triggered cell FDRE clocked by clk_fpga_0  {rise@0.000ns fall@4.000ns period=8.000ns})
  Path Group:             clk_fpga_0
  Path Type:              Setup (Max at Slow Process Corner)
  Requirement:            8.000ns  (clk_fpga_0 rise@8.000ns - clk_fpga_0 rise@0.000ns)
  Data Path Delay:        7.058ns  (logic 2.620ns (37.121%)  route 4.438ns (62.879%))
  Logic Levels:           6  (CARRY4=1 LUT4=1 LUT5=1 LUT6=3)
  Clock Path Skew:        -0.100ns (DCD - SCD + CPR)
    Destination Clock Delay (DCD):    2.743ns = ( 10.743 - 8.000 ) 
    Source Clock Delay      (SCD):    3.073ns
    Clock Pessimism Removal (CPR):    0.230ns
  Clock Uncertainty:      0.125ns  ((TSJ^2 + TIJ^2)^1/2 + DJ) / 2 + PE
    Total System Jitter     (TSJ):    0.071ns
    Total Input Jitter      (TIJ):    0.240ns
    Discrete Jitter          (DJ):    0.000ns
    Phase Error              (PE):    0.000ns

    Location             Delay type                Incr(ns)  Path(ns)    Netlist Resource(s)
  -------------------------------------------------------------------    -------------------
                         (clock clk_fpga_0 rise edge)
                                                      0.000     0.000 r  
    PS7_X0Y0             PS7                          0.000     0.000 r  system_i/PS7/processing_system7_0/inst/PS7_i/FCLKCLK[0]
                         net (fo=1, routed)           1.207     1.207    system_i/PS7/processing_system7_0/inst/FCLK_CLK_unbuffered[0]
    BUFGCTRL_X0Y0        BUFG (Prop_bufg_I_O)         0.101     1.308 r  system_i/PS7/processing_system7_0/inst/buffer_fclk_clk_0.FCLK_CLK_0_BUFG/O
                         net (fo=1567, routed)        1.765     3.073    system_i/PS7/processing_system7_0/inst/M_AXI_GP0_ACLK
    PS7_X0Y0             PS7                                          r  system_i/PS7/processing_system7_0/inst/PS7_i/MAXIGP0ACLK
  -------------------------------------------------------------------    -------------------
    PS7_X0Y0             PS7 (Prop_ps7_MAXIGP0ACLK_MAXIGP0ARID[5])
                                                      1.450     4.523 r  system_i/PS7/processing_system7_0/inst/PS7_i/MAXIGP0ARID[5]
                         net (fo=17, routed)          1.149     5.672    system_i/PS7/ps7_0_axi_periph/xbar/inst/gen_samd.crossbar_samd/gen_slave_slots[0].gen_si_read.si_transactor_ar/s_axi_arid[5]
    SLICE_X1Y43          LUT6 (Prop_lut6_I2_O)        0.124     5.796 r  system_i/PS7/ps7_0_axi_periph/xbar/inst/gen_samd.crossbar_samd/gen_slave_slots[0].gen_si_read.si_transactor_ar/gen_multi_thread.aid_match_60_carry_i_3/O
                         net (fo=1, routed)           0.000     5.796    system_i/PS7/ps7_0_axi_periph/xbar/inst/gen_samd.crossbar_samd/gen_slave_slots[0].gen_si_read.si_transactor_ar/gen_multi_thread.aid_match_60_carry_i_3_n_0
    SLICE_X1Y43          CARRY4 (Prop_carry4_S[1]_CO[3])
                                                      0.550     6.346 f  system_i/PS7/ps7_0_axi_periph/xbar/inst/gen_samd.crossbar_samd/gen_slave_slots[0].gen_si_read.si_transactor_ar/gen_multi_thread.aid_match_60_carry/CO[3]
                         net (fo=3, routed)           0.907     7.253    system_i/PS7/ps7_0_axi_periph/xbar/inst/gen_samd.crossbar_samd/gen_slave_slots[0].gen_si_read.si_transactor_ar/gen_multi_thread.aid_match_60
    SLICE_X3Y43          LUT5 (Prop_lut5_I0_O)        0.124     7.377 f  system_i/PS7/ps7_0_axi_periph/xbar/inst/gen_samd.crossbar_samd/gen_slave_slots[0].gen_si_read.si_transactor_ar/gen_no_arbiter.s_ready_i[0]_i_17/O
                         net (fo=4, routed)           0.935     8.312    system_i/PS7/ps7_0_axi_periph/xbar/inst/gen_samd.crossbar_samd/gen_slave_slots[0].gen_si_read.si_transactor_ar/gen_no_arbiter.s_ready_i[0]_i_17_n_0
    SLICE_X3Y39          LUT6 (Prop_lut6_I2_O)        0.124     8.436 f  system_i/PS7/ps7_0_axi_periph/xbar/inst/gen_samd.crossbar_samd/gen_slave_slots[0].gen_si_read.si_transactor_ar/gen_multi_thread.active_target[57]_i_5__0/O
                         net (fo=8, routed)           0.609     9.045    system_i/PS7/ps7_0_axi_periph/xbar/inst/gen_samd.crossbar_samd/gen_slave_slots[0].gen_si_read.si_transactor_ar/gen_multi_thread.active_target[57]_i_5__0_n_0
    SLICE_X3Y42          LUT6 (Prop_lut6_I4_O)        0.124     9.169 r  system_i/PS7/ps7_0_axi_periph/xbar/inst/gen_samd.crossbar_samd/gen_slave_slots[0].gen_si_read.si_transactor_ar/gen_multi_thread.active_target[57]_i_1__0/O
                         net (fo=17, routed)          0.647     9.817    system_i/PS7/ps7_0_axi_periph/xbar/inst/gen_samd.crossbar_samd/gen_slave_slots[0].gen_si_read.si_transactor_ar/gen_multi_thread.arbiter_resp_inst/gen_multi_thread.cmd_push_7
    SLICE_X2Y41          LUT4 (Prop_lut4_I0_O)        0.124     9.941 r  system_i/PS7/ps7_0_axi_periph/xbar/inst/gen_samd.crossbar_samd/gen_slave_slots[0].gen_si_read.si_transactor_ar/gen_multi_thread.arbiter_resp_inst/gen_multi_thread.active_cnt[59]_i_1__0/O
                         net (fo=4, routed)           0.190    10.131    system_i/PS7/ps7_0_axi_periph/xbar/inst/gen_samd.crossbar_samd/gen_slave_slots[0].gen_si_read.si_transactor_ar/gen_multi_thread.arbiter_resp_inst_n_11
    SLICE_X2Y41          FDRE                                         r  system_i/PS7/ps7_0_axi_periph/xbar/inst/gen_samd.crossbar_samd/gen_slave_slots[0].gen_si_read.si_transactor_ar/gen_multi_thread.active_cnt_reg[57]/CE
  -------------------------------------------------------------------    -------------------

                         (clock clk_fpga_0 rise edge)
                                                      8.000     8.000 r  
    PS7_X0Y0             PS7                          0.000     8.000 r  system_i/PS7/processing_system7_0/inst/PS7_i/FCLKCLK[0]
                         net (fo=1, routed)           1.101     9.101    system_i/PS7/processing_system7_0/inst/FCLK_CLK_unbuffered[0]
    BUFGCTRL_X0Y0        BUFG (Prop_bufg_I_O)         0.091     9.192 r  system_i/PS7/processing_system7_0/inst/buffer_fclk_clk_0.FCLK_CLK_0_BUFG/O
                         net (fo=1567, routed)        1.550    10.742    system_i/PS7/ps7_0_axi_periph/xbar/inst/gen_samd.crossbar_samd/gen_slave_slots[0].gen_si_read.si_transactor_ar/aclk
    SLICE_X2Y41          FDRE                                         r  system_i/PS7/ps7_0_axi_periph/xbar/inst/gen_samd.crossbar_samd/gen_slave_slots[0].gen_si_read.si_transactor_ar/gen_multi_thread.active_cnt_reg[57]/C
                         clock pessimism              0.230    10.973    
                         clock uncertainty           -0.125    10.848    
    SLICE_X2Y41          FDRE (Setup_fdre_C_CE)      -0.205    10.643    system_i/PS7/ps7_0_axi_periph/xbar/inst/gen_samd.crossbar_samd/gen_slave_slots[0].gen_si_read.si_transactor_ar/gen_multi_thread.active_cnt_reg[57]
  -------------------------------------------------------------------
                         required time                         10.643    
                         arrival time                         -10.131    
  -------------------------------------------------------------------
                         slack                                  0.512    

Slack (MET) :             0.512ns  (required time - arrival time)
  Source:                 system_i/PS7/processing_system7_0/inst/PS7_i/MAXIGP0ACLK
                            (rising edge-triggered cell PS7 clocked by clk_fpga_0  {rise@0.000ns fall@4.000ns period=8.000ns})
  Destination:            system_i/PS7/ps7_0_axi_periph/xbar/inst/gen_samd.crossbar_samd/gen_slave_slots[0].gen_si_read.si_transactor_ar/gen_multi_thread.active_cnt_reg[58]/CE
                            (rising edge-triggered cell FDRE clocked by clk_fpga_0  {rise@0.000ns fall@4.000ns period=8.000ns})
  Path Group:             clk_fpga_0
  Path Type:              Setup (Max at Slow Process Corner)
  Requirement:            8.000ns  (clk_fpga_0 rise@8.000ns - clk_fpga_0 rise@0.000ns)
  Data Path Delay:        7.058ns  (logic 2.620ns (37.121%)  route 4.438ns (62.879%))
  Logic Levels:           6  (CARRY4=1 LUT4=1 LUT5=1 LUT6=3)
  Clock Path Skew:        -0.100ns (DCD - SCD + CPR)
    Destination Clock Delay (DCD):    2.743ns = ( 10.743 - 8.000 ) 
    Source Clock Delay      (SCD):    3.073ns
    Clock Pessimism Removal (CPR):    0.230ns
  Clock Uncertainty:      0.125ns  ((TSJ^2 + TIJ^2)^1/2 + DJ) / 2 + PE
    Total System Jitter     (TSJ):    0.071ns
    Total Input Jitter      (TIJ):    0.240ns
    Discrete Jitter          (DJ):    0.000ns
    Phase Error              (PE):    0.000ns

    Location             Delay type                Incr(ns)  Path(ns)    Netlist Resource(s)
  -------------------------------------------------------------------    -------------------
                         (clock clk_fpga_0 rise edge)
                                                      0.000     0.000 r  
    PS7_X0Y0             PS7                          0.000     0.000 r  system_i/PS7/processing_system7_0/inst/PS7_i/FCLKCLK[0]
                         net (fo=1, routed)           1.207     1.207    system_i/PS7/processing_system7_0/inst/FCLK_CLK_unbuffered[0]
    BUFGCTRL_X0Y0        BUFG (Prop_bufg_I_O)         0.101     1.308 r  system_i/PS7/processing_system7_0/inst/buffer_fclk_clk_0.FCLK_CLK_0_BUFG/O
                         net (fo=1567, routed)        1.765     3.073    system_i/PS7/processing_system7_0/inst/M_AXI_GP0_ACLK
    PS7_X0Y0             PS7                                          r  system_i/PS7/processing_system7_0/inst/PS7_i/MAXIGP0ACLK
  -------------------------------------------------------------------    -------------------
    PS7_X0Y0             PS7 (Prop_ps7_MAXIGP0ACLK_MAXIGP0ARID[5])
                                                      1.450     4.523 r  system_i/PS7/processing_system7_0/inst/PS7_i/MAXIGP0ARID[5]
                         net (fo=17, routed)          1.149     5.672    system_i/PS7/ps7_0_axi_periph/xbar/inst/gen_samd.crossbar_samd/gen_slave_slots[0].gen_si_read.si_transactor_ar/s_axi_arid[5]
    SLICE_X1Y43          LUT6 (Prop_lut6_I2_O)        0.124     5.796 r  system_i/PS7/ps7_0_axi_periph/xbar/inst/gen_samd.crossbar_samd/gen_slave_slots[0].gen_si_read.si_transactor_ar/gen_multi_thread.aid_match_60_carry_i_3/O
                         net (fo=1, routed)           0.000     5.796    system_i/PS7/ps7_0_axi_periph/xbar/inst/gen_samd.crossbar_samd/gen_slave_slots[0].gen_si_read.si_transactor_ar/gen_multi_thread.aid_match_60_carry_i_3_n_0
    SLICE_X1Y43          CARRY4 (Prop_carry4_S[1]_CO[3])
                                                      0.550     6.346 f  system_i/PS7/ps7_0_axi_periph/xbar/inst/gen_samd.crossbar_samd/gen_slave_slots[0].gen_si_read.si_transactor_ar/gen_multi_thread.aid_match_60_carry/CO[3]
                         net (fo=3, routed)           0.907     7.253    system_i/PS7/ps7_0_axi_periph/xbar/inst/gen_samd.crossbar_samd/gen_slave_slots[0].gen_si_read.si_transactor_ar/gen_multi_thread.aid_match_60
    SLICE_X3Y43          LUT5 (Prop_lut5_I0_O)        0.124     7.377 f  system_i/PS7/ps7_0_axi_periph/xbar/inst/gen_samd.crossbar_samd/gen_slave_slots[0].gen_si_read.si_transactor_ar/gen_no_arbiter.s_ready_i[0]_i_17/O
                         net (fo=4, routed)           0.935     8.312    system_i/PS7/ps7_0_axi_periph/xbar/inst/gen_samd.crossbar_samd/gen_slave_slots[0].gen_si_read.si_transactor_ar/gen_no_arbiter.s_ready_i[0]_i_17_n_0
    SLICE_X3Y39          LUT6 (Prop_lut6_I2_O)        0.124     8.436 f  system_i/PS7/ps7_0_axi_periph/xbar/inst/gen_samd.crossbar_samd/gen_slave_slots[0].gen_si_read.si_transactor_ar/gen_multi_thread.active_target[57]_i_5__0/O
                         net (fo=8, routed)           0.609     9.045    system_i/PS7/ps7_0_axi_periph/xbar/inst/gen_samd.crossbar_samd/gen_slave_slots[0].gen_si_read.si_transactor_ar/gen_multi_thread.active_target[57]_i_5__0_n_0
    SLICE_X3Y42          LUT6 (Prop_lut6_I4_O)        0.124     9.169 r  system_i/PS7/ps7_0_axi_periph/xbar/inst/gen_samd.crossbar_samd/gen_slave_slots[0].gen_si_read.si_transactor_ar/gen_multi_thread.active_target[57]_i_1__0/O
                         net (fo=17, routed)          0.647     9.817    system_i/PS7/ps7_0_axi_periph/xbar/inst/gen_samd.crossbar_samd/gen_slave_slots[0].gen_si_read.si_transactor_ar/gen_multi_thread.arbiter_resp_inst/gen_multi_thread.cmd_push_7
    SLICE_X2Y41          LUT4 (Prop_lut4_I0_O)        0.124     9.941 r  system_i/PS7/ps7_0_axi_periph/xbar/inst/gen_samd.crossbar_samd/gen_slave_slots[0].gen_si_read.si_transactor_ar/gen_multi_thread.arbiter_resp_inst/gen_multi_thread.active_cnt[59]_i_1__0/O
                         net (fo=4, routed)           0.190    10.131    system_i/PS7/ps7_0_axi_periph/xbar/inst/gen_samd.crossbar_samd/gen_slave_slots[0].gen_si_read.si_transactor_ar/gen_multi_thread.arbiter_resp_inst_n_11
    SLICE_X2Y41          FDRE                                         r  system_i/PS7/ps7_0_axi_periph/xbar/inst/gen_samd.crossbar_samd/gen_slave_slots[0].gen_si_read.si_transactor_ar/gen_multi_thread.active_cnt_reg[58]/CE
  -------------------------------------------------------------------    -------------------

                         (clock clk_fpga_0 rise edge)
                                                      8.000     8.000 r  
    PS7_X0Y0             PS7                          0.000     8.000 r  system_i/PS7/processing_system7_0/inst/PS7_i/FCLKCLK[0]
                         net (fo=1, routed)           1.101     9.101    system_i/PS7/processing_system7_0/inst/FCLK_CLK_unbuffered[0]
    BUFGCTRL_X0Y0        BUFG (Prop_bufg_I_O)         0.091     9.192 r  system_i/PS7/processing_system7_0/inst/buffer_fclk_clk_0.FCLK_CLK_0_BUFG/O
                         net (fo=1567, routed)        1.550    10.742    system_i/PS7/ps7_0_axi_periph/xbar/inst/gen_samd.crossbar_samd/gen_slave_slots[0].gen_si_read.si_transactor_ar/aclk
    SLICE_X2Y41          FDRE                                         r  system_i/PS7/ps7_0_axi_periph/xbar/inst/gen_samd.crossbar_samd/gen_slave_slots[0].gen_si_read.si_transactor_ar/gen_multi_thread.active_cnt_reg[58]/C
                         clock pessimism              0.230    10.973    
                         clock uncertainty           -0.125    10.848    
    SLICE_X2Y41          FDRE (Setup_fdre_C_CE)      -0.205    10.643    system_i/PS7/ps7_0_axi_periph/xbar/inst/gen_samd.crossbar_samd/gen_slave_slots[0].gen_si_read.si_transactor_ar/gen_multi_thread.active_cnt_reg[58]
  -------------------------------------------------------------------
                         required time                         10.643    
                         arrival time                         -10.131    
  -------------------------------------------------------------------
                         slack                                  0.512    

Slack (MET) :             0.512ns  (required time - arrival time)
  Source:                 system_i/PS7/processing_system7_0/inst/PS7_i/MAXIGP0ACLK
                            (rising edge-triggered cell PS7 clocked by clk_fpga_0  {rise@0.000ns fall@4.000ns period=8.000ns})
  Destination:            system_i/PS7/ps7_0_axi_periph/xbar/inst/gen_samd.crossbar_samd/gen_slave_slots[0].gen_si_read.si_transactor_ar/gen_multi_thread.active_cnt_reg[59]/CE
                            (rising edge-triggered cell FDRE clocked by clk_fpga_0  {rise@0.000ns fall@4.000ns period=8.000ns})
  Path Group:             clk_fpga_0
  Path Type:              Setup (Max at Slow Process Corner)
  Requirement:            8.000ns  (clk_fpga_0 rise@8.000ns - clk_fpga_0 rise@0.000ns)
  Data Path Delay:        7.058ns  (logic 2.620ns (37.121%)  route 4.438ns (62.879%))
  Logic Levels:           6  (CARRY4=1 LUT4=1 LUT5=1 LUT6=3)
  Clock Path Skew:        -0.100ns (DCD - SCD + CPR)
    Destination Clock Delay (DCD):    2.743ns = ( 10.743 - 8.000 ) 
    Source Clock Delay      (SCD):    3.073ns
    Clock Pessimism Removal (CPR):    0.230ns
  Clock Uncertainty:      0.125ns  ((TSJ^2 + TIJ^2)^1/2 + DJ) / 2 + PE
    Total System Jitter     (TSJ):    0.071ns
    Total Input Jitter      (TIJ):    0.240ns
    Discrete Jitter          (DJ):    0.000ns
    Phase Error              (PE):    0.000ns

    Location             Delay type                Incr(ns)  Path(ns)    Netlist Resource(s)
  -------------------------------------------------------------------    -------------------
                         (clock clk_fpga_0 rise edge)
                                                      0.000     0.000 r  
    PS7_X0Y0             PS7                          0.000     0.000 r  system_i/PS7/processing_system7_0/inst/PS7_i/FCLKCLK[0]
                         net (fo=1, routed)           1.207     1.207    system_i/PS7/processing_system7_0/inst/FCLK_CLK_unbuffered[0]
    BUFGCTRL_X0Y0        BUFG (Prop_bufg_I_O)         0.101     1.308 r  system_i/PS7/processing_system7_0/inst/buffer_fclk_clk_0.FCLK_CLK_0_BUFG/O
                         net (fo=1567, routed)        1.765     3.073    system_i/PS7/processing_system7_0/inst/M_AXI_GP0_ACLK
    PS7_X0Y0             PS7                                          r  system_i/PS7/processing_system7_0/inst/PS7_i/MAXIGP0ACLK
  -------------------------------------------------------------------    -------------------
    PS7_X0Y0             PS7 (Prop_ps7_MAXIGP0ACLK_MAXIGP0ARID[5])
                                                      1.450     4.523 r  system_i/PS7/processing_system7_0/inst/PS7_i/MAXIGP0ARID[5]
                         net (fo=17, routed)          1.149     5.672    system_i/PS7/ps7_0_axi_periph/xbar/inst/gen_samd.crossbar_samd/gen_slave_slots[0].gen_si_read.si_transactor_ar/s_axi_arid[5]
    SLICE_X1Y43          LUT6 (Prop_lut6_I2_O)        0.124     5.796 r  system_i/PS7/ps7_0_axi_periph/xbar/inst/gen_samd.crossbar_samd/gen_slave_slots[0].gen_si_read.si_transactor_ar/gen_multi_thread.aid_match_60_carry_i_3/O
                         net (fo=1, routed)           0.000     5.796    system_i/PS7/ps7_0_axi_periph/xbar/inst/gen_samd.crossbar_samd/gen_slave_slots[0].gen_si_read.si_transactor_ar/gen_multi_thread.aid_match_60_carry_i_3_n_0
    SLICE_X1Y43          CARRY4 (Prop_carry4_S[1]_CO[3])
                                                      0.550     6.346 f  system_i/PS7/ps7_0_axi_periph/xbar/inst/gen_samd.crossbar_samd/gen_slave_slots[0].gen_si_read.si_transactor_ar/gen_multi_thread.aid_match_60_carry/CO[3]
                         net (fo=3, routed)           0.907     7.253    system_i/PS7/ps7_0_axi_periph/xbar/inst/gen_samd.crossbar_samd/gen_slave_slots[0].gen_si_read.si_transactor_ar/gen_multi_thread.aid_match_60
    SLICE_X3Y43          LUT5 (Prop_lut5_I0_O)        0.124     7.377 f  system_i/PS7/ps7_0_axi_periph/xbar/inst/gen_samd.crossbar_samd/gen_slave_slots[0].gen_si_read.si_transactor_ar/gen_no_arbiter.s_ready_i[0]_i_17/O
                         net (fo=4, routed)           0.935     8.312    system_i/PS7/ps7_0_axi_periph/xbar/inst/gen_samd.crossbar_samd/gen_slave_slots[0].gen_si_read.si_transactor_ar/gen_no_arbiter.s_ready_i[0]_i_17_n_0
    SLICE_X3Y39          LUT6 (Prop_lut6_I2_O)        0.124     8.436 f  system_i/PS7/ps7_0_axi_periph/xbar/inst/gen_samd.crossbar_samd/gen_slave_slots[0].gen_si_read.si_transactor_ar/gen_multi_thread.active_target[57]_i_5__0/O
                         net (fo=8, routed)           0.609     9.045    system_i/PS7/ps7_0_axi_periph/xbar/inst/gen_samd.crossbar_samd/gen_slave_slots[0].gen_si_read.si_transactor_ar/gen_multi_thread.active_target[57]_i_5__0_n_0
    SLICE_X3Y42          LUT6 (Prop_lut6_I4_O)        0.124     9.169 r  system_i/PS7/ps7_0_axi_periph/xbar/inst/gen_samd.crossbar_samd/gen_slave_slots[0].gen_si_read.si_transactor_ar/gen_multi_thread.active_target[57]_i_1__0/O
                         net (fo=17, routed)          0.647     9.817    system_i/PS7/ps7_0_axi_periph/xbar/inst/gen_samd.crossbar_samd/gen_slave_slots[0].gen_si_read.si_transactor_ar/gen_multi_thread.arbiter_resp_inst/gen_multi_thread.cmd_push_7
    SLICE_X2Y41          LUT4 (Prop_lut4_I0_O)        0.124     9.941 r  system_i/PS7/ps7_0_axi_periph/xbar/inst/gen_samd.crossbar_samd/gen_slave_slots[0].gen_si_read.si_transactor_ar/gen_multi_thread.arbiter_resp_inst/gen_multi_thread.active_cnt[59]_i_1__0/O
                         net (fo=4, routed)           0.190    10.131    system_i/PS7/ps7_0_axi_periph/xbar/inst/gen_samd.crossbar_samd/gen_slave_slots[0].gen_si_read.si_transactor_ar/gen_multi_thread.arbiter_resp_inst_n_11
    SLICE_X2Y41          FDRE                                         r  system_i/PS7/ps7_0_axi_periph/xbar/inst/gen_samd.crossbar_samd/gen_slave_slots[0].gen_si_read.si_transactor_ar/gen_multi_thread.active_cnt_reg[59]/CE
  -------------------------------------------------------------------    -------------------

                         (clock clk_fpga_0 rise edge)
                                                      8.000     8.000 r  
    PS7_X0Y0             PS7                          0.000     8.000 r  system_i/PS7/processing_system7_0/inst/PS7_i/FCLKCLK[0]
                         net (fo=1, routed)           1.101     9.101    system_i/PS7/processing_system7_0/inst/FCLK_CLK_unbuffered[0]
    BUFGCTRL_X0Y0        BUFG (Prop_bufg_I_O)         0.091     9.192 r  system_i/PS7/processing_system7_0/inst/buffer_fclk_clk_0.FCLK_CLK_0_BUFG/O
                         net (fo=1567, routed)        1.550    10.742    system_i/PS7/ps7_0_axi_periph/xbar/inst/gen_samd.crossbar_samd/gen_slave_slots[0].gen_si_read.si_transactor_ar/aclk
    SLICE_X2Y41          FDRE                                         r  system_i/PS7/ps7_0_axi_periph/xbar/inst/gen_samd.crossbar_samd/gen_slave_slots[0].gen_si_read.si_transactor_ar/gen_multi_thread.active_cnt_reg[59]/C
                         clock pessimism              0.230    10.973    
                         clock uncertainty           -0.125    10.848    
    SLICE_X2Y41          FDRE (Setup_fdre_C_CE)      -0.205    10.643    system_i/PS7/ps7_0_axi_periph/xbar/inst/gen_samd.crossbar_samd/gen_slave_slots[0].gen_si_read.si_transactor_ar/gen_multi_thread.active_cnt_reg[59]
  -------------------------------------------------------------------
                         required time                         10.643    
                         arrival time                         -10.131    
  -------------------------------------------------------------------
                         slack                                  0.512    

Slack (MET) :             0.519ns  (required time - arrival time)
  Source:                 system_i/PS7/processing_system7_0/inst/PS7_i/MAXIGP0ACLK
                            (rising edge-triggered cell PS7 clocked by clk_fpga_0  {rise@0.000ns fall@4.000ns period=8.000ns})
  Destination:            system_i/PS7/ps7_0_axi_periph/xbar/inst/gen_samd.crossbar_samd/gen_slave_slots[0].gen_si_read.si_transactor_ar/gen_multi_thread.active_cnt_reg[17]/CE
                            (rising edge-triggered cell FDRE clocked by clk_fpga_0  {rise@0.000ns fall@4.000ns period=8.000ns})
  Path Group:             clk_fpga_0
  Path Type:              Setup (Max at Slow Process Corner)
  Requirement:            8.000ns  (clk_fpga_0 rise@8.000ns - clk_fpga_0 rise@0.000ns)
  Data Path Delay:        7.115ns  (logic 2.620ns (36.823%)  route 4.495ns (63.177%))
  Logic Levels:           6  (CARRY4=1 LUT4=1 LUT5=1 LUT6=3)
  Clock Path Skew:        -0.072ns (DCD - SCD + CPR)
    Destination Clock Delay (DCD):    2.734ns = ( 10.734 - 8.000 ) 
    Source Clock Delay      (SCD):    3.073ns
    Clock Pessimism Removal (CPR):    0.266ns
  Clock Uncertainty:      0.125ns  ((TSJ^2 + TIJ^2)^1/2 + DJ) / 2 + PE
    Total System Jitter     (TSJ):    0.071ns
    Total Input Jitter      (TIJ):    0.240ns
    Discrete Jitter          (DJ):    0.000ns
    Phase Error              (PE):    0.000ns

    Location             Delay type                Incr(ns)  Path(ns)    Netlist Resource(s)
  -------------------------------------------------------------------    -------------------
                         (clock clk_fpga_0 rise edge)
                                                      0.000     0.000 r  
    PS7_X0Y0             PS7                          0.000     0.000 r  system_i/PS7/processing_system7_0/inst/PS7_i/FCLKCLK[0]
                         net (fo=1, routed)           1.207     1.207    system_i/PS7/processing_system7_0/inst/FCLK_CLK_unbuffered[0]
    BUFGCTRL_X0Y0        BUFG (Prop_bufg_I_O)         0.101     1.308 r  system_i/PS7/processing_system7_0/inst/buffer_fclk_clk_0.FCLK_CLK_0_BUFG/O
                         net (fo=1567, routed)        1.765     3.073    system_i/PS7/processing_system7_0/inst/M_AXI_GP0_ACLK
    PS7_X0Y0             PS7                                          r  system_i/PS7/processing_system7_0/inst/PS7_i/MAXIGP0ACLK
  -------------------------------------------------------------------    -------------------
    PS7_X0Y0             PS7 (Prop_ps7_MAXIGP0ACLK_MAXIGP0ARID[5])
                                                      1.450     4.523 r  system_i/PS7/processing_system7_0/inst/PS7_i/MAXIGP0ARID[5]
                         net (fo=17, routed)          1.149     5.672    system_i/PS7/ps7_0_axi_periph/xbar/inst/gen_samd.crossbar_samd/gen_slave_slots[0].gen_si_read.si_transactor_ar/s_axi_arid[5]
    SLICE_X1Y43          LUT6 (Prop_lut6_I2_O)        0.124     5.796 r  system_i/PS7/ps7_0_axi_periph/xbar/inst/gen_samd.crossbar_samd/gen_slave_slots[0].gen_si_read.si_transactor_ar/gen_multi_thread.aid_match_60_carry_i_3/O
                         net (fo=1, routed)           0.000     5.796    system_i/PS7/ps7_0_axi_periph/xbar/inst/gen_samd.crossbar_samd/gen_slave_slots[0].gen_si_read.si_transactor_ar/gen_multi_thread.aid_match_60_carry_i_3_n_0
    SLICE_X1Y43          CARRY4 (Prop_carry4_S[1]_CO[3])
                                                      0.550     6.346 f  system_i/PS7/ps7_0_axi_periph/xbar/inst/gen_samd.crossbar_samd/gen_slave_slots[0].gen_si_read.si_transactor_ar/gen_multi_thread.aid_match_60_carry/CO[3]
                         net (fo=3, routed)           0.907     7.253    system_i/PS7/ps7_0_axi_periph/xbar/inst/gen_samd.crossbar_samd/gen_slave_slots[0].gen_si_read.si_transactor_ar/gen_multi_thread.aid_match_60
    SLICE_X3Y43          LUT5 (Prop_lut5_I0_O)        0.124     7.377 f  system_i/PS7/ps7_0_axi_periph/xbar/inst/gen_samd.crossbar_samd/gen_slave_slots[0].gen_si_read.si_transactor_ar/gen_no_arbiter.s_ready_i[0]_i_17/O
                         net (fo=4, routed)           0.935     8.312    system_i/PS7/ps7_0_axi_periph/xbar/inst/gen_samd.crossbar_samd/gen_slave_slots[0].gen_si_read.si_transactor_ar/gen_no_arbiter.s_ready_i[0]_i_17_n_0
    SLICE_X3Y39          LUT6 (Prop_lut6_I2_O)        0.124     8.436 f  system_i/PS7/ps7_0_axi_periph/xbar/inst/gen_samd.crossbar_samd/gen_slave_slots[0].gen_si_read.si_transactor_ar/gen_multi_thread.active_target[57]_i_5__0/O
                         net (fo=8, routed)           0.507     8.944    system_i/PS7/ps7_0_axi_periph/xbar/inst/gen_samd.crossbar_samd/gen_slave_slots[0].gen_si_read.si_transactor_ar/gen_multi_thread.active_target[57]_i_5__0_n_0
    SLICE_X1Y38          LUT6 (Prop_lut6_I1_O)        0.124     9.068 r  system_i/PS7/ps7_0_axi_periph/xbar/inst/gen_samd.crossbar_samd/gen_slave_slots[0].gen_si_read.si_transactor_ar/gen_multi_thread.active_target[17]_i_1__0/O
                         net (fo=17, routed)          0.654     9.722    system_i/PS7/ps7_0_axi_periph/xbar/inst/gen_samd.crossbar_samd/gen_slave_slots[0].gen_si_read.si_transactor_ar/gen_multi_thread.arbiter_resp_inst/gen_multi_thread.cmd_push_2
    SLICE_X1Y36          LUT4 (Prop_lut4_I0_O)        0.124     9.846 r  system_i/PS7/ps7_0_axi_periph/xbar/inst/gen_samd.crossbar_samd/gen_slave_slots[0].gen_si_read.si_transactor_ar/gen_multi_thread.arbiter_resp_inst/gen_multi_thread.active_cnt[19]_i_1__0/O
                         net (fo=4, routed)           0.342    10.188    system_i/PS7/ps7_0_axi_periph/xbar/inst/gen_samd.crossbar_samd/gen_slave_slots[0].gen_si_read.si_transactor_ar/gen_multi_thread.arbiter_resp_inst_n_8
    SLICE_X0Y35          FDRE                                         r  system_i/PS7/ps7_0_axi_periph/xbar/inst/gen_samd.crossbar_samd/gen_slave_slots[0].gen_si_read.si_transactor_ar/gen_multi_thread.active_cnt_reg[17]/CE
  -------------------------------------------------------------------    -------------------

                         (clock clk_fpga_0 rise edge)
                                                      8.000     8.000 r  
    PS7_X0Y0             PS7                          0.000     8.000 r  system_i/PS7/processing_system7_0/inst/PS7_i/FCLKCLK[0]
                         net (fo=1, routed)           1.101     9.101    system_i/PS7/processing_system7_0/inst/FCLK_CLK_unbuffered[0]
    BUFGCTRL_X0Y0        BUFG (Prop_bufg_I_O)         0.091     9.192 r  system_i/PS7/processing_system7_0/inst/buffer_fclk_clk_0.FCLK_CLK_0_BUFG/O
                         net (fo=1567, routed)        1.542    10.734    system_i/PS7/ps7_0_axi_periph/xbar/inst/gen_samd.crossbar_samd/gen_slave_slots[0].gen_si_read.si_transactor_ar/aclk
    SLICE_X0Y35          FDRE                                         r  system_i/PS7/ps7_0_axi_periph/xbar/inst/gen_samd.crossbar_samd/gen_slave_slots[0].gen_si_read.si_transactor_ar/gen_multi_thread.active_cnt_reg[17]/C
                         clock pessimism              0.266    11.001    
                         clock uncertainty           -0.125    10.876    
    SLICE_X0Y35          FDRE (Setup_fdre_C_CE)      -0.169    10.707    system_i/PS7/ps7_0_axi_periph/xbar/inst/gen_samd.crossbar_samd/gen_slave_slots[0].gen_si_read.si_transactor_ar/gen_multi_thread.active_cnt_reg[17]
  -------------------------------------------------------------------
                         required time                         10.707    
                         arrival time                         -10.188    
  -------------------------------------------------------------------
                         slack                                  0.519    

Slack (MET) :             0.519ns  (required time - arrival time)
  Source:                 system_i/PS7/processing_system7_0/inst/PS7_i/MAXIGP0ACLK
                            (rising edge-triggered cell PS7 clocked by clk_fpga_0  {rise@0.000ns fall@4.000ns period=8.000ns})
  Destination:            system_i/PS7/ps7_0_axi_periph/xbar/inst/gen_samd.crossbar_samd/gen_slave_slots[0].gen_si_read.si_transactor_ar/gen_multi_thread.active_cnt_reg[18]/CE
                            (rising edge-triggered cell FDRE clocked by clk_fpga_0  {rise@0.000ns fall@4.000ns period=8.000ns})
  Path Group:             clk_fpga_0
  Path Type:              Setup (Max at Slow Process Corner)
  Requirement:            8.000ns  (clk_fpga_0 rise@8.000ns - clk_fpga_0 rise@0.000ns)
  Data Path Delay:        7.115ns  (logic 2.620ns (36.823%)  route 4.495ns (63.177%))
  Logic Levels:           6  (CARRY4=1 LUT4=1 LUT5=1 LUT6=3)
  Clock Path Skew:        -0.072ns (DCD - SCD + CPR)
    Destination Clock Delay (DCD):    2.734ns = ( 10.734 - 8.000 ) 
    Source Clock Delay      (SCD):    3.073ns
    Clock Pessimism Removal (CPR):    0.266ns
  Clock Uncertainty:      0.125ns  ((TSJ^2 + TIJ^2)^1/2 + DJ) / 2 + PE
    Total System Jitter     (TSJ):    0.071ns
    Total Input Jitter      (TIJ):    0.240ns
    Discrete Jitter          (DJ):    0.000ns
    Phase Error              (PE):    0.000ns

    Location             Delay type                Incr(ns)  Path(ns)    Netlist Resource(s)
  -------------------------------------------------------------------    -------------------
                         (clock clk_fpga_0 rise edge)
                                                      0.000     0.000 r  
    PS7_X0Y0             PS7                          0.000     0.000 r  system_i/PS7/processing_system7_0/inst/PS7_i/FCLKCLK[0]
                         net (fo=1, routed)           1.207     1.207    system_i/PS7/processing_system7_0/inst/FCLK_CLK_unbuffered[0]
    BUFGCTRL_X0Y0        BUFG (Prop_bufg_I_O)         0.101     1.308 r  system_i/PS7/processing_system7_0/inst/buffer_fclk_clk_0.FCLK_CLK_0_BUFG/O
                         net (fo=1567, routed)        1.765     3.073    system_i/PS7/processing_system7_0/inst/M_AXI_GP0_ACLK
    PS7_X0Y0             PS7                                          r  system_i/PS7/processing_system7_0/inst/PS7_i/MAXIGP0ACLK
  -------------------------------------------------------------------    -------------------
    PS7_X0Y0             PS7 (Prop_ps7_MAXIGP0ACLK_MAXIGP0ARID[5])
                                                      1.450     4.523 r  system_i/PS7/processing_system7_0/inst/PS7_i/MAXIGP0ARID[5]
                         net (fo=17, routed)          1.149     5.672    system_i/PS7/ps7_0_axi_periph/xbar/inst/gen_samd.crossbar_samd/gen_slave_slots[0].gen_si_read.si_transactor_ar/s_axi_arid[5]
    SLICE_X1Y43          LUT6 (Prop_lut6_I2_O)        0.124     5.796 r  system_i/PS7/ps7_0_axi_periph/xbar/inst/gen_samd.crossbar_samd/gen_slave_slots[0].gen_si_read.si_transactor_ar/gen_multi_thread.aid_match_60_carry_i_3/O
                         net (fo=1, routed)           0.000     5.796    system_i/PS7/ps7_0_axi_periph/xbar/inst/gen_samd.crossbar_samd/gen_slave_slots[0].gen_si_read.si_transactor_ar/gen_multi_thread.aid_match_60_carry_i_3_n_0
    SLICE_X1Y43          CARRY4 (Prop_carry4_S[1]_CO[3])
                                                      0.550     6.346 f  system_i/PS7/ps7_0_axi_periph/xbar/inst/gen_samd.crossbar_samd/gen_slave_slots[0].gen_si_read.si_transactor_ar/gen_multi_thread.aid_match_60_carry/CO[3]
                         net (fo=3, routed)           0.907     7.253    system_i/PS7/ps7_0_axi_periph/xbar/inst/gen_samd.crossbar_samd/gen_slave_slots[0].gen_si_read.si_transactor_ar/gen_multi_thread.aid_match_60
    SLICE_X3Y43          LUT5 (Prop_lut5_I0_O)        0.124     7.377 f  system_i/PS7/ps7_0_axi_periph/xbar/inst/gen_samd.crossbar_samd/gen_slave_slots[0].gen_si_read.si_transactor_ar/gen_no_arbiter.s_ready_i[0]_i_17/O
                         net (fo=4, routed)           0.935     8.312    system_i/PS7/ps7_0_axi_periph/xbar/inst/gen_samd.crossbar_samd/gen_slave_slots[0].gen_si_read.si_transactor_ar/gen_no_arbiter.s_ready_i[0]_i_17_n_0
    SLICE_X3Y39          LUT6 (Prop_lut6_I2_O)        0.124     8.436 f  system_i/PS7/ps7_0_axi_periph/xbar/inst/gen_samd.crossbar_samd/gen_slave_slots[0].gen_si_read.si_transactor_ar/gen_multi_thread.active_target[57]_i_5__0/O
                         net (fo=8, routed)           0.507     8.944    system_i/PS7/ps7_0_axi_periph/xbar/inst/gen_samd.crossbar_samd/gen_slave_slots[0].gen_si_read.si_transactor_ar/gen_multi_thread.active_target[57]_i_5__0_n_0
    SLICE_X1Y38          LUT6 (Prop_lut6_I1_O)        0.124     9.068 r  system_i/PS7/ps7_0_axi_periph/xbar/inst/gen_samd.crossbar_samd/gen_slave_slots[0].gen_si_read.si_transactor_ar/gen_multi_thread.active_target[17]_i_1__0/O
                         net (fo=17, routed)          0.654     9.722    system_i/PS7/ps7_0_axi_periph/xbar/inst/gen_samd.crossbar_samd/gen_slave_slots[0].gen_si_read.si_transactor_ar/gen_multi_thread.arbiter_resp_inst/gen_multi_thread.cmd_push_2
    SLICE_X1Y36          LUT4 (Prop_lut4_I0_O)        0.124     9.846 r  system_i/PS7/ps7_0_axi_periph/xbar/inst/gen_samd.crossbar_samd/gen_slave_slots[0].gen_si_read.si_transactor_ar/gen_multi_thread.arbiter_resp_inst/gen_multi_thread.active_cnt[19]_i_1__0/O
                         net (fo=4, routed)           0.342    10.188    system_i/PS7/ps7_0_axi_periph/xbar/inst/gen_samd.crossbar_samd/gen_slave_slots[0].gen_si_read.si_transactor_ar/gen_multi_thread.arbiter_resp_inst_n_8
    SLICE_X0Y35          FDRE                                         r  system_i/PS7/ps7_0_axi_periph/xbar/inst/gen_samd.crossbar_samd/gen_slave_slots[0].gen_si_read.si_transactor_ar/gen_multi_thread.active_cnt_reg[18]/CE
  -------------------------------------------------------------------    -------------------

                         (clock clk_fpga_0 rise edge)
                                                      8.000     8.000 r  
    PS7_X0Y0             PS7                          0.000     8.000 r  system_i/PS7/processing_system7_0/inst/PS7_i/FCLKCLK[0]
                         net (fo=1, routed)           1.101     9.101    system_i/PS7/processing_system7_0/inst/FCLK_CLK_unbuffered[0]
    BUFGCTRL_X0Y0        BUFG (Prop_bufg_I_O)         0.091     9.192 r  system_i/PS7/processing_system7_0/inst/buffer_fclk_clk_0.FCLK_CLK_0_BUFG/O
                         net (fo=1567, routed)        1.542    10.734    system_i/PS7/ps7_0_axi_periph/xbar/inst/gen_samd.crossbar_samd/gen_slave_slots[0].gen_si_read.si_transactor_ar/aclk
    SLICE_X0Y35          FDRE                                         r  system_i/PS7/ps7_0_axi_periph/xbar/inst/gen_samd.crossbar_samd/gen_slave_slots[0].gen_si_read.si_transactor_ar/gen_multi_thread.active_cnt_reg[18]/C
                         clock pessimism              0.266    11.001    
                         clock uncertainty           -0.125    10.876    
    SLICE_X0Y35          FDRE (Setup_fdre_C_CE)      -0.169    10.707    system_i/PS7/ps7_0_axi_periph/xbar/inst/gen_samd.crossbar_samd/gen_slave_slots[0].gen_si_read.si_transactor_ar/gen_multi_thread.active_cnt_reg[18]
  -------------------------------------------------------------------
                         required time                         10.707    
                         arrival time                         -10.188    
  -------------------------------------------------------------------
                         slack                                  0.519    

Slack (MET) :             0.605ns  (required time - arrival time)
  Source:                 system_i/PS7/processing_system7_0/inst/PS7_i/MAXIGP0ACLK
                            (rising edge-triggered cell PS7 clocked by clk_fpga_0  {rise@0.000ns fall@4.000ns period=8.000ns})
  Destination:            system_i/PS7/ps7_0_axi_periph/xbar/inst/gen_samd.crossbar_samd/gen_slave_slots[0].gen_si_read.si_transactor_ar/gen_multi_thread.active_cnt_reg[32]/CE
                            (rising edge-triggered cell FDRE clocked by clk_fpga_0  {rise@0.000ns fall@4.000ns period=8.000ns})
  Path Group:             clk_fpga_0
  Path Type:              Setup (Max at Slow Process Corner)
  Requirement:            8.000ns  (clk_fpga_0 rise@8.000ns - clk_fpga_0 rise@0.000ns)
  Data Path Delay:        6.995ns  (logic 2.620ns (37.458%)  route 4.375ns (62.542%))
  Logic Levels:           6  (CARRY4=1 LUT4=1 LUT5=2 LUT6=2)
  Clock Path Skew:        -0.071ns (DCD - SCD + CPR)
    Destination Clock Delay (DCD):    2.736ns = ( 10.736 - 8.000 ) 
    Source Clock Delay      (SCD):    3.073ns
    Clock Pessimism Removal (CPR):    0.266ns
  Clock Uncertainty:      0.125ns  ((TSJ^2 + TIJ^2)^1/2 + DJ) / 2 + PE
    Total System Jitter     (TSJ):    0.071ns
    Total Input Jitter      (TIJ):    0.240ns
    Discrete Jitter          (DJ):    0.000ns
    Phase Error              (PE):    0.000ns

    Location             Delay type                Incr(ns)  Path(ns)    Netlist Resource(s)
  -------------------------------------------------------------------    -------------------
                         (clock clk_fpga_0 rise edge)
                                                      0.000     0.000 r  
    PS7_X0Y0             PS7                          0.000     0.000 r  system_i/PS7/processing_system7_0/inst/PS7_i/FCLKCLK[0]
                         net (fo=1, routed)           1.207     1.207    system_i/PS7/processing_system7_0/inst/FCLK_CLK_unbuffered[0]
    BUFGCTRL_X0Y0        BUFG (Prop_bufg_I_O)         0.101     1.308 r  system_i/PS7/processing_system7_0/inst/buffer_fclk_clk_0.FCLK_CLK_0_BUFG/O
                         net (fo=1567, routed)        1.765     3.073    system_i/PS7/processing_system7_0/inst/M_AXI_GP0_ACLK
    PS7_X0Y0             PS7                                          r  system_i/PS7/processing_system7_0/inst/PS7_i/MAXIGP0ACLK
  -------------------------------------------------------------------    -------------------
    PS7_X0Y0             PS7 (Prop_ps7_MAXIGP0ACLK_MAXIGP0ARID[5])
                                                      1.450     4.523 r  system_i/PS7/processing_system7_0/inst/PS7_i/MAXIGP0ARID[5]
                         net (fo=17, routed)          1.149     5.672    system_i/PS7/ps7_0_axi_periph/xbar/inst/gen_samd.crossbar_samd/gen_slave_slots[0].gen_si_read.si_transactor_ar/s_axi_arid[5]
    SLICE_X1Y43          LUT6 (Prop_lut6_I2_O)        0.124     5.796 r  system_i/PS7/ps7_0_axi_periph/xbar/inst/gen_samd.crossbar_samd/gen_slave_slots[0].gen_si_read.si_transactor_ar/gen_multi_thread.aid_match_60_carry_i_3/O
                         net (fo=1, routed)           0.000     5.796    system_i/PS7/ps7_0_axi_periph/xbar/inst/gen_samd.crossbar_samd/gen_slave_slots[0].gen_si_read.si_transactor_ar/gen_multi_thread.aid_match_60_carry_i_3_n_0
    SLICE_X1Y43          CARRY4 (Prop_carry4_S[1]_CO[3])
                                                      0.550     6.346 f  system_i/PS7/ps7_0_axi_periph/xbar/inst/gen_samd.crossbar_samd/gen_slave_slots[0].gen_si_read.si_transactor_ar/gen_multi_thread.aid_match_60_carry/CO[3]
                         net (fo=3, routed)           0.907     7.253    system_i/PS7/ps7_0_axi_periph/xbar/inst/gen_samd.crossbar_samd/gen_slave_slots[0].gen_si_read.si_transactor_ar/gen_multi_thread.aid_match_60
    SLICE_X3Y43          LUT5 (Prop_lut5_I0_O)        0.124     7.377 f  system_i/PS7/ps7_0_axi_periph/xbar/inst/gen_samd.crossbar_samd/gen_slave_slots[0].gen_si_read.si_transactor_ar/gen_no_arbiter.s_ready_i[0]_i_17/O
                         net (fo=4, routed)           0.935     8.312    system_i/PS7/ps7_0_axi_periph/xbar/inst/gen_samd.crossbar_samd/gen_slave_slots[0].gen_si_read.si_transactor_ar/gen_no_arbiter.s_ready_i[0]_i_17_n_0
    SLICE_X3Y39          LUT6 (Prop_lut6_I2_O)        0.124     8.436 f  system_i/PS7/ps7_0_axi_periph/xbar/inst/gen_samd.crossbar_samd/gen_slave_slots[0].gen_si_read.si_transactor_ar/gen_multi_thread.active_target[57]_i_5__0/O
                         net (fo=8, routed)           0.515     8.951    system_i/PS7/ps7_0_axi_periph/xbar/inst/gen_samd.crossbar_samd/gen_slave_slots[0].gen_si_read.si_transactor_ar/gen_multi_thread.active_target[57]_i_5__0_n_0
    SLICE_X3Y37          LUT5 (Prop_lut5_I3_O)        0.124     9.075 r  system_i/PS7/ps7_0_axi_periph/xbar/inst/gen_samd.crossbar_samd/gen_slave_slots[0].gen_si_read.si_transactor_ar/gen_multi_thread.active_target[33]_i_1__0/O
                         net (fo=17, routed)          0.489     9.564    system_i/PS7/ps7_0_axi_periph/xbar/inst/gen_samd.crossbar_samd/gen_slave_slots[0].gen_si_read.si_transactor_ar/gen_multi_thread.arbiter_resp_inst/gen_multi_thread.cmd_push_4
    SLICE_X1Y37          LUT4 (Prop_lut4_I0_O)        0.124     9.688 r  system_i/PS7/ps7_0_axi_periph/xbar/inst/gen_samd.crossbar_samd/gen_slave_slots[0].gen_si_read.si_transactor_ar/gen_multi_thread.arbiter_resp_inst/gen_multi_thread.active_cnt[35]_i_1__0/O
                         net (fo=4, routed)           0.379    10.067    system_i/PS7/ps7_0_axi_periph/xbar/inst/gen_samd.crossbar_samd/gen_slave_slots[0].gen_si_read.si_transactor_ar/gen_multi_thread.arbiter_resp_inst_n_10
    SLICE_X1Y37          FDRE                                         r  system_i/PS7/ps7_0_axi_periph/xbar/inst/gen_samd.crossbar_samd/gen_slave_slots[0].gen_si_read.si_transactor_ar/gen_multi_thread.active_cnt_reg[32]/CE
  -------------------------------------------------------------------    -------------------

                         (clock clk_fpga_0 rise edge)
                                                      8.000     8.000 r  
    PS7_X0Y0             PS7                          0.000     8.000 r  system_i/PS7/processing_system7_0/inst/PS7_i/FCLKCLK[0]
                         net (fo=1, routed)           1.101     9.101    system_i/PS7/processing_system7_0/inst/FCLK_CLK_unbuffered[0]
    BUFGCTRL_X0Y0        BUFG (Prop_bufg_I_O)         0.091     9.192 r  system_i/PS7/processing_system7_0/inst/buffer_fclk_clk_0.FCLK_CLK_0_BUFG/O
                         net (fo=1567, routed)        1.543    10.735    system_i/PS7/ps7_0_axi_periph/xbar/inst/gen_samd.crossbar_samd/gen_slave_slots[0].gen_si_read.si_transactor_ar/aclk
    SLICE_X1Y37          FDRE                                         r  system_i/PS7/ps7_0_axi_periph/xbar/inst/gen_samd.crossbar_samd/gen_slave_slots[0].gen_si_read.si_transactor_ar/gen_multi_thread.active_cnt_reg[32]/C
                         clock pessimism              0.266    11.002    
                         clock uncertainty           -0.125    10.877    
    SLICE_X1Y37          FDRE (Setup_fdre_C_CE)      -0.205    10.672    system_i/PS7/ps7_0_axi_periph/xbar/inst/gen_samd.crossbar_samd/gen_slave_slots[0].gen_si_read.si_transactor_ar/gen_multi_thread.active_cnt_reg[32]
  -------------------------------------------------------------------
                         required time                         10.672    
                         arrival time                         -10.067    
  -------------------------------------------------------------------
                         slack                                  0.605    

Slack (MET) :             0.605ns  (required time - arrival time)
  Source:                 system_i/PS7/processing_system7_0/inst/PS7_i/MAXIGP0ACLK
                            (rising edge-triggered cell PS7 clocked by clk_fpga_0  {rise@0.000ns fall@4.000ns period=8.000ns})
  Destination:            system_i/PS7/ps7_0_axi_periph/xbar/inst/gen_samd.crossbar_samd/gen_slave_slots[0].gen_si_read.si_transactor_ar/gen_multi_thread.active_cnt_reg[33]/CE
                            (rising edge-triggered cell FDRE clocked by clk_fpga_0  {rise@0.000ns fall@4.000ns period=8.000ns})
  Path Group:             clk_fpga_0
  Path Type:              Setup (Max at Slow Process Corner)
  Requirement:            8.000ns  (clk_fpga_0 rise@8.000ns - clk_fpga_0 rise@0.000ns)
  Data Path Delay:        6.995ns  (logic 2.620ns (37.458%)  route 4.375ns (62.542%))
  Logic Levels:           6  (CARRY4=1 LUT4=1 LUT5=2 LUT6=2)
  Clock Path Skew:        -0.071ns (DCD - SCD + CPR)
    Destination Clock Delay (DCD):    2.736ns = ( 10.736 - 8.000 ) 
    Source Clock Delay      (SCD):    3.073ns
    Clock Pessimism Removal (CPR):    0.266ns
  Clock Uncertainty:      0.125ns  ((TSJ^2 + TIJ^2)^1/2 + DJ) / 2 + PE
    Total System Jitter     (TSJ):    0.071ns
    Total Input Jitter      (TIJ):    0.240ns
    Discrete Jitter          (DJ):    0.000ns
    Phase Error              (PE):    0.000ns

    Location             Delay type                Incr(ns)  Path(ns)    Netlist Resource(s)
  -------------------------------------------------------------------    -------------------
                         (clock clk_fpga_0 rise edge)
                                                      0.000     0.000 r  
    PS7_X0Y0             PS7                          0.000     0.000 r  system_i/PS7/processing_system7_0/inst/PS7_i/FCLKCLK[0]
                         net (fo=1, routed)           1.207     1.207    system_i/PS7/processing_system7_0/inst/FCLK_CLK_unbuffered[0]
    BUFGCTRL_X0Y0        BUFG (Prop_bufg_I_O)         0.101     1.308 r  system_i/PS7/processing_system7_0/inst/buffer_fclk_clk_0.FCLK_CLK_0_BUFG/O
                         net (fo=1567, routed)        1.765     3.073    system_i/PS7/processing_system7_0/inst/M_AXI_GP0_ACLK
    PS7_X0Y0             PS7                                          r  system_i/PS7/processing_system7_0/inst/PS7_i/MAXIGP0ACLK
  -------------------------------------------------------------------    -------------------
    PS7_X0Y0             PS7 (Prop_ps7_MAXIGP0ACLK_MAXIGP0ARID[5])
                                                      1.450     4.523 r  system_i/PS7/processing_system7_0/inst/PS7_i/MAXIGP0ARID[5]
                         net (fo=17, routed)          1.149     5.672    system_i/PS7/ps7_0_axi_periph/xbar/inst/gen_samd.crossbar_samd/gen_slave_slots[0].gen_si_read.si_transactor_ar/s_axi_arid[5]
    SLICE_X1Y43          LUT6 (Prop_lut6_I2_O)        0.124     5.796 r  system_i/PS7/ps7_0_axi_periph/xbar/inst/gen_samd.crossbar_samd/gen_slave_slots[0].gen_si_read.si_transactor_ar/gen_multi_thread.aid_match_60_carry_i_3/O
                         net (fo=1, routed)           0.000     5.796    system_i/PS7/ps7_0_axi_periph/xbar/inst/gen_samd.crossbar_samd/gen_slave_slots[0].gen_si_read.si_transactor_ar/gen_multi_thread.aid_match_60_carry_i_3_n_0
    SLICE_X1Y43          CARRY4 (Prop_carry4_S[1]_CO[3])
                                                      0.550     6.346 f  system_i/PS7/ps7_0_axi_periph/xbar/inst/gen_samd.crossbar_samd/gen_slave_slots[0].gen_si_read.si_transactor_ar/gen_multi_thread.aid_match_60_carry/CO[3]
                         net (fo=3, routed)           0.907     7.253    system_i/PS7/ps7_0_axi_periph/xbar/inst/gen_samd.crossbar_samd/gen_slave_slots[0].gen_si_read.si_transactor_ar/gen_multi_thread.aid_match_60
    SLICE_X3Y43          LUT5 (Prop_lut5_I0_O)        0.124     7.377 f  system_i/PS7/ps7_0_axi_periph/xbar/inst/gen_samd.crossbar_samd/gen_slave_slots[0].gen_si_read.si_transactor_ar/gen_no_arbiter.s_ready_i[0]_i_17/O
                         net (fo=4, routed)           0.935     8.312    system_i/PS7/ps7_0_axi_periph/xbar/inst/gen_samd.crossbar_samd/gen_slave_slots[0].gen_si_read.si_transactor_ar/gen_no_arbiter.s_ready_i[0]_i_17_n_0
    SLICE_X3Y39          LUT6 (Prop_lut6_I2_O)        0.124     8.436 f  system_i/PS7/ps7_0_axi_periph/xbar/inst/gen_samd.crossbar_samd/gen_slave_slots[0].gen_si_read.si_transactor_ar/gen_multi_thread.active_target[57]_i_5__0/O
                         net (fo=8, routed)           0.515     8.951    system_i/PS7/ps7_0_axi_periph/xbar/inst/gen_samd.crossbar_samd/gen_slave_slots[0].gen_si_read.si_transactor_ar/gen_multi_thread.active_target[57]_i_5__0_n_0
    SLICE_X3Y37          LUT5 (Prop_lut5_I3_O)        0.124     9.075 r  system_i/PS7/ps7_0_axi_periph/xbar/inst/gen_samd.crossbar_samd/gen_slave_slots[0].gen_si_read.si_transactor_ar/gen_multi_thread.active_target[33]_i_1__0/O
                         net (fo=17, routed)          0.489     9.564    system_i/PS7/ps7_0_axi_periph/xbar/inst/gen_samd.crossbar_samd/gen_slave_slots[0].gen_si_read.si_transactor_ar/gen_multi_thread.arbiter_resp_inst/gen_multi_thread.cmd_push_4
    SLICE_X1Y37          LUT4 (Prop_lut4_I0_O)        0.124     9.688 r  system_i/PS7/ps7_0_axi_periph/xbar/inst/gen_samd.crossbar_samd/gen_slave_slots[0].gen_si_read.si_transactor_ar/gen_multi_thread.arbiter_resp_inst/gen_multi_thread.active_cnt[35]_i_1__0/O
                         net (fo=4, routed)           0.379    10.067    system_i/PS7/ps7_0_axi_periph/xbar/inst/gen_samd.crossbar_samd/gen_slave_slots[0].gen_si_read.si_transactor_ar/gen_multi_thread.arbiter_resp_inst_n_10
    SLICE_X1Y37          FDRE                                         r  system_i/PS7/ps7_0_axi_periph/xbar/inst/gen_samd.crossbar_samd/gen_slave_slots[0].gen_si_read.si_transactor_ar/gen_multi_thread.active_cnt_reg[33]/CE
  -------------------------------------------------------------------    -------------------

                         (clock clk_fpga_0 rise edge)
                                                      8.000     8.000 r  
    PS7_X0Y0             PS7                          0.000     8.000 r  system_i/PS7/processing_system7_0/inst/PS7_i/FCLKCLK[0]
                         net (fo=1, routed)           1.101     9.101    system_i/PS7/processing_system7_0/inst/FCLK_CLK_unbuffered[0]
    BUFGCTRL_X0Y0        BUFG (Prop_bufg_I_O)         0.091     9.192 r  system_i/PS7/processing_system7_0/inst/buffer_fclk_clk_0.FCLK_CLK_0_BUFG/O
                         net (fo=1567, routed)        1.543    10.735    system_i/PS7/ps7_0_axi_periph/xbar/inst/gen_samd.crossbar_samd/gen_slave_slots[0].gen_si_read.si_transactor_ar/aclk
    SLICE_X1Y37          FDRE                                         r  system_i/PS7/ps7_0_axi_periph/xbar/inst/gen_samd.crossbar_samd/gen_slave_slots[0].gen_si_read.si_transactor_ar/gen_multi_thread.active_cnt_reg[33]/C
                         clock pessimism              0.266    11.002    
                         clock uncertainty           -0.125    10.877    
    SLICE_X1Y37          FDRE (Setup_fdre_C_CE)      -0.205    10.672    system_i/PS7/ps7_0_axi_periph/xbar/inst/gen_samd.crossbar_samd/gen_slave_slots[0].gen_si_read.si_transactor_ar/gen_multi_thread.active_cnt_reg[33]
  -------------------------------------------------------------------
                         required time                         10.672    
                         arrival time                         -10.067    
  -------------------------------------------------------------------
                         slack                                  0.605    





Min Delay Paths
--------------------------------------------------------------------------------------
Slack (MET) :             0.035ns  (arrival time - required time)
  Source:                 system_i/axi_gpio_0/U0/gpio_core_1/Dual.gpio_OE_reg[5]/C
                            (rising edge-triggered cell FDSE clocked by clk_fpga_0  {rise@0.000ns fall@4.000ns period=8.000ns})
  Destination:            system_i/axi_gpio_0/U0/gpio_core_1/Dual.ALLIN0_ND_G0.READ_REG_GEN[5].reg1_reg[5]/D
                            (rising edge-triggered cell FDRE clocked by clk_fpga_0  {rise@0.000ns fall@4.000ns period=8.000ns})
  Path Group:             clk_fpga_0
  Path Type:              Hold (Min at Fast Process Corner)
  Requirement:            0.000ns  (clk_fpga_0 rise@0.000ns - clk_fpga_0 rise@0.000ns)
  Data Path Delay:        0.391ns  (logic 0.226ns (57.830%)  route 0.165ns (42.170%))
  Logic Levels:           1  (LUT5=1)
  Clock Path Skew:        0.263ns (DCD - SCD - CPR)
    Destination Clock Delay (DCD):    1.198ns
    Source Clock Delay      (SCD):    0.901ns
    Clock Pessimism Removal (CPR):    0.034ns

    Location             Delay type                Incr(ns)  Path(ns)    Netlist Resource(s)
  -------------------------------------------------------------------    -------------------
                         (clock clk_fpga_0 rise edge)
                                                      0.000     0.000 r  
    PS7_X0Y0             PS7                          0.000     0.000 r  system_i/PS7/processing_system7_0/inst/PS7_i/FCLKCLK[0]
                         net (fo=1, routed)           0.315     0.315    system_i/PS7/processing_system7_0/inst/FCLK_CLK_unbuffered[0]
    BUFGCTRL_X0Y0        BUFG (Prop_bufg_I_O)         0.026     0.341 r  system_i/PS7/processing_system7_0/inst/buffer_fclk_clk_0.FCLK_CLK_0_BUFG/O
                         net (fo=1567, routed)        0.560     0.901    system_i/axi_gpio_0/U0/gpio_core_1/s_axi_aclk
    SLICE_X21Y43         FDSE                                         r  system_i/axi_gpio_0/U0/gpio_core_1/Dual.gpio_OE_reg[5]/C
  -------------------------------------------------------------------    -------------------
    SLICE_X21Y43         FDSE (Prop_fdse_C_Q)         0.128     1.029 r  system_i/axi_gpio_0/U0/gpio_core_1/Dual.gpio_OE_reg[5]/Q
                         net (fo=1, routed)           0.165     1.193    system_i/axi_gpio_0/U0/gpio_core_1/gpio_io_t[26]
    SLICE_X22Y43         LUT5 (Prop_lut5_I4_O)        0.098     1.291 r  system_i/axi_gpio_0/U0/gpio_core_1/Dual.ALLIN0_ND_G0.READ_REG_GEN[5].reg1[5]_i_1/O
                         net (fo=1, routed)           0.000     1.291    system_i/axi_gpio_0/U0/gpio_core_1/Dual.ALLIN0_ND_G0.READ_REG_GEN[5].reg1[5]_i_1_n_0
    SLICE_X22Y43         FDRE                                         r  system_i/axi_gpio_0/U0/gpio_core_1/Dual.ALLIN0_ND_G0.READ_REG_GEN[5].reg1_reg[5]/D
  -------------------------------------------------------------------    -------------------

                         (clock clk_fpga_0 rise edge)
                                                      0.000     0.000 r  
    PS7_X0Y0             PS7                          0.000     0.000 r  system_i/PS7/processing_system7_0/inst/PS7_i/FCLKCLK[0]
                         net (fo=1, routed)           0.341     0.341    system_i/PS7/processing_system7_0/inst/FCLK_CLK_unbuffered[0]
    BUFGCTRL_X0Y0        BUFG (Prop_bufg_I_O)         0.029     0.370 r  system_i/PS7/processing_system7_0/inst/buffer_fclk_clk_0.FCLK_CLK_0_BUFG/O
                         net (fo=1567, routed)        0.828     1.198    system_i/axi_gpio_0/U0/gpio_core_1/s_axi_aclk
    SLICE_X22Y43         FDRE                                         r  system_i/axi_gpio_0/U0/gpio_core_1/Dual.ALLIN0_ND_G0.READ_REG_GEN[5].reg1_reg[5]/C
                         clock pessimism             -0.034     1.164    
    SLICE_X22Y43         FDRE (Hold_fdre_C_D)         0.092     1.256    system_i/axi_gpio_0/U0/gpio_core_1/Dual.ALLIN0_ND_G0.READ_REG_GEN[5].reg1_reg[5]
  -------------------------------------------------------------------
                         required time                         -1.256    
                         arrival time                           1.291    
  -------------------------------------------------------------------
                         slack                                  0.035    

Slack (MET) :             0.046ns  (arrival time - required time)
  Source:                 system_i/axi_gpio_0/U0/gpio_core_1/Dual.gpio_Data_In_reg[22]/C
                            (rising edge-triggered cell FDRE clocked by clk_fpga_0  {rise@0.000ns fall@4.000ns period=8.000ns})
  Destination:            system_i/axi_gpio_0/U0/gpio_core_1/Dual.ALLIN0_ND_G0.READ_REG_GEN[22].reg1_reg[22]/D
                            (rising edge-triggered cell FDRE clocked by clk_fpga_0  {rise@0.000ns fall@4.000ns period=8.000ns})
  Path Group:             clk_fpga_0
  Path Type:              Hold (Min at Fast Process Corner)
  Requirement:            0.000ns  (clk_fpga_0 rise@0.000ns - clk_fpga_0 rise@0.000ns)
  Data Path Delay:        0.405ns  (logic 0.186ns (45.878%)  route 0.219ns (54.122%))
  Logic Levels:           1  (LUT5=1)
  Clock Path Skew:        0.267ns (DCD - SCD - CPR)
    Destination Clock Delay (DCD):    1.198ns
    Source Clock Delay      (SCD):    0.897ns
    Clock Pessimism Removal (CPR):    0.034ns

    Location             Delay type                Incr(ns)  Path(ns)    Netlist Resource(s)
  -------------------------------------------------------------------    -------------------
                         (clock clk_fpga_0 rise edge)
                                                      0.000     0.000 r  
    PS7_X0Y0             PS7                          0.000     0.000 r  system_i/PS7/processing_system7_0/inst/PS7_i/FCLKCLK[0]
                         net (fo=1, routed)           0.315     0.315    system_i/PS7/processing_system7_0/inst/FCLK_CLK_unbuffered[0]
    BUFGCTRL_X0Y0        BUFG (Prop_bufg_I_O)         0.026     0.341 r  system_i/PS7/processing_system7_0/inst/buffer_fclk_clk_0.FCLK_CLK_0_BUFG/O
                         net (fo=1567, routed)        0.556     0.897    system_i/axi_gpio_0/U0/gpio_core_1/s_axi_aclk
    SLICE_X25Y36         FDRE                                         r  system_i/axi_gpio_0/U0/gpio_core_1/Dual.gpio_Data_In_reg[22]/C
  -------------------------------------------------------------------    -------------------
    SLICE_X25Y36         FDRE (Prop_fdre_C_Q)         0.141     1.038 r  system_i/axi_gpio_0/U0/gpio_core_1/Dual.gpio_Data_In_reg[22]/Q
                         net (fo=1, routed)           0.219     1.257    system_i/axi_gpio_0/U0/gpio_core_1/gpio_Data_In[22]
    SLICE_X21Y38         LUT5 (Prop_lut5_I0_O)        0.045     1.302 r  system_i/axi_gpio_0/U0/gpio_core_1/Dual.ALLIN0_ND_G0.READ_REG_GEN[22].reg1[22]_i_1/O
                         net (fo=1, routed)           0.000     1.302    system_i/axi_gpio_0/U0/gpio_core_1/Dual.ALLIN0_ND_G0.READ_REG_GEN[22].reg1[22]_i_1_n_0
    SLICE_X21Y38         FDRE                                         r  system_i/axi_gpio_0/U0/gpio_core_1/Dual.ALLIN0_ND_G0.READ_REG_GEN[22].reg1_reg[22]/D
  -------------------------------------------------------------------    -------------------

                         (clock clk_fpga_0 rise edge)
                                                      0.000     0.000 r  
    PS7_X0Y0             PS7                          0.000     0.000 r  system_i/PS7/processing_system7_0/inst/PS7_i/FCLKCLK[0]
                         net (fo=1, routed)           0.341     0.341    system_i/PS7/processing_system7_0/inst/FCLK_CLK_unbuffered[0]
    BUFGCTRL_X0Y0        BUFG (Prop_bufg_I_O)         0.029     0.370 r  system_i/PS7/processing_system7_0/inst/buffer_fclk_clk_0.FCLK_CLK_0_BUFG/O
                         net (fo=1567, routed)        0.828     1.198    system_i/axi_gpio_0/U0/gpio_core_1/s_axi_aclk
    SLICE_X21Y38         FDRE                                         r  system_i/axi_gpio_0/U0/gpio_core_1/Dual.ALLIN0_ND_G0.READ_REG_GEN[22].reg1_reg[22]/C
                         clock pessimism             -0.034     1.164    
    SLICE_X21Y38         FDRE (Hold_fdre_C_D)         0.092     1.256    system_i/axi_gpio_0/U0/gpio_core_1/Dual.ALLIN0_ND_G0.READ_REG_GEN[22].reg1_reg[22]
  -------------------------------------------------------------------
                         required time                         -1.256    
                         arrival time                           1.302    
  -------------------------------------------------------------------
                         slack                                  0.046    

Slack (MET) :             0.049ns  (arrival time - required time)
  Source:                 system_i/axi_gpio_0/U0/gpio_core_1/Dual.gpio_OE_reg[16]/C
                            (rising edge-triggered cell FDSE clocked by clk_fpga_0  {rise@0.000ns fall@4.000ns period=8.000ns})
  Destination:            system_i/axi_gpio_0/U0/gpio_core_1/Dual.ALLIN0_ND_G0.READ_REG_GEN[16].reg1_reg[16]/D
                            (rising edge-triggered cell FDRE clocked by clk_fpga_0  {rise@0.000ns fall@4.000ns period=8.000ns})
  Path Group:             clk_fpga_0
  Path Type:              Hold (Min at Fast Process Corner)
  Requirement:            0.000ns  (clk_fpga_0 rise@0.000ns - clk_fpga_0 rise@0.000ns)
  Data Path Delay:        0.401ns  (logic 0.186ns (46.430%)  route 0.215ns (53.570%))
  Logic Levels:           1  (LUT5=1)
  Clock Path Skew:        0.260ns (DCD - SCD - CPR)
    Destination Clock Delay (DCD):    1.197ns
    Source Clock Delay      (SCD):    0.903ns
    Clock Pessimism Removal (CPR):    0.034ns

    Location             Delay type                Incr(ns)  Path(ns)    Netlist Resource(s)
  -------------------------------------------------------------------    -------------------
                         (clock clk_fpga_0 rise edge)
                                                      0.000     0.000 r  
    PS7_X0Y0             PS7                          0.000     0.000 r  system_i/PS7/processing_system7_0/inst/PS7_i/FCLKCLK[0]
                         net (fo=1, routed)           0.315     0.315    system_i/PS7/processing_system7_0/inst/FCLK_CLK_unbuffered[0]
    BUFGCTRL_X0Y0        BUFG (Prop_bufg_I_O)         0.026     0.341 r  system_i/PS7/processing_system7_0/inst/buffer_fclk_clk_0.FCLK_CLK_0_BUFG/O
                         net (fo=1567, routed)        0.562     0.903    system_i/axi_gpio_0/U0/gpio_core_1/s_axi_aclk
    SLICE_X18Y42         FDSE                                         r  system_i/axi_gpio_0/U0/gpio_core_1/Dual.gpio_OE_reg[16]/C
  -------------------------------------------------------------------    -------------------
    SLICE_X18Y42         FDSE (Prop_fdse_C_Q)         0.141     1.044 r  system_i/axi_gpio_0/U0/gpio_core_1/Dual.gpio_OE_reg[16]/Q
                         net (fo=1, routed)           0.215     1.258    system_i/axi_gpio_0/U0/gpio_core_1/gpio_io_t[15]
    SLICE_X22Y41         LUT5 (Prop_lut5_I4_O)        0.045     1.303 r  system_i/axi_gpio_0/U0/gpio_core_1/Dual.ALLIN0_ND_G0.READ_REG_GEN[16].reg1[16]_i_1/O
                         net (fo=1, routed)           0.000     1.303    system_i/axi_gpio_0/U0/gpio_core_1/Dual.ALLIN0_ND_G0.READ_REG_GEN[16].reg1[16]_i_1_n_0
    SLICE_X22Y41         FDRE                                         r  system_i/axi_gpio_0/U0/gpio_core_1/Dual.ALLIN0_ND_G0.READ_REG_GEN[16].reg1_reg[16]/D
  -------------------------------------------------------------------    -------------------

                         (clock clk_fpga_0 rise edge)
                                                      0.000     0.000 r  
    PS7_X0Y0             PS7                          0.000     0.000 r  system_i/PS7/processing_system7_0/inst/PS7_i/FCLKCLK[0]
                         net (fo=1, routed)           0.341     0.341    system_i/PS7/processing_system7_0/inst/FCLK_CLK_unbuffered[0]
    BUFGCTRL_X0Y0        BUFG (Prop_bufg_I_O)         0.029     0.370 r  system_i/PS7/processing_system7_0/inst/buffer_fclk_clk_0.FCLK_CLK_0_BUFG/O
                         net (fo=1567, routed)        0.827     1.197    system_i/axi_gpio_0/U0/gpio_core_1/s_axi_aclk
    SLICE_X22Y41         FDRE                                         r  system_i/axi_gpio_0/U0/gpio_core_1/Dual.ALLIN0_ND_G0.READ_REG_GEN[16].reg1_reg[16]/C
                         clock pessimism             -0.034     1.163    
    SLICE_X22Y41         FDRE (Hold_fdre_C_D)         0.091     1.254    system_i/axi_gpio_0/U0/gpio_core_1/Dual.ALLIN0_ND_G0.READ_REG_GEN[16].reg1_reg[16]
  -------------------------------------------------------------------
                         required time                         -1.254    
                         arrival time                           1.303    
  -------------------------------------------------------------------
                         slack                                  0.049    

Slack (MET) :             0.053ns  (arrival time - required time)
  Source:                 system_i/axi_gpio_0/U0/gpio_core_1/Dual.gpio_OE_reg[8]/C
                            (rising edge-triggered cell FDSE clocked by clk_fpga_0  {rise@0.000ns fall@4.000ns period=8.000ns})
  Destination:            system_i/axi_gpio_0/U0/gpio_core_1/Dual.ALLIN0_ND_G0.READ_REG_GEN[8].reg1_reg[8]/D
                            (rising edge-triggered cell FDRE clocked by clk_fpga_0  {rise@0.000ns fall@4.000ns period=8.000ns})
  Path Group:             clk_fpga_0
  Path Type:              Hold (Min at Fast Process Corner)
  Requirement:            0.000ns  (clk_fpga_0 rise@0.000ns - clk_fpga_0 rise@0.000ns)
  Data Path Delay:        0.405ns  (logic 0.226ns (55.786%)  route 0.179ns (44.214%))
  Logic Levels:           1  (LUT5=1)
  Clock Path Skew:        0.260ns (DCD - SCD - CPR)
    Destination Clock Delay (DCD):    1.197ns
    Source Clock Delay      (SCD):    0.903ns
    Clock Pessimism Removal (CPR):    0.034ns

    Location             Delay type                Incr(ns)  Path(ns)    Netlist Resource(s)
  -------------------------------------------------------------------    -------------------
                         (clock clk_fpga_0 rise edge)
                                                      0.000     0.000 r  
    PS7_X0Y0             PS7                          0.000     0.000 r  system_i/PS7/processing_system7_0/inst/PS7_i/FCLKCLK[0]
                         net (fo=1, routed)           0.315     0.315    system_i/PS7/processing_system7_0/inst/FCLK_CLK_unbuffered[0]
    BUFGCTRL_X0Y0        BUFG (Prop_bufg_I_O)         0.026     0.341 r  system_i/PS7/processing_system7_0/inst/buffer_fclk_clk_0.FCLK_CLK_0_BUFG/O
                         net (fo=1567, routed)        0.562     0.903    system_i/axi_gpio_0/U0/gpio_core_1/s_axi_aclk
    SLICE_X19Y40         FDSE                                         r  system_i/axi_gpio_0/U0/gpio_core_1/Dual.gpio_OE_reg[8]/C
  -------------------------------------------------------------------    -------------------
    SLICE_X19Y40         FDSE (Prop_fdse_C_Q)         0.128     1.031 r  system_i/axi_gpio_0/U0/gpio_core_1/Dual.gpio_OE_reg[8]/Q
                         net (fo=1, routed)           0.179     1.210    system_i/axi_gpio_0/U0/gpio_core_1/gpio_io_t[23]
    SLICE_X22Y40         LUT5 (Prop_lut5_I4_O)        0.098     1.308 r  system_i/axi_gpio_0/U0/gpio_core_1/Dual.ALLIN0_ND_G0.READ_REG_GEN[8].reg1[8]_i_1/O
                         net (fo=1, routed)           0.000     1.308    system_i/axi_gpio_0/U0/gpio_core_1/Dual.ALLIN0_ND_G0.READ_REG_GEN[8].reg1[8]_i_1_n_0
    SLICE_X22Y40         FDRE                                         r  system_i/axi_gpio_0/U0/gpio_core_1/Dual.ALLIN0_ND_G0.READ_REG_GEN[8].reg1_reg[8]/D
  -------------------------------------------------------------------    -------------------

                         (clock clk_fpga_0 rise edge)
                                                      0.000     0.000 r  
    PS7_X0Y0             PS7                          0.000     0.000 r  system_i/PS7/processing_system7_0/inst/PS7_i/FCLKCLK[0]
                         net (fo=1, routed)           0.341     0.341    system_i/PS7/processing_system7_0/inst/FCLK_CLK_unbuffered[0]
    BUFGCTRL_X0Y0        BUFG (Prop_bufg_I_O)         0.029     0.370 r  system_i/PS7/processing_system7_0/inst/buffer_fclk_clk_0.FCLK_CLK_0_BUFG/O
                         net (fo=1567, routed)        0.827     1.197    system_i/axi_gpio_0/U0/gpio_core_1/s_axi_aclk
    SLICE_X22Y40         FDRE                                         r  system_i/axi_gpio_0/U0/gpio_core_1/Dual.ALLIN0_ND_G0.READ_REG_GEN[8].reg1_reg[8]/C
                         clock pessimism             -0.034     1.163    
    SLICE_X22Y40         FDRE (Hold_fdre_C_D)         0.092     1.255    system_i/axi_gpio_0/U0/gpio_core_1/Dual.ALLIN0_ND_G0.READ_REG_GEN[8].reg1_reg[8]
  -------------------------------------------------------------------
                         required time                         -1.255    
                         arrival time                           1.308    
  -------------------------------------------------------------------
                         slack                                  0.053    

Slack (MET) :             0.061ns  (arrival time - required time)
  Source:                 system_i/axi_gpio_0/U0/gpio_core_1/Dual.gpio_Data_In_reg[28]/C
                            (rising edge-triggered cell FDRE clocked by clk_fpga_0  {rise@0.000ns fall@4.000ns period=8.000ns})
  Destination:            system_i/axi_gpio_0/U0/gpio_core_1/Dual.ALLIN0_ND_G0.READ_REG_GEN[28].reg1_reg[28]/D
                            (rising edge-triggered cell FDRE clocked by clk_fpga_0  {rise@0.000ns fall@4.000ns period=8.000ns})
  Path Group:             clk_fpga_0
  Path Type:              Hold (Min at Fast Process Corner)
  Requirement:            0.000ns  (clk_fpga_0 rise@0.000ns - clk_fpga_0 rise@0.000ns)
  Data Path Delay:        0.419ns  (logic 0.186ns (44.409%)  route 0.233ns (55.591%))
  Logic Levels:           1  (LUT5=1)
  Clock Path Skew:        0.266ns (DCD - SCD - CPR)
    Destination Clock Delay (DCD):    1.197ns
    Source Clock Delay      (SCD):    0.897ns
    Clock Pessimism Removal (CPR):    0.034ns

    Location             Delay type                Incr(ns)  Path(ns)    Netlist Resource(s)
  -------------------------------------------------------------------    -------------------
                         (clock clk_fpga_0 rise edge)
                                                      0.000     0.000 r  
    PS7_X0Y0             PS7                          0.000     0.000 r  system_i/PS7/processing_system7_0/inst/PS7_i/FCLKCLK[0]
                         net (fo=1, routed)           0.315     0.315    system_i/PS7/processing_system7_0/inst/FCLK_CLK_unbuffered[0]
    BUFGCTRL_X0Y0        BUFG (Prop_bufg_I_O)         0.026     0.341 r  system_i/PS7/processing_system7_0/inst/buffer_fclk_clk_0.FCLK_CLK_0_BUFG/O
                         net (fo=1567, routed)        0.556     0.897    system_i/axi_gpio_0/U0/gpio_core_1/s_axi_aclk
    SLICE_X22Y35         FDRE                                         r  system_i/axi_gpio_0/U0/gpio_core_1/Dual.gpio_Data_In_reg[28]/C
  -------------------------------------------------------------------    -------------------
    SLICE_X22Y35         FDRE (Prop_fdre_C_Q)         0.141     1.038 r  system_i/axi_gpio_0/U0/gpio_core_1/Dual.gpio_Data_In_reg[28]/Q
                         net (fo=1, routed)           0.233     1.270    system_i/axi_gpio_0/U0/gpio_core_1/gpio_Data_In[28]
    SLICE_X19Y37         LUT5 (Prop_lut5_I0_O)        0.045     1.315 r  system_i/axi_gpio_0/U0/gpio_core_1/Dual.ALLIN0_ND_G0.READ_REG_GEN[28].reg1[28]_i_1/O
                         net (fo=1, routed)           0.000     1.315    system_i/axi_gpio_0/U0/gpio_core_1/Dual.ALLIN0_ND_G0.READ_REG_GEN[28].reg1[28]_i_1_n_0
    SLICE_X19Y37         FDRE                                         r  system_i/axi_gpio_0/U0/gpio_core_1/Dual.ALLIN0_ND_G0.READ_REG_GEN[28].reg1_reg[28]/D
  -------------------------------------------------------------------    -------------------

                         (clock clk_fpga_0 rise edge)
                                                      0.000     0.000 r  
    PS7_X0Y0             PS7                          0.000     0.000 r  system_i/PS7/processing_system7_0/inst/PS7_i/FCLKCLK[0]
                         net (fo=1, routed)           0.341     0.341    system_i/PS7/processing_system7_0/inst/FCLK_CLK_unbuffered[0]
    BUFGCTRL_X0Y0        BUFG (Prop_bufg_I_O)         0.029     0.370 r  system_i/PS7/processing_system7_0/inst/buffer_fclk_clk_0.FCLK_CLK_0_BUFG/O
                         net (fo=1567, routed)        0.827     1.197    system_i/axi_gpio_0/U0/gpio_core_1/s_axi_aclk
    SLICE_X19Y37         FDRE                                         r  system_i/axi_gpio_0/U0/gpio_core_1/Dual.ALLIN0_ND_G0.READ_REG_GEN[28].reg1_reg[28]/C
                         clock pessimism             -0.034     1.163    
    SLICE_X19Y37         FDRE (Hold_fdre_C_D)         0.091     1.254    system_i/axi_gpio_0/U0/gpio_core_1/Dual.ALLIN0_ND_G0.READ_REG_GEN[28].reg1_reg[28]
  -------------------------------------------------------------------
                         required time                         -1.254    
                         arrival time                           1.315    
  -------------------------------------------------------------------
                         slack                                  0.061    

Slack (MET) :             0.064ns  (arrival time - required time)
  Source:                 system_i/axi_gpio_0/U0/gpio_core_1/Dual.gpio2_Data_In_reg[13]/C
                            (rising edge-triggered cell FDRE clocked by clk_fpga_0  {rise@0.000ns fall@4.000ns period=8.000ns})
  Destination:            system_i/axi_gpio_0/U0/gpio_core_1/Dual.ALLIN0_ND_G2.READ_REG2_GEN[13].reg3_reg[31]/D
                            (rising edge-triggered cell FDRE clocked by clk_fpga_0  {rise@0.000ns fall@4.000ns period=8.000ns})
  Path Group:             clk_fpga_0
  Path Type:              Hold (Min at Fast Process Corner)
  Requirement:            0.000ns  (clk_fpga_0 rise@0.000ns - clk_fpga_0 rise@0.000ns)
  Data Path Delay:        0.425ns  (logic 0.186ns (43.739%)  route 0.239ns (56.261%))
  Logic Levels:           1  (LUT5=1)
  Clock Path Skew:        0.269ns (DCD - SCD - CPR)
    Destination Clock Delay (DCD):    1.196ns
    Source Clock Delay      (SCD):    0.893ns
    Clock Pessimism Removal (CPR):    0.034ns

    Location             Delay type                Incr(ns)  Path(ns)    Netlist Resource(s)
  -------------------------------------------------------------------    -------------------
                         (clock clk_fpga_0 rise edge)
                                                      0.000     0.000 r  
    PS7_X0Y0             PS7                          0.000     0.000 r  system_i/PS7/processing_system7_0/inst/PS7_i/FCLKCLK[0]
                         net (fo=1, routed)           0.315     0.315    system_i/PS7/processing_system7_0/inst/FCLK_CLK_unbuffered[0]
    BUFGCTRL_X0Y0        BUFG (Prop_bufg_I_O)         0.026     0.341 r  system_i/PS7/processing_system7_0/inst/buffer_fclk_clk_0.FCLK_CLK_0_BUFG/O
                         net (fo=1567, routed)        0.552     0.893    system_i/axi_gpio_0/U0/gpio_core_1/s_axi_aclk
    SLICE_X25Y30         FDRE                                         r  system_i/axi_gpio_0/U0/gpio_core_1/Dual.gpio2_Data_In_reg[13]/C
  -------------------------------------------------------------------    -------------------
    SLICE_X25Y30         FDRE (Prop_fdre_C_Q)         0.141     1.034 r  system_i/axi_gpio_0/U0/gpio_core_1/Dual.gpio2_Data_In_reg[13]/Q
                         net (fo=1, routed)           0.239     1.273    system_i/axi_gpio_0/U0/gpio_core_1/gpio2_Data_In[13]
    SLICE_X21Y37         LUT5 (Prop_lut5_I0_O)        0.045     1.318 r  system_i/axi_gpio_0/U0/gpio_core_1/Dual.ALLIN0_ND_G2.READ_REG2_GEN[13].reg3[31]_i_2/O
                         net (fo=1, routed)           0.000     1.318    system_i/axi_gpio_0/U0/gpio_core_1/Read_Reg2_In[13]
    SLICE_X21Y37         FDRE                                         r  system_i/axi_gpio_0/U0/gpio_core_1/Dual.ALLIN0_ND_G2.READ_REG2_GEN[13].reg3_reg[31]/D
  -------------------------------------------------------------------    -------------------

                         (clock clk_fpga_0 rise edge)
                                                      0.000     0.000 r  
    PS7_X0Y0             PS7                          0.000     0.000 r  system_i/PS7/processing_system7_0/inst/PS7_i/FCLKCLK[0]
                         net (fo=1, routed)           0.341     0.341    system_i/PS7/processing_system7_0/inst/FCLK_CLK_unbuffered[0]
    BUFGCTRL_X0Y0        BUFG (Prop_bufg_I_O)         0.029     0.370 r  system_i/PS7/processing_system7_0/inst/buffer_fclk_clk_0.FCLK_CLK_0_BUFG/O
                         net (fo=1567, routed)        0.826     1.196    system_i/axi_gpio_0/U0/gpio_core_1/s_axi_aclk
    SLICE_X21Y37         FDRE                                         r  system_i/axi_gpio_0/U0/gpio_core_1/Dual.ALLIN0_ND_G2.READ_REG2_GEN[13].reg3_reg[31]/C
                         clock pessimism             -0.034     1.162    
    SLICE_X21Y37         FDRE (Hold_fdre_C_D)         0.092     1.254    system_i/axi_gpio_0/U0/gpio_core_1/Dual.ALLIN0_ND_G2.READ_REG2_GEN[13].reg3_reg[31]
  -------------------------------------------------------------------
                         required time                         -1.254    
                         arrival time                           1.318    
  -------------------------------------------------------------------
                         slack                                  0.064    

Slack (MET) :             0.067ns  (arrival time - required time)
  Source:                 system_i/axi_gpio_0/U0/AXI_LITE_IPIF_I/I_SLAVE_ATTACHMENT/s_axi_rdata_i_reg[12]/C
                            (rising edge-triggered cell FDRE clocked by clk_fpga_0  {rise@0.000ns fall@4.000ns period=8.000ns})
  Destination:            system_i/PS7/ps7_0_axi_periph/m00_couplers/auto_pc/inst/gen_axilite.gen_b2s_conv.axilite_b2s/RD.r_channel_0/rd_data_fifo_0/memory_reg[31][12]_srl32/D
                            (rising edge-triggered cell SRLC32E clocked by clk_fpga_0  {rise@0.000ns fall@4.000ns period=8.000ns})
  Path Group:             clk_fpga_0
  Path Type:              Hold (Min at Fast Process Corner)
  Requirement:            0.000ns  (clk_fpga_0 rise@0.000ns - clk_fpga_0 rise@0.000ns)
  Data Path Delay:        0.197ns  (logic 0.141ns (71.611%)  route 0.056ns (28.389%))
  Logic Levels:           0  
  Clock Path Skew:        0.013ns (DCD - SCD - CPR)
    Destination Clock Delay (DCD):    1.200ns
    Source Clock Delay      (SCD):    0.903ns
    Clock Pessimism Removal (CPR):    0.284ns

    Location             Delay type                Incr(ns)  Path(ns)    Netlist Resource(s)
  -------------------------------------------------------------------    -------------------
                         (clock clk_fpga_0 rise edge)
                                                      0.000     0.000 r  
    PS7_X0Y0             PS7                          0.000     0.000 r  system_i/PS7/processing_system7_0/inst/PS7_i/FCLKCLK[0]
                         net (fo=1, routed)           0.315     0.315    system_i/PS7/processing_system7_0/inst/FCLK_CLK_unbuffered[0]
    BUFGCTRL_X0Y0        BUFG (Prop_bufg_I_O)         0.026     0.341 r  system_i/PS7/processing_system7_0/inst/buffer_fclk_clk_0.FCLK_CLK_0_BUFG/O
                         net (fo=1567, routed)        0.562     0.903    system_i/axi_gpio_0/U0/AXI_LITE_IPIF_I/I_SLAVE_ATTACHMENT/s_axi_aclk
    SLICE_X17Y41         FDRE                                         r  system_i/axi_gpio_0/U0/AXI_LITE_IPIF_I/I_SLAVE_ATTACHMENT/s_axi_rdata_i_reg[12]/C
  -------------------------------------------------------------------    -------------------
    SLICE_X17Y41         FDRE (Prop_fdre_C_Q)         0.141     1.044 r  system_i/axi_gpio_0/U0/AXI_LITE_IPIF_I/I_SLAVE_ATTACHMENT/s_axi_rdata_i_reg[12]/Q
                         net (fo=1, routed)           0.056     1.099    system_i/PS7/ps7_0_axi_periph/m00_couplers/auto_pc/inst/gen_axilite.gen_b2s_conv.axilite_b2s/RD.r_channel_0/rd_data_fifo_0/in[12]
    SLICE_X16Y41         SRLC32E                                      r  system_i/PS7/ps7_0_axi_periph/m00_couplers/auto_pc/inst/gen_axilite.gen_b2s_conv.axilite_b2s/RD.r_channel_0/rd_data_fifo_0/memory_reg[31][12]_srl32/D
  -------------------------------------------------------------------    -------------------

                         (clock clk_fpga_0 rise edge)
                                                      0.000     0.000 r  
    PS7_X0Y0             PS7                          0.000     0.000 r  system_i/PS7/processing_system7_0/inst/PS7_i/FCLKCLK[0]
                         net (fo=1, routed)           0.341     0.341    system_i/PS7/processing_system7_0/inst/FCLK_CLK_unbuffered[0]
    BUFGCTRL_X0Y0        BUFG (Prop_bufg_I_O)         0.029     0.370 r  system_i/PS7/processing_system7_0/inst/buffer_fclk_clk_0.FCLK_CLK_0_BUFG/O
                         net (fo=1567, routed)        0.830     1.200    system_i/PS7/ps7_0_axi_periph/m00_couplers/auto_pc/inst/gen_axilite.gen_b2s_conv.axilite_b2s/RD.r_channel_0/rd_data_fifo_0/aclk
    SLICE_X16Y41         SRLC32E                                      r  system_i/PS7/ps7_0_axi_periph/m00_couplers/auto_pc/inst/gen_axilite.gen_b2s_conv.axilite_b2s/RD.r_channel_0/rd_data_fifo_0/memory_reg[31][12]_srl32/CLK
                         clock pessimism             -0.284     0.916    
    SLICE_X16Y41         SRLC32E (Hold_srlc32e_CLK_D)
                                                      0.117     1.033    system_i/PS7/ps7_0_axi_periph/m00_couplers/auto_pc/inst/gen_axilite.gen_b2s_conv.axilite_b2s/RD.r_channel_0/rd_data_fifo_0/memory_reg[31][12]_srl32
  -------------------------------------------------------------------
                         required time                         -1.033    
                         arrival time                           1.099    
  -------------------------------------------------------------------
                         slack                                  0.067    

Slack (MET) :             0.067ns  (arrival time - required time)
  Source:                 system_i/axi_gpio_0/U0/AXI_LITE_IPIF_I/I_SLAVE_ATTACHMENT/s_axi_rdata_i_reg[17]/C
                            (rising edge-triggered cell FDRE clocked by clk_fpga_0  {rise@0.000ns fall@4.000ns period=8.000ns})
  Destination:            system_i/PS7/ps7_0_axi_periph/m00_couplers/auto_pc/inst/gen_axilite.gen_b2s_conv.axilite_b2s/RD.r_channel_0/rd_data_fifo_0/memory_reg[31][17]_srl32/D
                            (rising edge-triggered cell SRLC32E clocked by clk_fpga_0  {rise@0.000ns fall@4.000ns period=8.000ns})
  Path Group:             clk_fpga_0
  Path Type:              Hold (Min at Fast Process Corner)
  Requirement:            0.000ns  (clk_fpga_0 rise@0.000ns - clk_fpga_0 rise@0.000ns)
  Data Path Delay:        0.197ns  (logic 0.141ns (71.611%)  route 0.056ns (28.389%))
  Logic Levels:           0  
  Clock Path Skew:        0.013ns (DCD - SCD - CPR)
    Destination Clock Delay (DCD):    1.201ns
    Source Clock Delay      (SCD):    0.904ns
    Clock Pessimism Removal (CPR):    0.284ns

    Location             Delay type                Incr(ns)  Path(ns)    Netlist Resource(s)
  -------------------------------------------------------------------    -------------------
                         (clock clk_fpga_0 rise edge)
                                                      0.000     0.000 r  
    PS7_X0Y0             PS7                          0.000     0.000 r  system_i/PS7/processing_system7_0/inst/PS7_i/FCLKCLK[0]
                         net (fo=1, routed)           0.315     0.315    system_i/PS7/processing_system7_0/inst/FCLK_CLK_unbuffered[0]
    BUFGCTRL_X0Y0        BUFG (Prop_bufg_I_O)         0.026     0.341 r  system_i/PS7/processing_system7_0/inst/buffer_fclk_clk_0.FCLK_CLK_0_BUFG/O
                         net (fo=1567, routed)        0.563     0.904    system_i/axi_gpio_0/U0/AXI_LITE_IPIF_I/I_SLAVE_ATTACHMENT/s_axi_aclk
    SLICE_X17Y43         FDRE                                         r  system_i/axi_gpio_0/U0/AXI_LITE_IPIF_I/I_SLAVE_ATTACHMENT/s_axi_rdata_i_reg[17]/C
  -------------------------------------------------------------------    -------------------
    SLICE_X17Y43         FDRE (Prop_fdre_C_Q)         0.141     1.044 r  system_i/axi_gpio_0/U0/AXI_LITE_IPIF_I/I_SLAVE_ATTACHMENT/s_axi_rdata_i_reg[17]/Q
                         net (fo=1, routed)           0.056     1.100    system_i/PS7/ps7_0_axi_periph/m00_couplers/auto_pc/inst/gen_axilite.gen_b2s_conv.axilite_b2s/RD.r_channel_0/rd_data_fifo_0/in[17]
    SLICE_X16Y43         SRLC32E                                      r  system_i/PS7/ps7_0_axi_periph/m00_couplers/auto_pc/inst/gen_axilite.gen_b2s_conv.axilite_b2s/RD.r_channel_0/rd_data_fifo_0/memory_reg[31][17]_srl32/D
  -------------------------------------------------------------------    -------------------

                         (clock clk_fpga_0 rise edge)
                                                      0.000     0.000 r  
    PS7_X0Y0             PS7                          0.000     0.000 r  system_i/PS7/processing_system7_0/inst/PS7_i/FCLKCLK[0]
                         net (fo=1, routed)           0.341     0.341    system_i/PS7/processing_system7_0/inst/FCLK_CLK_unbuffered[0]
    BUFGCTRL_X0Y0        BUFG (Prop_bufg_I_O)         0.029     0.370 r  system_i/PS7/processing_system7_0/inst/buffer_fclk_clk_0.FCLK_CLK_0_BUFG/O
                         net (fo=1567, routed)        0.831     1.201    system_i/PS7/ps7_0_axi_periph/m00_couplers/auto_pc/inst/gen_axilite.gen_b2s_conv.axilite_b2s/RD.r_channel_0/rd_data_fifo_0/aclk
    SLICE_X16Y43         SRLC32E                                      r  system_i/PS7/ps7_0_axi_periph/m00_couplers/auto_pc/inst/gen_axilite.gen_b2s_conv.axilite_b2s/RD.r_channel_0/rd_data_fifo_0/memory_reg[31][17]_srl32/CLK
                         clock pessimism             -0.284     0.917    
    SLICE_X16Y43         SRLC32E (Hold_srlc32e_CLK_D)
                                                      0.117     1.034    system_i/PS7/ps7_0_axi_periph/m00_couplers/auto_pc/inst/gen_axilite.gen_b2s_conv.axilite_b2s/RD.r_channel_0/rd_data_fifo_0/memory_reg[31][17]_srl32
  -------------------------------------------------------------------
                         required time                         -1.034    
                         arrival time                           1.100    
  -------------------------------------------------------------------
                         slack                                  0.067    

Slack (MET) :             0.067ns  (arrival time - required time)
  Source:                 system_i/PS7/ps7_0_axi_periph/m00_couplers/auto_pc/inst/gen_axilite.gen_b2s_conv.axilite_b2s/WR.aw_channel_0/s_awid_r_reg[4]/C
                            (rising edge-triggered cell FDRE clocked by clk_fpga_0  {rise@0.000ns fall@4.000ns period=8.000ns})
  Destination:            system_i/PS7/ps7_0_axi_periph/m00_couplers/auto_pc/inst/gen_axilite.gen_b2s_conv.axilite_b2s/WR.b_channel_0/bid_fifo_0/memory_reg[3][12]_srl4/D
                            (rising edge-triggered cell SRL16E clocked by clk_fpga_0  {rise@0.000ns fall@4.000ns period=8.000ns})
  Path Group:             clk_fpga_0
  Path Type:              Hold (Min at Fast Process Corner)
  Requirement:            0.000ns  (clk_fpga_0 rise@0.000ns - clk_fpga_0 rise@0.000ns)
  Data Path Delay:        0.197ns  (logic 0.141ns (71.611%)  route 0.056ns (28.389%))
  Logic Levels:           0  
  Clock Path Skew:        0.013ns (DCD - SCD - CPR)
    Destination Clock Delay (DCD):    1.203ns
    Source Clock Delay      (SCD):    0.905ns
    Clock Pessimism Removal (CPR):    0.285ns

    Location             Delay type                Incr(ns)  Path(ns)    Netlist Resource(s)
  -------------------------------------------------------------------    -------------------
                         (clock clk_fpga_0 rise edge)
                                                      0.000     0.000 r  
    PS7_X0Y0             PS7                          0.000     0.000 r  system_i/PS7/processing_system7_0/inst/PS7_i/FCLKCLK[0]
                         net (fo=1, routed)           0.315     0.315    system_i/PS7/processing_system7_0/inst/FCLK_CLK_unbuffered[0]
    BUFGCTRL_X0Y0        BUFG (Prop_bufg_I_O)         0.026     0.341 r  system_i/PS7/processing_system7_0/inst/buffer_fclk_clk_0.FCLK_CLK_0_BUFG/O
                         net (fo=1567, routed)        0.564     0.905    system_i/PS7/ps7_0_axi_periph/m00_couplers/auto_pc/inst/gen_axilite.gen_b2s_conv.axilite_b2s/WR.aw_channel_0/aclk
    SLICE_X13Y54         FDRE                                         r  system_i/PS7/ps7_0_axi_periph/m00_couplers/auto_pc/inst/gen_axilite.gen_b2s_conv.axilite_b2s/WR.aw_channel_0/s_awid_r_reg[4]/C
  -------------------------------------------------------------------    -------------------
    SLICE_X13Y54         FDRE (Prop_fdre_C_Q)         0.141     1.046 r  system_i/PS7/ps7_0_axi_periph/m00_couplers/auto_pc/inst/gen_axilite.gen_b2s_conv.axilite_b2s/WR.aw_channel_0/s_awid_r_reg[4]/Q
                         net (fo=1, routed)           0.056     1.101    system_i/PS7/ps7_0_axi_periph/m00_couplers/auto_pc/inst/gen_axilite.gen_b2s_conv.axilite_b2s/WR.b_channel_0/bid_fifo_0/in[12]
    SLICE_X12Y54         SRL16E                                       r  system_i/PS7/ps7_0_axi_periph/m00_couplers/auto_pc/inst/gen_axilite.gen_b2s_conv.axilite_b2s/WR.b_channel_0/bid_fifo_0/memory_reg[3][12]_srl4/D
  -------------------------------------------------------------------    -------------------

                         (clock clk_fpga_0 rise edge)
                                                      0.000     0.000 r  
    PS7_X0Y0             PS7                          0.000     0.000 r  system_i/PS7/processing_system7_0/inst/PS7_i/FCLKCLK[0]
                         net (fo=1, routed)           0.341     0.341    system_i/PS7/processing_system7_0/inst/FCLK_CLK_unbuffered[0]
    BUFGCTRL_X0Y0        BUFG (Prop_bufg_I_O)         0.029     0.370 r  system_i/PS7/processing_system7_0/inst/buffer_fclk_clk_0.FCLK_CLK_0_BUFG/O
                         net (fo=1567, routed)        0.833     1.203    system_i/PS7/ps7_0_axi_periph/m00_couplers/auto_pc/inst/gen_axilite.gen_b2s_conv.axilite_b2s/WR.b_channel_0/bid_fifo_0/aclk
    SLICE_X12Y54         SRL16E                                       r  system_i/PS7/ps7_0_axi_periph/m00_couplers/auto_pc/inst/gen_axilite.gen_b2s_conv.axilite_b2s/WR.b_channel_0/bid_fifo_0/memory_reg[3][12]_srl4/CLK
                         clock pessimism             -0.285     0.918    
    SLICE_X12Y54         SRL16E (Hold_srl16e_CLK_D)
                                                      0.117     1.035    system_i/PS7/ps7_0_axi_periph/m00_couplers/auto_pc/inst/gen_axilite.gen_b2s_conv.axilite_b2s/WR.b_channel_0/bid_fifo_0/memory_reg[3][12]_srl4
  -------------------------------------------------------------------
                         required time                         -1.035    
                         arrival time                           1.101    
  -------------------------------------------------------------------
                         slack                                  0.067    

Slack (MET) :             0.074ns  (arrival time - required time)
  Source:                 system_i/axi_gpio_0/U0/gpio_core_1/Dual.gpio_Data_In_reg[30]/C
                            (rising edge-triggered cell FDRE clocked by clk_fpga_0  {rise@0.000ns fall@4.000ns period=8.000ns})
  Destination:            system_i/axi_gpio_0/U0/gpio_core_1/Dual.ALLIN0_ND_G0.READ_REG_GEN[30].reg1_reg[30]/D
                            (rising edge-triggered cell FDRE clocked by clk_fpga_0  {rise@0.000ns fall@4.000ns period=8.000ns})
  Path Group:             clk_fpga_0
  Path Type:              Hold (Min at Fast Process Corner)
  Requirement:            0.000ns  (clk_fpga_0 rise@0.000ns - clk_fpga_0 rise@0.000ns)
  Data Path Delay:        0.432ns  (logic 0.186ns (43.041%)  route 0.246ns (56.959%))
  Logic Levels:           1  (LUT5=1)
  Clock Path Skew:        0.266ns (DCD - SCD - CPR)
    Destination Clock Delay (DCD):    1.197ns
    Source Clock Delay      (SCD):    0.897ns
    Clock Pessimism Removal (CPR):    0.034ns

    Location             Delay type                Incr(ns)  Path(ns)    Netlist Resource(s)
  -------------------------------------------------------------------    -------------------
                         (clock clk_fpga_0 rise edge)
                                                      0.000     0.000 r  
    PS7_X0Y0             PS7                          0.000     0.000 r  system_i/PS7/processing_system7_0/inst/PS7_i/FCLKCLK[0]
                         net (fo=1, routed)           0.315     0.315    system_i/PS7/processing_system7_0/inst/FCLK_CLK_unbuffered[0]
    BUFGCTRL_X0Y0        BUFG (Prop_bufg_I_O)         0.026     0.341 r  system_i/PS7/processing_system7_0/inst/buffer_fclk_clk_0.FCLK_CLK_0_BUFG/O
                         net (fo=1567, routed)        0.556     0.897    system_i/axi_gpio_0/U0/gpio_core_1/s_axi_aclk
    SLICE_X22Y35         FDRE                                         r  system_i/axi_gpio_0/U0/gpio_core_1/Dual.gpio_Data_In_reg[30]/C
  -------------------------------------------------------------------    -------------------
    SLICE_X22Y35         FDRE (Prop_fdre_C_Q)         0.141     1.038 r  system_i/axi_gpio_0/U0/gpio_core_1/Dual.gpio_Data_In_reg[30]/Q
                         net (fo=1, routed)           0.246     1.284    system_i/axi_gpio_0/U0/gpio_core_1/gpio_Data_In[30]
    SLICE_X19Y37         LUT5 (Prop_lut5_I0_O)        0.045     1.329 r  system_i/axi_gpio_0/U0/gpio_core_1/Dual.ALLIN0_ND_G0.READ_REG_GEN[30].reg1[30]_i_1/O
                         net (fo=1, routed)           0.000     1.329    system_i/axi_gpio_0/U0/gpio_core_1/p_0_in
    SLICE_X19Y37         FDRE                                         r  system_i/axi_gpio_0/U0/gpio_core_1/Dual.ALLIN0_ND_G0.READ_REG_GEN[30].reg1_reg[30]/D
  -------------------------------------------------------------------    -------------------

                         (clock clk_fpga_0 rise edge)
                                                      0.000     0.000 r  
    PS7_X0Y0             PS7                          0.000     0.000 r  system_i/PS7/processing_system7_0/inst/PS7_i/FCLKCLK[0]
                         net (fo=1, routed)           0.341     0.341    system_i/PS7/processing_system7_0/inst/FCLK_CLK_unbuffered[0]
    BUFGCTRL_X0Y0        BUFG (Prop_bufg_I_O)         0.029     0.370 r  system_i/PS7/processing_system7_0/inst/buffer_fclk_clk_0.FCLK_CLK_0_BUFG/O
                         net (fo=1567, routed)        0.827     1.197    system_i/axi_gpio_0/U0/gpio_core_1/s_axi_aclk
    SLICE_X19Y37         FDRE                                         r  system_i/axi_gpio_0/U0/gpio_core_1/Dual.ALLIN0_ND_G0.READ_REG_GEN[30].reg1_reg[30]/C
                         clock pessimism             -0.034     1.163    
    SLICE_X19Y37         FDRE (Hold_fdre_C_D)         0.092     1.255    system_i/axi_gpio_0/U0/gpio_core_1/Dual.ALLIN0_ND_G0.READ_REG_GEN[30].reg1_reg[30]
  -------------------------------------------------------------------
                         required time                         -1.255    
                         arrival time                           1.329    
  -------------------------------------------------------------------
                         slack                                  0.074    





Pulse Width Checks
--------------------------------------------------------------------------------------
Clock Name:         clk_fpga_0
Waveform(ns):       { 0.000 4.000 }
Period(ns):         8.000
Sources:            { system_i/PS7/processing_system7_0/inst/PS7_i/FCLKCLK[0] }

Check Type        Corner  Lib Pin      Reference Pin  Required(ns)  Actual(ns)  Slack(ns)  Location       Pin
Min Period        n/a     BUFG/I       n/a            2.155         8.000       5.845      BUFGCTRL_X0Y0  system_i/PS7/processing_system7_0/inst/buffer_fclk_clk_0.FCLK_CLK_0_BUFG/I
Min Period        n/a     FDRE/C       n/a            1.000         8.000       7.000      SLICE_X13Y53   system_i/PS7/ps7_0_axi_periph/m00_couplers/auto_pc/inst/gen_axilite.gen_b2s_conv.axilite_b2s/SI_REG/b.b_pipe/m_payload_i_reg[11]/C
Min Period        n/a     FDRE/C       n/a            1.000         8.000       7.000      SLICE_X13Y53   system_i/PS7/ps7_0_axi_periph/m00_couplers/auto_pc/inst/gen_axilite.gen_b2s_conv.axilite_b2s/SI_REG/b.b_pipe/m_payload_i_reg[12]/C
Min Period        n/a     FDRE/C       n/a            1.000         8.000       7.000      SLICE_X13Y53   system_i/PS7/ps7_0_axi_periph/m00_couplers/auto_pc/inst/gen_axilite.gen_b2s_conv.axilite_b2s/SI_REG/b.b_pipe/m_payload_i_reg[13]/C
Min Period        n/a     FDRE/C       n/a            1.000         8.000       7.000      SLICE_X13Y53   system_i/PS7/ps7_0_axi_periph/m00_couplers/auto_pc/inst/gen_axilite.gen_b2s_conv.axilite_b2s/SI_REG/b.b_pipe/m_payload_i_reg[1]/C
Min Period        n/a     FDRE/C       n/a            1.000         8.000       7.000      SLICE_X13Y53   system_i/PS7/ps7_0_axi_periph/m00_couplers/auto_pc/inst/gen_axilite.gen_b2s_conv.axilite_b2s/SI_REG/b.b_pipe/m_payload_i_reg[2]/C
Min Period        n/a     FDRE/C       n/a            1.000         8.000       7.000      SLICE_X13Y53   system_i/PS7/ps7_0_axi_periph/m00_couplers/auto_pc/inst/gen_axilite.gen_b2s_conv.axilite_b2s/SI_REG/b.b_pipe/m_payload_i_reg[3]/C
Min Period        n/a     FDRE/C       n/a            1.000         8.000       7.000      SLICE_X11Y53   system_i/PS7/ps7_0_axi_periph/m00_couplers/auto_pc/inst/gen_axilite.gen_b2s_conv.axilite_b2s/SI_REG/b.b_pipe/m_payload_i_reg[4]/C
Min Period        n/a     FDRE/C       n/a            1.000         8.000       7.000      SLICE_X11Y53   system_i/PS7/ps7_0_axi_periph/m00_couplers/auto_pc/inst/gen_axilite.gen_b2s_conv.axilite_b2s/SI_REG/b.b_pipe/m_payload_i_reg[5]/C
Min Period        n/a     FDRE/C       n/a            1.000         8.000       7.000      SLICE_X11Y53   system_i/PS7/ps7_0_axi_periph/m00_couplers/auto_pc/inst/gen_axilite.gen_b2s_conv.axilite_b2s/SI_REG/b.b_pipe/m_payload_i_reg[6]/C
Low Pulse Width   Fast    SRLC32E/CLK  n/a            0.980         4.000       3.020      SLICE_X12Y42   system_i/PS7/ps7_0_axi_periph/m00_couplers/auto_pc/inst/gen_axilite.gen_b2s_conv.axilite_b2s/RD.r_channel_0/transaction_fifo_0/memory_reg[31][0]_srl32/CLK
Low Pulse Width   Fast    SRLC32E/CLK  n/a            0.980         4.000       3.020      SLICE_X8Y42    system_i/PS7/ps7_0_axi_periph/m00_couplers/auto_pc/inst/gen_axilite.gen_b2s_conv.axilite_b2s/RD.r_channel_0/transaction_fifo_0/memory_reg[31][10]_srl32/CLK
Low Pulse Width   Fast    SRLC32E/CLK  n/a            0.980         4.000       3.020      SLICE_X8Y43    system_i/PS7/ps7_0_axi_periph/m00_couplers/auto_pc/inst/gen_axilite.gen_b2s_conv.axilite_b2s/RD.r_channel_0/transaction_fifo_0/memory_reg[31][11]_srl32/CLK
Low Pulse Width   Fast    SRLC32E/CLK  n/a            0.980         4.000       3.020      SLICE_X8Y45    system_i/PS7/ps7_0_axi_periph/m00_couplers/auto_pc/inst/gen_axilite.gen_b2s_conv.axilite_b2s/RD.r_channel_0/transaction_fifo_0/memory_reg[31][12]_srl32/CLK
Low Pulse Width   Fast    SRLC32E/CLK  n/a            0.980         4.000       3.020      SLICE_X8Y42    system_i/PS7/ps7_0_axi_periph/m00_couplers/auto_pc/inst/gen_axilite.gen_b2s_conv.axilite_b2s/RD.r_channel_0/transaction_fifo_0/memory_reg[31][1]_srl32/CLK
Low Pulse Width   Fast    SRLC32E/CLK  n/a            0.980         4.000       3.020      SLICE_X8Y42    system_i/PS7/ps7_0_axi_periph/m00_couplers/auto_pc/inst/gen_axilite.gen_b2s_conv.axilite_b2s/RD.r_channel_0/transaction_fifo_0/memory_reg[31][2]_srl32/CLK
Low Pulse Width   Fast    SRLC32E/CLK  n/a            0.980         4.000       3.020      SLICE_X8Y42    system_i/PS7/ps7_0_axi_periph/m00_couplers/auto_pc/inst/gen_axilite.gen_b2s_conv.axilite_b2s/RD.r_channel_0/transaction_fifo_0/memory_reg[31][3]_srl32/CLK
Low Pulse Width   Fast    SRLC32E/CLK  n/a            0.980         4.000       3.020      SLICE_X8Y43    system_i/PS7/ps7_0_axi_periph/m00_couplers/auto_pc/inst/gen_axilite.gen_b2s_conv.axilite_b2s/RD.r_channel_0/transaction_fifo_0/memory_reg[31][4]_srl32/CLK
Low Pulse Width   Fast    SRLC32E/CLK  n/a            0.980         4.000       3.020      SLICE_X8Y43    system_i/PS7/ps7_0_axi_periph/m00_couplers/auto_pc/inst/gen_axilite.gen_b2s_conv.axilite_b2s/RD.r_channel_0/transaction_fifo_0/memory_reg[31][5]_srl32/CLK
Low Pulse Width   Fast    SRLC32E/CLK  n/a            0.980         4.000       3.020      SLICE_X8Y43    system_i/PS7/ps7_0_axi_periph/m00_couplers/auto_pc/inst/gen_axilite.gen_b2s_conv.axilite_b2s/RD.r_channel_0/transaction_fifo_0/memory_reg[31][6]_srl32/CLK
High Pulse Width  Slow    SRLC32E/CLK  n/a            0.980         4.000       3.020      SLICE_X8Y43    system_i/PS7/ps7_0_axi_periph/m00_couplers/auto_pc/inst/gen_axilite.gen_b2s_conv.axilite_b2s/RD.r_channel_0/transaction_fifo_0/memory_reg[31][11]_srl32/CLK
High Pulse Width  Slow    SRLC32E/CLK  n/a            0.980         4.000       3.020      SLICE_X8Y45    system_i/PS7/ps7_0_axi_periph/m00_couplers/auto_pc/inst/gen_axilite.gen_b2s_conv.axilite_b2s/RD.r_channel_0/transaction_fifo_0/memory_reg[31][12]_srl32/CLK
High Pulse Width  Slow    SRLC32E/CLK  n/a            0.980         4.000       3.020      SLICE_X8Y43    system_i/PS7/ps7_0_axi_periph/m00_couplers/auto_pc/inst/gen_axilite.gen_b2s_conv.axilite_b2s/RD.r_channel_0/transaction_fifo_0/memory_reg[31][4]_srl32/CLK
High Pulse Width  Slow    SRLC32E/CLK  n/a            0.980         4.000       3.020      SLICE_X8Y43    system_i/PS7/ps7_0_axi_periph/m00_couplers/auto_pc/inst/gen_axilite.gen_b2s_conv.axilite_b2s/RD.r_channel_0/transaction_fifo_0/memory_reg[31][5]_srl32/CLK
High Pulse Width  Slow    SRLC32E/CLK  n/a            0.980         4.000       3.020      SLICE_X8Y43    system_i/PS7/ps7_0_axi_periph/m00_couplers/auto_pc/inst/gen_axilite.gen_b2s_conv.axilite_b2s/RD.r_channel_0/transaction_fifo_0/memory_reg[31][6]_srl32/CLK
High Pulse Width  Slow    SRLC32E/CLK  n/a            0.980         4.000       3.020      SLICE_X8Y45    system_i/PS7/ps7_0_axi_periph/m00_couplers/auto_pc/inst/gen_axilite.gen_b2s_conv.axilite_b2s/RD.r_channel_0/transaction_fifo_0/memory_reg[31][7]_srl32/CLK
High Pulse Width  Slow    SRLC32E/CLK  n/a            0.980         4.000       3.020      SLICE_X8Y45    system_i/PS7/ps7_0_axi_periph/m00_couplers/auto_pc/inst/gen_axilite.gen_b2s_conv.axilite_b2s/RD.r_channel_0/transaction_fifo_0/memory_reg[31][8]_srl32/CLK
High Pulse Width  Slow    SRL16E/CLK   n/a            0.980         4.000       3.020      SLICE_X12Y54   system_i/PS7/ps7_0_axi_periph/m00_couplers/auto_pc/inst/gen_axilite.gen_b2s_conv.axilite_b2s/WR.b_channel_0/bid_fifo_0/memory_reg[3][10]_srl4/CLK
High Pulse Width  Slow    SRL16E/CLK   n/a            0.980         4.000       3.020      SLICE_X12Y54   system_i/PS7/ps7_0_axi_periph/m00_couplers/auto_pc/inst/gen_axilite.gen_b2s_conv.axilite_b2s/WR.b_channel_0/bid_fifo_0/memory_reg[3][11]_srl4/CLK
High Pulse Width  Slow    SRL16E/CLK   n/a            0.980         4.000       3.020      SLICE_X12Y54   system_i/PS7/ps7_0_axi_periph/m00_couplers/auto_pc/inst/gen_axilite.gen_b2s_conv.axilite_b2s/WR.b_channel_0/bid_fifo_0/memory_reg[3][12]_srl4/CLK



