Copyright 1986-2020 Xilinx, Inc. All Rights Reserved.
-----------------------------------------------------------------------------------------------------------------------------------------------------------------------------------------------------------------
| Tool Version : Vivado v.2020.1 (win64) Build 2902540 Wed May 27 19:54:49 MDT 2020
| Date         : Wed Oct 15 18:55:42 2025
| Host         : DESKTOP-RDVR7FP running 64-bit major release  (build 9200)
| Command      : report_timing_summary -max_paths 10 -file system_wrapper_timing_summary_routed.rpt -pb system_wrapper_timing_summary_routed.pb -rpx system_wrapper_timing_summary_routed.rpx -warn_on_violation
| Design       : system_wrapper
| Device       : 7z010-clg400
| Speed File   : -1  PRODUCTION 1.12 2019-11-22
-----------------------------------------------------------------------------------------------------------------------------------------------------------------------------------------------------------------

Timing Summary Report

------------------------------------------------------------------------------------------------
| Timer Settings
| --------------
------------------------------------------------------------------------------------------------

  Enable Multi Corner Analysis               :  Yes
  Enable Pessimism Removal                   :  Yes
  Pessimism Removal Resolution               :  Nearest Common Node
  Enable Input Delay Default Clock           :  No
  Enable Preset / Clear Arcs                 :  No
  Disable Flight Delays                      :  No
  Ignore I/O Paths                           :  No
  Timing Early Launch at Borrowing Latches   :  No
  Borrow Time for Max Delay Exceptions       :  Yes
  Merge Timing Exceptions                    :  Yes

  Corner  Analyze    Analyze    
  Name    Max Paths  Min Paths  
  ------  ---------  ---------  
  Slow    Yes        Yes        
  Fast    Yes        Yes        



check_timing report

Table of Contents
-----------------
1. checking no_clock (0)
2. checking constant_clock (0)
3. checking pulse_width_clock (0)
4. checking unconstrained_internal_endpoints (0)
5. checking no_input_delay (1)
6. checking no_output_delay (23)
7. checking multiple_clock (0)
8. checking generated_clocks (0)
9. checking loops (0)
10. checking partial_input_delay (28)
11. checking partial_output_delay (0)
12. checking latch_loops (0)

1. checking no_clock (0)
------------------------
 There are 0 register/latch pins with no clock.


2. checking constant_clock (0)
------------------------------
 There are 0 register/latch pins with constant_clock.


3. checking pulse_width_clock (0)
---------------------------------
 There are 0 register/latch pins which need pulse_width check


4. checking unconstrained_internal_endpoints (0)
------------------------------------------------
 There are 0 pins that are not constrained for maximum delay.

 There are 0 pins that are not constrained for maximum delay due to constant clock.


5. checking no_input_delay (1)
------------------------------
 There is 1 input port with no input delay specified. (HIGH)

 There are 0 input ports with no input delay but user has a false path constraint.


6. checking no_output_delay (23)
--------------------------------
 There are 23 ports with no output delay specified. (HIGH)

 There are 0 ports with no output delay but user has a false path constraint

 There are 0 ports with no output delay but with a timing clock defined on it or propagating through it


7. checking multiple_clock (0)
------------------------------
 There are 0 register/latch pins with multiple clocks.


8. checking generated_clocks (0)
--------------------------------
 There are 0 generated clocks that are not connected to a clock source.


9. checking loops (0)
---------------------
 There are 0 combinational loops in the design.


10. checking partial_input_delay (28)
-------------------------------------
 There are 28 input ports with partial input delay specified. (HIGH)


11. checking partial_output_delay (0)
-------------------------------------
 There are 0 ports with partial output delay specified.


12. checking latch_loops (0)
----------------------------
 There are 0 combinational latch loops in the design through latch input



------------------------------------------------------------------------------------------------
| Design Timing Summary
| ---------------------
------------------------------------------------------------------------------------------------

    WNS(ns)      TNS(ns)  TNS Failing Endpoints  TNS Total Endpoints      WHS(ns)      THS(ns)  THS Failing Endpoints  THS Total Endpoints     WPWS(ns)     TPWS(ns)  TPWS Failing Endpoints  TPWS Total Endpoints  
    -------      -------  ---------------------  -------------------      -------      -------  ---------------------  -------------------     --------     --------  ----------------------  --------------------  
     -3.851     -368.984                    141                 3526        0.030        0.000                      0                 3498        2.000        0.000                       0                  1708  


Timing constraints are not met.


------------------------------------------------------------------------------------------------
| Clock Summary
| -------------
------------------------------------------------------------------------------------------------

Clock                                       Waveform(ns)         Period(ns)      Frequency(MHz)
-----                                       ------------         ----------      --------------
adc_clk                                     {0.000 4.000}        8.000           125.000         
clk_fpga_0                                  {0.000 4.000}        8.000           125.000         
rx_clk                                      {0.000 2.000}        4.000           250.000         
system_i/signal_gen/clk_wiz_0/inst/clk_in1  {0.000 4.000}        8.000           125.000         
  clk_out1_system_clk_wiz_0_0               {0.000 5.000}        10.000          100.000         
  clkfbout_system_clk_wiz_0_0               {0.000 4.000}        8.000           125.000         


------------------------------------------------------------------------------------------------
| Intra Clock Table
| -----------------
------------------------------------------------------------------------------------------------

Clock                                           WNS(ns)      TNS(ns)  TNS Failing Endpoints  TNS Total Endpoints      WHS(ns)      THS(ns)  THS Failing Endpoints  THS Total Endpoints     WPWS(ns)     TPWS(ns)  TPWS Failing Endpoints  TPWS Total Endpoints  
-----                                           -------      -------  ---------------------  -------------------      -------      -------  ---------------------  -------------------     --------     --------  ----------------------  --------------------  
adc_clk                                          -3.851     -368.984                    141                  284        0.228        0.000                      0                  256        3.500        0.000                       0                   204  
clk_fpga_0                                        0.387        0.000                      0                 3228        0.030        0.000                      0                 3228        3.020        0.000                       0                  1496  
system_i/signal_gen/clk_wiz_0/inst/clk_in1                                                                                                                                                    2.000        0.000                       0                     1  
  clk_out1_system_clk_wiz_0_0                                                                                                                                                                 7.845        0.000                       0                     4  
  clkfbout_system_clk_wiz_0_0                                                                                                                                                                 5.845        0.000                       0                     3  


------------------------------------------------------------------------------------------------
| Inter Clock Table
| -----------------
------------------------------------------------------------------------------------------------

From Clock    To Clock          WNS(ns)      TNS(ns)  TNS Failing Endpoints  TNS Total Endpoints      WHS(ns)      THS(ns)  THS Failing Endpoints  THS Total Endpoints  
----------    --------          -------      -------  ---------------------  -------------------      -------      -------  ---------------------  -------------------  
clk_fpga_0    adc_clk             3.277        0.000                      0                   14        0.725        0.000                      0                   14  


------------------------------------------------------------------------------------------------
| Other Path Groups Table
| -----------------------
------------------------------------------------------------------------------------------------

Path Group    From Clock    To Clock          WNS(ns)      TNS(ns)  TNS Failing Endpoints  TNS Total Endpoints      WHS(ns)      THS(ns)  THS Failing Endpoints  THS Total Endpoints  
----------    ----------    --------          -------      -------  ---------------------  -------------------      -------      -------  ---------------------  -------------------  


------------------------------------------------------------------------------------------------
| Timing Details
| --------------
------------------------------------------------------------------------------------------------


---------------------------------------------------------------------------------------------------
From Clock:  adc_clk
  To Clock:  adc_clk

Setup :          141  Failing Endpoints,  Worst Slack       -3.851ns,  Total Violation     -368.984ns
Hold  :            0  Failing Endpoints,  Worst Slack        0.228ns,  Total Violation        0.000ns
PW    :            0  Failing Endpoints,  Worst Slack        3.500ns,  Total Violation        0.000ns
---------------------------------------------------------------------------------------------------


Max Delay Paths
--------------------------------------------------------------------------------------
Slack (VIOLATED) :        -3.851ns  (required time - arrival time)
  Source:                 system_i/DataAcquisition/axis_red_pitaya_adc_0/inst/int_dat_b_reg_reg[4]/C
                            (rising edge-triggered cell FDRE clocked by adc_clk  {rise@0.000ns fall@4.000ns period=8.000ns})
  Destination:            system_i/FrequencyCounter/frequency_counter_0/inst/pulse_reg[0]/D
                            (rising edge-triggered cell FDRE clocked by adc_clk  {rise@0.000ns fall@4.000ns period=8.000ns})
  Path Group:             adc_clk
  Path Type:              Setup (Max at Slow Process Corner)
  Requirement:            8.000ns  (adc_clk rise@8.000ns - adc_clk rise@0.000ns)
  Data Path Delay:        11.752ns  (logic 5.378ns (45.762%)  route 6.374ns (54.238%))
  Logic Levels:           21  (CARRY4=13 LUT2=2 LUT3=1 LUT5=3 LUT6=2)
  Clock Path Skew:        -0.092ns (DCD - SCD + CPR)
    Destination Clock Delay (DCD):    4.482ns = ( 12.482 - 8.000 ) 
    Source Clock Delay      (SCD):    4.939ns
    Clock Pessimism Removal (CPR):    0.364ns
  Clock Uncertainty:      0.035ns  ((TSJ^2 + TIJ^2)^1/2 + DJ) / 2 + PE
    Total System Jitter     (TSJ):    0.071ns
    Total Input Jitter      (TIJ):    0.000ns
    Discrete Jitter          (DJ):    0.000ns
    Phase Error              (PE):    0.000ns

    Location             Delay type                Incr(ns)  Path(ns)    Netlist Resource(s)
  -------------------------------------------------------------------    -------------------
                         (clock adc_clk rise edge)    0.000     0.000 r  
    U18                                               0.000     0.000 r  adc_clk_p_i (IN)
                         net (fo=0)                   0.000     0.000    system_i/DataAcquisition/axis_red_pitaya_adc_0/inst/adc_clk_p
    U18                  IBUFDS (Prop_ibufds_I_O)     0.983     0.983 r  system_i/DataAcquisition/axis_red_pitaya_adc_0/inst/adc_clk_inst0/O
                         net (fo=1, routed)           2.076     3.059    system_i/DataAcquisition/axis_red_pitaya_adc_0/inst/int_clk0
    BUFGCTRL_X0Y1        BUFG (Prop_bufg_I_O)         0.102     3.161 r  system_i/DataAcquisition/axis_red_pitaya_adc_0/inst/adc_clk_inst/O
                         net (fo=204, routed)         1.777     4.939    system_i/DataAcquisition/axis_red_pitaya_adc_0/inst/adc_clk
    ILOGIC_X0Y49         FDRE                                         r  system_i/DataAcquisition/axis_red_pitaya_adc_0/inst/int_dat_b_reg_reg[4]/C
  -------------------------------------------------------------------    -------------------
    ILOGIC_X0Y49         FDRE (Prop_fdre_C_Q)         0.517     5.456 f  system_i/DataAcquisition/axis_red_pitaya_adc_0/inst/int_dat_b_reg_reg[4]/Q
                         net (fo=2, routed)           1.657     7.112    system_i/FrequencyCounter/frequency_counter_0/inst/S_AXIS_IN_tdata_2[4]
    SLICE_X43Y16         LUT2 (Prop_lut2_I0_O)        0.180     7.292 r  system_i/FrequencyCounter/frequency_counter_0/inst/state_next_21_carry_i_5/O
                         net (fo=1, routed)           0.000     7.292    system_i/FrequencyCounter/frequency_counter_0/inst/state_next_21_carry_i_5_n_0
    SLICE_X43Y16         CARRY4 (Prop_carry4_S[1]_CO[3])
                                                      0.550     7.842 r  system_i/FrequencyCounter/frequency_counter_0/inst/state_next_21_carry/CO[3]
                         net (fo=1, routed)           0.000     7.842    system_i/FrequencyCounter/frequency_counter_0/inst/state_next_21_carry_n_0
    SLICE_X43Y17         CARRY4 (Prop_carry4_CI_CO[1])
                                                      0.157     7.999 r  system_i/FrequencyCounter/frequency_counter_0/inst/state_next_21_carry__0/CO[1]
                         net (fo=3, routed)           0.665     8.665    system_i/FrequencyCounter/frequency_counter_0/inst/state_next_21_carry__0_n_2
    SLICE_X40Y23         LUT5 (Prop_lut5_I3_O)        0.329     8.994 r  system_i/FrequencyCounter/frequency_counter_0/inst/counter_output_next0_carry_i_8/O
                         net (fo=1, routed)           0.000     8.994    system_i/FrequencyCounter/frequency_counter_0/inst/counter_output_next0_carry_i_8_n_0
    SLICE_X40Y23         CARRY4 (Prop_carry4_S[0]_CO[3])
                                                      0.532     9.526 r  system_i/FrequencyCounter/frequency_counter_0/inst/counter_output_next0_carry_i_7/CO[3]
                         net (fo=1, routed)           0.000     9.526    system_i/FrequencyCounter/frequency_counter_0/inst/counter_output_next0_carry_i_7_n_0
    SLICE_X40Y24         CARRY4 (Prop_carry4_CI_CO[3])
                                                      0.114     9.640 r  system_i/FrequencyCounter/frequency_counter_0/inst/counter_output_next0_carry__0_i_6/CO[3]
                         net (fo=1, routed)           0.009     9.649    system_i/FrequencyCounter/frequency_counter_0/inst/counter_output_next0_carry__0_i_6_n_0
    SLICE_X40Y25         CARRY4 (Prop_carry4_CI_CO[3])
                                                      0.114     9.763 r  system_i/FrequencyCounter/frequency_counter_0/inst/counter_output_next0_carry__1_i_6/CO[3]
                         net (fo=1, routed)           0.000     9.763    system_i/FrequencyCounter/frequency_counter_0/inst/counter_output_next0_carry__1_i_6_n_0
    SLICE_X40Y26         CARRY4 (Prop_carry4_CI_CO[3])
                                                      0.114     9.877 r  system_i/FrequencyCounter/frequency_counter_0/inst/counter_output_next0_carry__2_i_6/CO[3]
                         net (fo=1, routed)           0.000     9.877    system_i/FrequencyCounter/frequency_counter_0/inst/counter_output_next0_carry__2_i_6_n_0
    SLICE_X40Y27         CARRY4 (Prop_carry4_CI_O[3])
                                                      0.313    10.190 r  system_i/FrequencyCounter/frequency_counter_0/inst/counter_output_next0_carry__3_i_6/O[3]
                         net (fo=1, routed)           1.020    11.210    system_i/FrequencyCounter/frequency_counter_0/inst/counter2_output_next[19]
    SLICE_X38Y31         LUT2 (Prop_lut2_I1_O)        0.306    11.516 r  system_i/FrequencyCounter/frequency_counter_0/inst/counter_output_next0_carry__3_i_2/O
                         net (fo=1, routed)           0.000    11.516    system_i/FrequencyCounter/frequency_counter_0/inst/counter_output_next0_carry__3_i_2_n_0
    SLICE_X38Y31         CARRY4 (Prop_carry4_S[3]_CO[3])
                                                      0.376    11.892 r  system_i/FrequencyCounter/frequency_counter_0/inst/counter_output_next0_carry__3/CO[3]
                         net (fo=1, routed)           0.000    11.892    system_i/FrequencyCounter/frequency_counter_0/inst/counter_output_next0_carry__3_n_0
    SLICE_X38Y32         CARRY4 (Prop_carry4_CI_O[2])
                                                      0.239    12.131 f  system_i/FrequencyCounter/frequency_counter_0/inst/counter_output_next0_carry__4/O[2]
                         net (fo=2, routed)           0.827    12.959    system_i/FrequencyCounter/frequency_counter_0/inst/counter_output_next[22]
    SLICE_X40Y31         LUT6 (Prop_lut6_I3_O)        0.301    13.260 f  system_i/FrequencyCounter/frequency_counter_0/inst/counter_output[31]_i_10/O
                         net (fo=1, routed)           0.289    13.549    system_i/FrequencyCounter/frequency_counter_0/inst/counter_output[31]_i_10_n_0
    SLICE_X41Y32         LUT5 (Prop_lut5_I0_O)        0.124    13.673 f  system_i/FrequencyCounter/frequency_counter_0/inst/counter_output[31]_i_5/O
                         net (fo=3, routed)           0.468    14.141    system_i/FrequencyCounter/frequency_counter_0/inst/counter_output[31]_i_5_n_0
    SLICE_X36Y32         LUT6 (Prop_lut6_I4_O)        0.124    14.265 r  system_i/FrequencyCounter/frequency_counter_0/inst/counter_output[31]_i_2/O
                         net (fo=32, routed)          0.695    14.960    system_i/FrequencyCounter/frequency_counter_0/inst/pulse0_carry_i_8_n_0
    SLICE_X36Y32         LUT5 (Prop_lut5_I1_O)        0.124    15.084 r  system_i/FrequencyCounter/frequency_counter_0/inst/pulse0_carry_i_6/O
                         net (fo=1, routed)           0.000    15.084    system_i/FrequencyCounter/frequency_counter_0/inst/pulse0_carry_i_6_n_0
    SLICE_X36Y32         CARRY4 (Prop_carry4_S[2]_CO[3])
                                                      0.398    15.482 r  system_i/FrequencyCounter/frequency_counter_0/inst/pulse0_carry/CO[3]
                         net (fo=1, routed)           0.000    15.482    system_i/FrequencyCounter/frequency_counter_0/inst/pulse0_carry_n_0
    SLICE_X36Y33         CARRY4 (Prop_carry4_CI_CO[3])
                                                      0.114    15.596 r  system_i/FrequencyCounter/frequency_counter_0/inst/pulse0_carry__0/CO[3]
                         net (fo=1, routed)           0.000    15.596    system_i/FrequencyCounter/frequency_counter_0/inst/pulse0_carry__0_n_0
    SLICE_X36Y34         CARRY4 (Prop_carry4_CI_CO[3])
                                                      0.114    15.710 r  system_i/FrequencyCounter/frequency_counter_0/inst/pulse0_carry__1/CO[3]
                         net (fo=1, routed)           0.000    15.710    system_i/FrequencyCounter/frequency_counter_0/inst/pulse0_carry__1_n_0
    SLICE_X36Y35         CARRY4 (Prop_carry4_CI_CO[3])
                                                      0.114    15.824 f  system_i/FrequencyCounter/frequency_counter_0/inst/pulse0_carry__2/CO[3]
                         net (fo=1, routed)           0.742    16.567    system_i/FrequencyCounter/frequency_counter_0/inst/pulse0
    SLICE_X37Y36         LUT3 (Prop_lut3_I0_O)        0.124    16.691 r  system_i/FrequencyCounter/frequency_counter_0/inst/pulse[0]_i_1/O
                         net (fo=1, routed)           0.000    16.691    system_i/FrequencyCounter/frequency_counter_0/inst/pulse[0]_i_1_n_0
    SLICE_X37Y36         FDRE                                         r  system_i/FrequencyCounter/frequency_counter_0/inst/pulse_reg[0]/D
  -------------------------------------------------------------------    -------------------

                         (clock adc_clk rise edge)    8.000     8.000 r  
    U18                                               0.000     8.000 r  adc_clk_p_i (IN)
                         net (fo=0)                   0.000     8.000    system_i/DataAcquisition/axis_red_pitaya_adc_0/inst/adc_clk_p
    U18                  IBUFDS (Prop_ibufds_I_O)     0.940     8.940 r  system_i/DataAcquisition/axis_red_pitaya_adc_0/inst/adc_clk_inst0/O
                         net (fo=1, routed)           1.880    10.820    system_i/DataAcquisition/axis_red_pitaya_adc_0/inst/int_clk0
    BUFGCTRL_X0Y1        BUFG (Prop_bufg_I_O)         0.092    10.912 r  system_i/DataAcquisition/axis_red_pitaya_adc_0/inst/adc_clk_inst/O
                         net (fo=204, routed)         1.570    12.482    system_i/FrequencyCounter/frequency_counter_0/inst/clk
    SLICE_X37Y36         FDRE                                         r  system_i/FrequencyCounter/frequency_counter_0/inst/pulse_reg[0]/C
                         clock pessimism              0.364    12.846    
                         clock uncertainty           -0.035    12.811    
    SLICE_X37Y36         FDRE (Setup_fdre_C_D)        0.029    12.840    system_i/FrequencyCounter/frequency_counter_0/inst/pulse_reg[0]
  -------------------------------------------------------------------
                         required time                         12.840    
                         arrival time                         -16.691    
  -------------------------------------------------------------------
                         slack                                 -3.851    

Slack (VIOLATED) :        -3.087ns  (required time - arrival time)
  Source:                 system_i/DataAcquisition/axis_red_pitaya_adc_0/inst/int_dat_b_reg_reg[4]/C
                            (rising edge-triggered cell FDRE clocked by adc_clk  {rise@0.000ns fall@4.000ns period=8.000ns})
  Destination:            system_i/FrequencyCounter/frequency_counter_0/inst/counter2_output_reg[16]/R
                            (rising edge-triggered cell FDRE clocked by adc_clk  {rise@0.000ns fall@4.000ns period=8.000ns})
  Path Group:             adc_clk
  Path Type:              Setup (Max at Slow Process Corner)
  Requirement:            8.000ns  (adc_clk rise@8.000ns - adc_clk rise@0.000ns)
  Data Path Delay:        10.521ns  (logic 4.514ns (42.904%)  route 6.007ns (57.096%))
  Logic Levels:           16  (CARRY4=9 LUT2=2 LUT3=1 LUT5=2 LUT6=2)
  Clock Path Skew:        -0.101ns (DCD - SCD + CPR)
    Destination Clock Delay (DCD):    4.473ns = ( 12.473 - 8.000 ) 
    Source Clock Delay      (SCD):    4.939ns
    Clock Pessimism Removal (CPR):    0.364ns
  Clock Uncertainty:      0.035ns  ((TSJ^2 + TIJ^2)^1/2 + DJ) / 2 + PE
    Total System Jitter     (TSJ):    0.071ns
    Total Input Jitter      (TIJ):    0.000ns
    Discrete Jitter          (DJ):    0.000ns
    Phase Error              (PE):    0.000ns

    Location             Delay type                Incr(ns)  Path(ns)    Netlist Resource(s)
  -------------------------------------------------------------------    -------------------
                         (clock adc_clk rise edge)    0.000     0.000 r  
    U18                                               0.000     0.000 r  adc_clk_p_i (IN)
                         net (fo=0)                   0.000     0.000    system_i/DataAcquisition/axis_red_pitaya_adc_0/inst/adc_clk_p
    U18                  IBUFDS (Prop_ibufds_I_O)     0.983     0.983 r  system_i/DataAcquisition/axis_red_pitaya_adc_0/inst/adc_clk_inst0/O
                         net (fo=1, routed)           2.076     3.059    system_i/DataAcquisition/axis_red_pitaya_adc_0/inst/int_clk0
    BUFGCTRL_X0Y1        BUFG (Prop_bufg_I_O)         0.102     3.161 r  system_i/DataAcquisition/axis_red_pitaya_adc_0/inst/adc_clk_inst/O
                         net (fo=204, routed)         1.777     4.939    system_i/DataAcquisition/axis_red_pitaya_adc_0/inst/adc_clk
    ILOGIC_X0Y49         FDRE                                         r  system_i/DataAcquisition/axis_red_pitaya_adc_0/inst/int_dat_b_reg_reg[4]/C
  -------------------------------------------------------------------    -------------------
    ILOGIC_X0Y49         FDRE (Prop_fdre_C_Q)         0.517     5.456 f  system_i/DataAcquisition/axis_red_pitaya_adc_0/inst/int_dat_b_reg_reg[4]/Q
                         net (fo=2, routed)           1.657     7.112    system_i/FrequencyCounter/frequency_counter_0/inst/S_AXIS_IN_tdata_2[4]
    SLICE_X43Y16         LUT2 (Prop_lut2_I0_O)        0.180     7.292 r  system_i/FrequencyCounter/frequency_counter_0/inst/state_next_21_carry_i_5/O
                         net (fo=1, routed)           0.000     7.292    system_i/FrequencyCounter/frequency_counter_0/inst/state_next_21_carry_i_5_n_0
    SLICE_X43Y16         CARRY4 (Prop_carry4_S[1]_CO[3])
                                                      0.550     7.842 r  system_i/FrequencyCounter/frequency_counter_0/inst/state_next_21_carry/CO[3]
                         net (fo=1, routed)           0.000     7.842    system_i/FrequencyCounter/frequency_counter_0/inst/state_next_21_carry_n_0
    SLICE_X43Y17         CARRY4 (Prop_carry4_CI_CO[1])
                                                      0.157     7.999 r  system_i/FrequencyCounter/frequency_counter_0/inst/state_next_21_carry__0/CO[1]
                         net (fo=3, routed)           0.665     8.665    system_i/FrequencyCounter/frequency_counter_0/inst/state_next_21_carry__0_n_2
    SLICE_X40Y23         LUT5 (Prop_lut5_I3_O)        0.329     8.994 r  system_i/FrequencyCounter/frequency_counter_0/inst/counter_output_next0_carry_i_8/O
                         net (fo=1, routed)           0.000     8.994    system_i/FrequencyCounter/frequency_counter_0/inst/counter_output_next0_carry_i_8_n_0
    SLICE_X40Y23         CARRY4 (Prop_carry4_S[0]_CO[3])
                                                      0.532     9.526 r  system_i/FrequencyCounter/frequency_counter_0/inst/counter_output_next0_carry_i_7/CO[3]
                         net (fo=1, routed)           0.000     9.526    system_i/FrequencyCounter/frequency_counter_0/inst/counter_output_next0_carry_i_7_n_0
    SLICE_X40Y24         CARRY4 (Prop_carry4_CI_CO[3])
                                                      0.114     9.640 r  system_i/FrequencyCounter/frequency_counter_0/inst/counter_output_next0_carry__0_i_6/CO[3]
                         net (fo=1, routed)           0.009     9.649    system_i/FrequencyCounter/frequency_counter_0/inst/counter_output_next0_carry__0_i_6_n_0
    SLICE_X40Y25         CARRY4 (Prop_carry4_CI_CO[3])
                                                      0.114     9.763 r  system_i/FrequencyCounter/frequency_counter_0/inst/counter_output_next0_carry__1_i_6/CO[3]
                         net (fo=1, routed)           0.000     9.763    system_i/FrequencyCounter/frequency_counter_0/inst/counter_output_next0_carry__1_i_6_n_0
    SLICE_X40Y26         CARRY4 (Prop_carry4_CI_CO[3])
                                                      0.114     9.877 r  system_i/FrequencyCounter/frequency_counter_0/inst/counter_output_next0_carry__2_i_6/CO[3]
                         net (fo=1, routed)           0.000     9.877    system_i/FrequencyCounter/frequency_counter_0/inst/counter_output_next0_carry__2_i_6_n_0
    SLICE_X40Y27         CARRY4 (Prop_carry4_CI_O[3])
                                                      0.313    10.190 r  system_i/FrequencyCounter/frequency_counter_0/inst/counter_output_next0_carry__3_i_6/O[3]
                         net (fo=1, routed)           1.020    11.210    system_i/FrequencyCounter/frequency_counter_0/inst/counter2_output_next[19]
    SLICE_X38Y31         LUT2 (Prop_lut2_I1_O)        0.306    11.516 r  system_i/FrequencyCounter/frequency_counter_0/inst/counter_output_next0_carry__3_i_2/O
                         net (fo=1, routed)           0.000    11.516    system_i/FrequencyCounter/frequency_counter_0/inst/counter_output_next0_carry__3_i_2_n_0
    SLICE_X38Y31         CARRY4 (Prop_carry4_S[3]_CO[3])
                                                      0.376    11.892 r  system_i/FrequencyCounter/frequency_counter_0/inst/counter_output_next0_carry__3/CO[3]
                         net (fo=1, routed)           0.000    11.892    system_i/FrequencyCounter/frequency_counter_0/inst/counter_output_next0_carry__3_n_0
    SLICE_X38Y32         CARRY4 (Prop_carry4_CI_O[2])
                                                      0.239    12.131 r  system_i/FrequencyCounter/frequency_counter_0/inst/counter_output_next0_carry__4/O[2]
                         net (fo=2, routed)           0.827    12.959    system_i/FrequencyCounter/frequency_counter_0/inst/counter_output_next[22]
    SLICE_X40Y31         LUT6 (Prop_lut6_I3_O)        0.301    13.260 r  system_i/FrequencyCounter/frequency_counter_0/inst/counter_output[31]_i_10/O
                         net (fo=1, routed)           0.289    13.549    system_i/FrequencyCounter/frequency_counter_0/inst/counter_output[31]_i_10_n_0
    SLICE_X41Y32         LUT5 (Prop_lut5_I0_O)        0.124    13.673 r  system_i/FrequencyCounter/frequency_counter_0/inst/counter_output[31]_i_5/O
                         net (fo=3, routed)           0.468    14.141    system_i/FrequencyCounter/frequency_counter_0/inst/counter_output[31]_i_5_n_0
    SLICE_X36Y32         LUT6 (Prop_lut6_I4_O)        0.124    14.265 f  system_i/FrequencyCounter/frequency_counter_0/inst/counter_output[31]_i_2/O
                         net (fo=32, routed)          0.344    14.609    system_i/FrequencyCounter/frequency_counter_0/inst/pulse0_carry_i_8_n_0
    SLICE_X36Y31         LUT3 (Prop_lut3_I2_O)        0.124    14.733 r  system_i/FrequencyCounter/frequency_counter_0/inst/counter_output[31]_i_1/O
                         net (fo=96, routed)          0.727    15.460    system_i/FrequencyCounter/frequency_counter_0/inst/counter_output[31]_i_1_n_0
    SLICE_X36Y27         FDRE                                         r  system_i/FrequencyCounter/frequency_counter_0/inst/counter2_output_reg[16]/R
  -------------------------------------------------------------------    -------------------

                         (clock adc_clk rise edge)    8.000     8.000 r  
    U18                                               0.000     8.000 r  adc_clk_p_i (IN)
                         net (fo=0)                   0.000     8.000    system_i/DataAcquisition/axis_red_pitaya_adc_0/inst/adc_clk_p
    U18                  IBUFDS (Prop_ibufds_I_O)     0.940     8.940 r  system_i/DataAcquisition/axis_red_pitaya_adc_0/inst/adc_clk_inst0/O
                         net (fo=1, routed)           1.880    10.820    system_i/DataAcquisition/axis_red_pitaya_adc_0/inst/int_clk0
    BUFGCTRL_X0Y1        BUFG (Prop_bufg_I_O)         0.092    10.912 r  system_i/DataAcquisition/axis_red_pitaya_adc_0/inst/adc_clk_inst/O
                         net (fo=204, routed)         1.561    12.473    system_i/FrequencyCounter/frequency_counter_0/inst/clk
    SLICE_X36Y27         FDRE                                         r  system_i/FrequencyCounter/frequency_counter_0/inst/counter2_output_reg[16]/C
                         clock pessimism              0.364    12.837    
                         clock uncertainty           -0.035    12.802    
    SLICE_X36Y27         FDRE (Setup_fdre_C_R)       -0.429    12.373    system_i/FrequencyCounter/frequency_counter_0/inst/counter2_output_reg[16]
  -------------------------------------------------------------------
                         required time                         12.373    
                         arrival time                         -15.460    
  -------------------------------------------------------------------
                         slack                                 -3.087    

Slack (VIOLATED) :        -3.087ns  (required time - arrival time)
  Source:                 system_i/DataAcquisition/axis_red_pitaya_adc_0/inst/int_dat_b_reg_reg[4]/C
                            (rising edge-triggered cell FDRE clocked by adc_clk  {rise@0.000ns fall@4.000ns period=8.000ns})
  Destination:            system_i/FrequencyCounter/frequency_counter_0/inst/counter2_output_reg[17]/R
                            (rising edge-triggered cell FDRE clocked by adc_clk  {rise@0.000ns fall@4.000ns period=8.000ns})
  Path Group:             adc_clk
  Path Type:              Setup (Max at Slow Process Corner)
  Requirement:            8.000ns  (adc_clk rise@8.000ns - adc_clk rise@0.000ns)
  Data Path Delay:        10.521ns  (logic 4.514ns (42.904%)  route 6.007ns (57.096%))
  Logic Levels:           16  (CARRY4=9 LUT2=2 LUT3=1 LUT5=2 LUT6=2)
  Clock Path Skew:        -0.101ns (DCD - SCD + CPR)
    Destination Clock Delay (DCD):    4.473ns = ( 12.473 - 8.000 ) 
    Source Clock Delay      (SCD):    4.939ns
    Clock Pessimism Removal (CPR):    0.364ns
  Clock Uncertainty:      0.035ns  ((TSJ^2 + TIJ^2)^1/2 + DJ) / 2 + PE
    Total System Jitter     (TSJ):    0.071ns
    Total Input Jitter      (TIJ):    0.000ns
    Discrete Jitter          (DJ):    0.000ns
    Phase Error              (PE):    0.000ns

    Location             Delay type                Incr(ns)  Path(ns)    Netlist Resource(s)
  -------------------------------------------------------------------    -------------------
                         (clock adc_clk rise edge)    0.000     0.000 r  
    U18                                               0.000     0.000 r  adc_clk_p_i (IN)
                         net (fo=0)                   0.000     0.000    system_i/DataAcquisition/axis_red_pitaya_adc_0/inst/adc_clk_p
    U18                  IBUFDS (Prop_ibufds_I_O)     0.983     0.983 r  system_i/DataAcquisition/axis_red_pitaya_adc_0/inst/adc_clk_inst0/O
                         net (fo=1, routed)           2.076     3.059    system_i/DataAcquisition/axis_red_pitaya_adc_0/inst/int_clk0
    BUFGCTRL_X0Y1        BUFG (Prop_bufg_I_O)         0.102     3.161 r  system_i/DataAcquisition/axis_red_pitaya_adc_0/inst/adc_clk_inst/O
                         net (fo=204, routed)         1.777     4.939    system_i/DataAcquisition/axis_red_pitaya_adc_0/inst/adc_clk
    ILOGIC_X0Y49         FDRE                                         r  system_i/DataAcquisition/axis_red_pitaya_adc_0/inst/int_dat_b_reg_reg[4]/C
  -------------------------------------------------------------------    -------------------
    ILOGIC_X0Y49         FDRE (Prop_fdre_C_Q)         0.517     5.456 f  system_i/DataAcquisition/axis_red_pitaya_adc_0/inst/int_dat_b_reg_reg[4]/Q
                         net (fo=2, routed)           1.657     7.112    system_i/FrequencyCounter/frequency_counter_0/inst/S_AXIS_IN_tdata_2[4]
    SLICE_X43Y16         LUT2 (Prop_lut2_I0_O)        0.180     7.292 r  system_i/FrequencyCounter/frequency_counter_0/inst/state_next_21_carry_i_5/O
                         net (fo=1, routed)           0.000     7.292    system_i/FrequencyCounter/frequency_counter_0/inst/state_next_21_carry_i_5_n_0
    SLICE_X43Y16         CARRY4 (Prop_carry4_S[1]_CO[3])
                                                      0.550     7.842 r  system_i/FrequencyCounter/frequency_counter_0/inst/state_next_21_carry/CO[3]
                         net (fo=1, routed)           0.000     7.842    system_i/FrequencyCounter/frequency_counter_0/inst/state_next_21_carry_n_0
    SLICE_X43Y17         CARRY4 (Prop_carry4_CI_CO[1])
                                                      0.157     7.999 r  system_i/FrequencyCounter/frequency_counter_0/inst/state_next_21_carry__0/CO[1]
                         net (fo=3, routed)           0.665     8.665    system_i/FrequencyCounter/frequency_counter_0/inst/state_next_21_carry__0_n_2
    SLICE_X40Y23         LUT5 (Prop_lut5_I3_O)        0.329     8.994 r  system_i/FrequencyCounter/frequency_counter_0/inst/counter_output_next0_carry_i_8/O
                         net (fo=1, routed)           0.000     8.994    system_i/FrequencyCounter/frequency_counter_0/inst/counter_output_next0_carry_i_8_n_0
    SLICE_X40Y23         CARRY4 (Prop_carry4_S[0]_CO[3])
                                                      0.532     9.526 r  system_i/FrequencyCounter/frequency_counter_0/inst/counter_output_next0_carry_i_7/CO[3]
                         net (fo=1, routed)           0.000     9.526    system_i/FrequencyCounter/frequency_counter_0/inst/counter_output_next0_carry_i_7_n_0
    SLICE_X40Y24         CARRY4 (Prop_carry4_CI_CO[3])
                                                      0.114     9.640 r  system_i/FrequencyCounter/frequency_counter_0/inst/counter_output_next0_carry__0_i_6/CO[3]
                         net (fo=1, routed)           0.009     9.649    system_i/FrequencyCounter/frequency_counter_0/inst/counter_output_next0_carry__0_i_6_n_0
    SLICE_X40Y25         CARRY4 (Prop_carry4_CI_CO[3])
                                                      0.114     9.763 r  system_i/FrequencyCounter/frequency_counter_0/inst/counter_output_next0_carry__1_i_6/CO[3]
                         net (fo=1, routed)           0.000     9.763    system_i/FrequencyCounter/frequency_counter_0/inst/counter_output_next0_carry__1_i_6_n_0
    SLICE_X40Y26         CARRY4 (Prop_carry4_CI_CO[3])
                                                      0.114     9.877 r  system_i/FrequencyCounter/frequency_counter_0/inst/counter_output_next0_carry__2_i_6/CO[3]
                         net (fo=1, routed)           0.000     9.877    system_i/FrequencyCounter/frequency_counter_0/inst/counter_output_next0_carry__2_i_6_n_0
    SLICE_X40Y27         CARRY4 (Prop_carry4_CI_O[3])
                                                      0.313    10.190 r  system_i/FrequencyCounter/frequency_counter_0/inst/counter_output_next0_carry__3_i_6/O[3]
                         net (fo=1, routed)           1.020    11.210    system_i/FrequencyCounter/frequency_counter_0/inst/counter2_output_next[19]
    SLICE_X38Y31         LUT2 (Prop_lut2_I1_O)        0.306    11.516 r  system_i/FrequencyCounter/frequency_counter_0/inst/counter_output_next0_carry__3_i_2/O
                         net (fo=1, routed)           0.000    11.516    system_i/FrequencyCounter/frequency_counter_0/inst/counter_output_next0_carry__3_i_2_n_0
    SLICE_X38Y31         CARRY4 (Prop_carry4_S[3]_CO[3])
                                                      0.376    11.892 r  system_i/FrequencyCounter/frequency_counter_0/inst/counter_output_next0_carry__3/CO[3]
                         net (fo=1, routed)           0.000    11.892    system_i/FrequencyCounter/frequency_counter_0/inst/counter_output_next0_carry__3_n_0
    SLICE_X38Y32         CARRY4 (Prop_carry4_CI_O[2])
                                                      0.239    12.131 r  system_i/FrequencyCounter/frequency_counter_0/inst/counter_output_next0_carry__4/O[2]
                         net (fo=2, routed)           0.827    12.959    system_i/FrequencyCounter/frequency_counter_0/inst/counter_output_next[22]
    SLICE_X40Y31         LUT6 (Prop_lut6_I3_O)        0.301    13.260 r  system_i/FrequencyCounter/frequency_counter_0/inst/counter_output[31]_i_10/O
                         net (fo=1, routed)           0.289    13.549    system_i/FrequencyCounter/frequency_counter_0/inst/counter_output[31]_i_10_n_0
    SLICE_X41Y32         LUT5 (Prop_lut5_I0_O)        0.124    13.673 r  system_i/FrequencyCounter/frequency_counter_0/inst/counter_output[31]_i_5/O
                         net (fo=3, routed)           0.468    14.141    system_i/FrequencyCounter/frequency_counter_0/inst/counter_output[31]_i_5_n_0
    SLICE_X36Y32         LUT6 (Prop_lut6_I4_O)        0.124    14.265 f  system_i/FrequencyCounter/frequency_counter_0/inst/counter_output[31]_i_2/O
                         net (fo=32, routed)          0.344    14.609    system_i/FrequencyCounter/frequency_counter_0/inst/pulse0_carry_i_8_n_0
    SLICE_X36Y31         LUT3 (Prop_lut3_I2_O)        0.124    14.733 r  system_i/FrequencyCounter/frequency_counter_0/inst/counter_output[31]_i_1/O
                         net (fo=96, routed)          0.727    15.460    system_i/FrequencyCounter/frequency_counter_0/inst/counter_output[31]_i_1_n_0
    SLICE_X36Y27         FDRE                                         r  system_i/FrequencyCounter/frequency_counter_0/inst/counter2_output_reg[17]/R
  -------------------------------------------------------------------    -------------------

                         (clock adc_clk rise edge)    8.000     8.000 r  
    U18                                               0.000     8.000 r  adc_clk_p_i (IN)
                         net (fo=0)                   0.000     8.000    system_i/DataAcquisition/axis_red_pitaya_adc_0/inst/adc_clk_p
    U18                  IBUFDS (Prop_ibufds_I_O)     0.940     8.940 r  system_i/DataAcquisition/axis_red_pitaya_adc_0/inst/adc_clk_inst0/O
                         net (fo=1, routed)           1.880    10.820    system_i/DataAcquisition/axis_red_pitaya_adc_0/inst/int_clk0
    BUFGCTRL_X0Y1        BUFG (Prop_bufg_I_O)         0.092    10.912 r  system_i/DataAcquisition/axis_red_pitaya_adc_0/inst/adc_clk_inst/O
                         net (fo=204, routed)         1.561    12.473    system_i/FrequencyCounter/frequency_counter_0/inst/clk
    SLICE_X36Y27         FDRE                                         r  system_i/FrequencyCounter/frequency_counter_0/inst/counter2_output_reg[17]/C
                         clock pessimism              0.364    12.837    
                         clock uncertainty           -0.035    12.802    
    SLICE_X36Y27         FDRE (Setup_fdre_C_R)       -0.429    12.373    system_i/FrequencyCounter/frequency_counter_0/inst/counter2_output_reg[17]
  -------------------------------------------------------------------
                         required time                         12.373    
                         arrival time                         -15.460    
  -------------------------------------------------------------------
                         slack                                 -3.087    

Slack (VIOLATED) :        -3.087ns  (required time - arrival time)
  Source:                 system_i/DataAcquisition/axis_red_pitaya_adc_0/inst/int_dat_b_reg_reg[4]/C
                            (rising edge-triggered cell FDRE clocked by adc_clk  {rise@0.000ns fall@4.000ns period=8.000ns})
  Destination:            system_i/FrequencyCounter/frequency_counter_0/inst/counter2_output_reg[18]/R
                            (rising edge-triggered cell FDRE clocked by adc_clk  {rise@0.000ns fall@4.000ns period=8.000ns})
  Path Group:             adc_clk
  Path Type:              Setup (Max at Slow Process Corner)
  Requirement:            8.000ns  (adc_clk rise@8.000ns - adc_clk rise@0.000ns)
  Data Path Delay:        10.521ns  (logic 4.514ns (42.904%)  route 6.007ns (57.096%))
  Logic Levels:           16  (CARRY4=9 LUT2=2 LUT3=1 LUT5=2 LUT6=2)
  Clock Path Skew:        -0.101ns (DCD - SCD + CPR)
    Destination Clock Delay (DCD):    4.473ns = ( 12.473 - 8.000 ) 
    Source Clock Delay      (SCD):    4.939ns
    Clock Pessimism Removal (CPR):    0.364ns
  Clock Uncertainty:      0.035ns  ((TSJ^2 + TIJ^2)^1/2 + DJ) / 2 + PE
    Total System Jitter     (TSJ):    0.071ns
    Total Input Jitter      (TIJ):    0.000ns
    Discrete Jitter          (DJ):    0.000ns
    Phase Error              (PE):    0.000ns

    Location             Delay type                Incr(ns)  Path(ns)    Netlist Resource(s)
  -------------------------------------------------------------------    -------------------
                         (clock adc_clk rise edge)    0.000     0.000 r  
    U18                                               0.000     0.000 r  adc_clk_p_i (IN)
                         net (fo=0)                   0.000     0.000    system_i/DataAcquisition/axis_red_pitaya_adc_0/inst/adc_clk_p
    U18                  IBUFDS (Prop_ibufds_I_O)     0.983     0.983 r  system_i/DataAcquisition/axis_red_pitaya_adc_0/inst/adc_clk_inst0/O
                         net (fo=1, routed)           2.076     3.059    system_i/DataAcquisition/axis_red_pitaya_adc_0/inst/int_clk0
    BUFGCTRL_X0Y1        BUFG (Prop_bufg_I_O)         0.102     3.161 r  system_i/DataAcquisition/axis_red_pitaya_adc_0/inst/adc_clk_inst/O
                         net (fo=204, routed)         1.777     4.939    system_i/DataAcquisition/axis_red_pitaya_adc_0/inst/adc_clk
    ILOGIC_X0Y49         FDRE                                         r  system_i/DataAcquisition/axis_red_pitaya_adc_0/inst/int_dat_b_reg_reg[4]/C
  -------------------------------------------------------------------    -------------------
    ILOGIC_X0Y49         FDRE (Prop_fdre_C_Q)         0.517     5.456 f  system_i/DataAcquisition/axis_red_pitaya_adc_0/inst/int_dat_b_reg_reg[4]/Q
                         net (fo=2, routed)           1.657     7.112    system_i/FrequencyCounter/frequency_counter_0/inst/S_AXIS_IN_tdata_2[4]
    SLICE_X43Y16         LUT2 (Prop_lut2_I0_O)        0.180     7.292 r  system_i/FrequencyCounter/frequency_counter_0/inst/state_next_21_carry_i_5/O
                         net (fo=1, routed)           0.000     7.292    system_i/FrequencyCounter/frequency_counter_0/inst/state_next_21_carry_i_5_n_0
    SLICE_X43Y16         CARRY4 (Prop_carry4_S[1]_CO[3])
                                                      0.550     7.842 r  system_i/FrequencyCounter/frequency_counter_0/inst/state_next_21_carry/CO[3]
                         net (fo=1, routed)           0.000     7.842    system_i/FrequencyCounter/frequency_counter_0/inst/state_next_21_carry_n_0
    SLICE_X43Y17         CARRY4 (Prop_carry4_CI_CO[1])
                                                      0.157     7.999 r  system_i/FrequencyCounter/frequency_counter_0/inst/state_next_21_carry__0/CO[1]
                         net (fo=3, routed)           0.665     8.665    system_i/FrequencyCounter/frequency_counter_0/inst/state_next_21_carry__0_n_2
    SLICE_X40Y23         LUT5 (Prop_lut5_I3_O)        0.329     8.994 r  system_i/FrequencyCounter/frequency_counter_0/inst/counter_output_next0_carry_i_8/O
                         net (fo=1, routed)           0.000     8.994    system_i/FrequencyCounter/frequency_counter_0/inst/counter_output_next0_carry_i_8_n_0
    SLICE_X40Y23         CARRY4 (Prop_carry4_S[0]_CO[3])
                                                      0.532     9.526 r  system_i/FrequencyCounter/frequency_counter_0/inst/counter_output_next0_carry_i_7/CO[3]
                         net (fo=1, routed)           0.000     9.526    system_i/FrequencyCounter/frequency_counter_0/inst/counter_output_next0_carry_i_7_n_0
    SLICE_X40Y24         CARRY4 (Prop_carry4_CI_CO[3])
                                                      0.114     9.640 r  system_i/FrequencyCounter/frequency_counter_0/inst/counter_output_next0_carry__0_i_6/CO[3]
                         net (fo=1, routed)           0.009     9.649    system_i/FrequencyCounter/frequency_counter_0/inst/counter_output_next0_carry__0_i_6_n_0
    SLICE_X40Y25         CARRY4 (Prop_carry4_CI_CO[3])
                                                      0.114     9.763 r  system_i/FrequencyCounter/frequency_counter_0/inst/counter_output_next0_carry__1_i_6/CO[3]
                         net (fo=1, routed)           0.000     9.763    system_i/FrequencyCounter/frequency_counter_0/inst/counter_output_next0_carry__1_i_6_n_0
    SLICE_X40Y26         CARRY4 (Prop_carry4_CI_CO[3])
                                                      0.114     9.877 r  system_i/FrequencyCounter/frequency_counter_0/inst/counter_output_next0_carry__2_i_6/CO[3]
                         net (fo=1, routed)           0.000     9.877    system_i/FrequencyCounter/frequency_counter_0/inst/counter_output_next0_carry__2_i_6_n_0
    SLICE_X40Y27         CARRY4 (Prop_carry4_CI_O[3])
                                                      0.313    10.190 r  system_i/FrequencyCounter/frequency_counter_0/inst/counter_output_next0_carry__3_i_6/O[3]
                         net (fo=1, routed)           1.020    11.210    system_i/FrequencyCounter/frequency_counter_0/inst/counter2_output_next[19]
    SLICE_X38Y31         LUT2 (Prop_lut2_I1_O)        0.306    11.516 r  system_i/FrequencyCounter/frequency_counter_0/inst/counter_output_next0_carry__3_i_2/O
                         net (fo=1, routed)           0.000    11.516    system_i/FrequencyCounter/frequency_counter_0/inst/counter_output_next0_carry__3_i_2_n_0
    SLICE_X38Y31         CARRY4 (Prop_carry4_S[3]_CO[3])
                                                      0.376    11.892 r  system_i/FrequencyCounter/frequency_counter_0/inst/counter_output_next0_carry__3/CO[3]
                         net (fo=1, routed)           0.000    11.892    system_i/FrequencyCounter/frequency_counter_0/inst/counter_output_next0_carry__3_n_0
    SLICE_X38Y32         CARRY4 (Prop_carry4_CI_O[2])
                                                      0.239    12.131 r  system_i/FrequencyCounter/frequency_counter_0/inst/counter_output_next0_carry__4/O[2]
                         net (fo=2, routed)           0.827    12.959    system_i/FrequencyCounter/frequency_counter_0/inst/counter_output_next[22]
    SLICE_X40Y31         LUT6 (Prop_lut6_I3_O)        0.301    13.260 r  system_i/FrequencyCounter/frequency_counter_0/inst/counter_output[31]_i_10/O
                         net (fo=1, routed)           0.289    13.549    system_i/FrequencyCounter/frequency_counter_0/inst/counter_output[31]_i_10_n_0
    SLICE_X41Y32         LUT5 (Prop_lut5_I0_O)        0.124    13.673 r  system_i/FrequencyCounter/frequency_counter_0/inst/counter_output[31]_i_5/O
                         net (fo=3, routed)           0.468    14.141    system_i/FrequencyCounter/frequency_counter_0/inst/counter_output[31]_i_5_n_0
    SLICE_X36Y32         LUT6 (Prop_lut6_I4_O)        0.124    14.265 f  system_i/FrequencyCounter/frequency_counter_0/inst/counter_output[31]_i_2/O
                         net (fo=32, routed)          0.344    14.609    system_i/FrequencyCounter/frequency_counter_0/inst/pulse0_carry_i_8_n_0
    SLICE_X36Y31         LUT3 (Prop_lut3_I2_O)        0.124    14.733 r  system_i/FrequencyCounter/frequency_counter_0/inst/counter_output[31]_i_1/O
                         net (fo=96, routed)          0.727    15.460    system_i/FrequencyCounter/frequency_counter_0/inst/counter_output[31]_i_1_n_0
    SLICE_X36Y27         FDRE                                         r  system_i/FrequencyCounter/frequency_counter_0/inst/counter2_output_reg[18]/R
  -------------------------------------------------------------------    -------------------

                         (clock adc_clk rise edge)    8.000     8.000 r  
    U18                                               0.000     8.000 r  adc_clk_p_i (IN)
                         net (fo=0)                   0.000     8.000    system_i/DataAcquisition/axis_red_pitaya_adc_0/inst/adc_clk_p
    U18                  IBUFDS (Prop_ibufds_I_O)     0.940     8.940 r  system_i/DataAcquisition/axis_red_pitaya_adc_0/inst/adc_clk_inst0/O
                         net (fo=1, routed)           1.880    10.820    system_i/DataAcquisition/axis_red_pitaya_adc_0/inst/int_clk0
    BUFGCTRL_X0Y1        BUFG (Prop_bufg_I_O)         0.092    10.912 r  system_i/DataAcquisition/axis_red_pitaya_adc_0/inst/adc_clk_inst/O
                         net (fo=204, routed)         1.561    12.473    system_i/FrequencyCounter/frequency_counter_0/inst/clk
    SLICE_X36Y27         FDRE                                         r  system_i/FrequencyCounter/frequency_counter_0/inst/counter2_output_reg[18]/C
                         clock pessimism              0.364    12.837    
                         clock uncertainty           -0.035    12.802    
    SLICE_X36Y27         FDRE (Setup_fdre_C_R)       -0.429    12.373    system_i/FrequencyCounter/frequency_counter_0/inst/counter2_output_reg[18]
  -------------------------------------------------------------------
                         required time                         12.373    
                         arrival time                         -15.460    
  -------------------------------------------------------------------
                         slack                                 -3.087    

Slack (VIOLATED) :        -3.087ns  (required time - arrival time)
  Source:                 system_i/DataAcquisition/axis_red_pitaya_adc_0/inst/int_dat_b_reg_reg[4]/C
                            (rising edge-triggered cell FDRE clocked by adc_clk  {rise@0.000ns fall@4.000ns period=8.000ns})
  Destination:            system_i/FrequencyCounter/frequency_counter_0/inst/counter2_output_reg[19]/R
                            (rising edge-triggered cell FDRE clocked by adc_clk  {rise@0.000ns fall@4.000ns period=8.000ns})
  Path Group:             adc_clk
  Path Type:              Setup (Max at Slow Process Corner)
  Requirement:            8.000ns  (adc_clk rise@8.000ns - adc_clk rise@0.000ns)
  Data Path Delay:        10.521ns  (logic 4.514ns (42.904%)  route 6.007ns (57.096%))
  Logic Levels:           16  (CARRY4=9 LUT2=2 LUT3=1 LUT5=2 LUT6=2)
  Clock Path Skew:        -0.101ns (DCD - SCD + CPR)
    Destination Clock Delay (DCD):    4.473ns = ( 12.473 - 8.000 ) 
    Source Clock Delay      (SCD):    4.939ns
    Clock Pessimism Removal (CPR):    0.364ns
  Clock Uncertainty:      0.035ns  ((TSJ^2 + TIJ^2)^1/2 + DJ) / 2 + PE
    Total System Jitter     (TSJ):    0.071ns
    Total Input Jitter      (TIJ):    0.000ns
    Discrete Jitter          (DJ):    0.000ns
    Phase Error              (PE):    0.000ns

    Location             Delay type                Incr(ns)  Path(ns)    Netlist Resource(s)
  -------------------------------------------------------------------    -------------------
                         (clock adc_clk rise edge)    0.000     0.000 r  
    U18                                               0.000     0.000 r  adc_clk_p_i (IN)
                         net (fo=0)                   0.000     0.000    system_i/DataAcquisition/axis_red_pitaya_adc_0/inst/adc_clk_p
    U18                  IBUFDS (Prop_ibufds_I_O)     0.983     0.983 r  system_i/DataAcquisition/axis_red_pitaya_adc_0/inst/adc_clk_inst0/O
                         net (fo=1, routed)           2.076     3.059    system_i/DataAcquisition/axis_red_pitaya_adc_0/inst/int_clk0
    BUFGCTRL_X0Y1        BUFG (Prop_bufg_I_O)         0.102     3.161 r  system_i/DataAcquisition/axis_red_pitaya_adc_0/inst/adc_clk_inst/O
                         net (fo=204, routed)         1.777     4.939    system_i/DataAcquisition/axis_red_pitaya_adc_0/inst/adc_clk
    ILOGIC_X0Y49         FDRE                                         r  system_i/DataAcquisition/axis_red_pitaya_adc_0/inst/int_dat_b_reg_reg[4]/C
  -------------------------------------------------------------------    -------------------
    ILOGIC_X0Y49         FDRE (Prop_fdre_C_Q)         0.517     5.456 f  system_i/DataAcquisition/axis_red_pitaya_adc_0/inst/int_dat_b_reg_reg[4]/Q
                         net (fo=2, routed)           1.657     7.112    system_i/FrequencyCounter/frequency_counter_0/inst/S_AXIS_IN_tdata_2[4]
    SLICE_X43Y16         LUT2 (Prop_lut2_I0_O)        0.180     7.292 r  system_i/FrequencyCounter/frequency_counter_0/inst/state_next_21_carry_i_5/O
                         net (fo=1, routed)           0.000     7.292    system_i/FrequencyCounter/frequency_counter_0/inst/state_next_21_carry_i_5_n_0
    SLICE_X43Y16         CARRY4 (Prop_carry4_S[1]_CO[3])
                                                      0.550     7.842 r  system_i/FrequencyCounter/frequency_counter_0/inst/state_next_21_carry/CO[3]
                         net (fo=1, routed)           0.000     7.842    system_i/FrequencyCounter/frequency_counter_0/inst/state_next_21_carry_n_0
    SLICE_X43Y17         CARRY4 (Prop_carry4_CI_CO[1])
                                                      0.157     7.999 r  system_i/FrequencyCounter/frequency_counter_0/inst/state_next_21_carry__0/CO[1]
                         net (fo=3, routed)           0.665     8.665    system_i/FrequencyCounter/frequency_counter_0/inst/state_next_21_carry__0_n_2
    SLICE_X40Y23         LUT5 (Prop_lut5_I3_O)        0.329     8.994 r  system_i/FrequencyCounter/frequency_counter_0/inst/counter_output_next0_carry_i_8/O
                         net (fo=1, routed)           0.000     8.994    system_i/FrequencyCounter/frequency_counter_0/inst/counter_output_next0_carry_i_8_n_0
    SLICE_X40Y23         CARRY4 (Prop_carry4_S[0]_CO[3])
                                                      0.532     9.526 r  system_i/FrequencyCounter/frequency_counter_0/inst/counter_output_next0_carry_i_7/CO[3]
                         net (fo=1, routed)           0.000     9.526    system_i/FrequencyCounter/frequency_counter_0/inst/counter_output_next0_carry_i_7_n_0
    SLICE_X40Y24         CARRY4 (Prop_carry4_CI_CO[3])
                                                      0.114     9.640 r  system_i/FrequencyCounter/frequency_counter_0/inst/counter_output_next0_carry__0_i_6/CO[3]
                         net (fo=1, routed)           0.009     9.649    system_i/FrequencyCounter/frequency_counter_0/inst/counter_output_next0_carry__0_i_6_n_0
    SLICE_X40Y25         CARRY4 (Prop_carry4_CI_CO[3])
                                                      0.114     9.763 r  system_i/FrequencyCounter/frequency_counter_0/inst/counter_output_next0_carry__1_i_6/CO[3]
                         net (fo=1, routed)           0.000     9.763    system_i/FrequencyCounter/frequency_counter_0/inst/counter_output_next0_carry__1_i_6_n_0
    SLICE_X40Y26         CARRY4 (Prop_carry4_CI_CO[3])
                                                      0.114     9.877 r  system_i/FrequencyCounter/frequency_counter_0/inst/counter_output_next0_carry__2_i_6/CO[3]
                         net (fo=1, routed)           0.000     9.877    system_i/FrequencyCounter/frequency_counter_0/inst/counter_output_next0_carry__2_i_6_n_0
    SLICE_X40Y27         CARRY4 (Prop_carry4_CI_O[3])
                                                      0.313    10.190 r  system_i/FrequencyCounter/frequency_counter_0/inst/counter_output_next0_carry__3_i_6/O[3]
                         net (fo=1, routed)           1.020    11.210    system_i/FrequencyCounter/frequency_counter_0/inst/counter2_output_next[19]
    SLICE_X38Y31         LUT2 (Prop_lut2_I1_O)        0.306    11.516 r  system_i/FrequencyCounter/frequency_counter_0/inst/counter_output_next0_carry__3_i_2/O
                         net (fo=1, routed)           0.000    11.516    system_i/FrequencyCounter/frequency_counter_0/inst/counter_output_next0_carry__3_i_2_n_0
    SLICE_X38Y31         CARRY4 (Prop_carry4_S[3]_CO[3])
                                                      0.376    11.892 r  system_i/FrequencyCounter/frequency_counter_0/inst/counter_output_next0_carry__3/CO[3]
                         net (fo=1, routed)           0.000    11.892    system_i/FrequencyCounter/frequency_counter_0/inst/counter_output_next0_carry__3_n_0
    SLICE_X38Y32         CARRY4 (Prop_carry4_CI_O[2])
                                                      0.239    12.131 r  system_i/FrequencyCounter/frequency_counter_0/inst/counter_output_next0_carry__4/O[2]
                         net (fo=2, routed)           0.827    12.959    system_i/FrequencyCounter/frequency_counter_0/inst/counter_output_next[22]
    SLICE_X40Y31         LUT6 (Prop_lut6_I3_O)        0.301    13.260 r  system_i/FrequencyCounter/frequency_counter_0/inst/counter_output[31]_i_10/O
                         net (fo=1, routed)           0.289    13.549    system_i/FrequencyCounter/frequency_counter_0/inst/counter_output[31]_i_10_n_0
    SLICE_X41Y32         LUT5 (Prop_lut5_I0_O)        0.124    13.673 r  system_i/FrequencyCounter/frequency_counter_0/inst/counter_output[31]_i_5/O
                         net (fo=3, routed)           0.468    14.141    system_i/FrequencyCounter/frequency_counter_0/inst/counter_output[31]_i_5_n_0
    SLICE_X36Y32         LUT6 (Prop_lut6_I4_O)        0.124    14.265 f  system_i/FrequencyCounter/frequency_counter_0/inst/counter_output[31]_i_2/O
                         net (fo=32, routed)          0.344    14.609    system_i/FrequencyCounter/frequency_counter_0/inst/pulse0_carry_i_8_n_0
    SLICE_X36Y31         LUT3 (Prop_lut3_I2_O)        0.124    14.733 r  system_i/FrequencyCounter/frequency_counter_0/inst/counter_output[31]_i_1/O
                         net (fo=96, routed)          0.727    15.460    system_i/FrequencyCounter/frequency_counter_0/inst/counter_output[31]_i_1_n_0
    SLICE_X36Y27         FDRE                                         r  system_i/FrequencyCounter/frequency_counter_0/inst/counter2_output_reg[19]/R
  -------------------------------------------------------------------    -------------------

                         (clock adc_clk rise edge)    8.000     8.000 r  
    U18                                               0.000     8.000 r  adc_clk_p_i (IN)
                         net (fo=0)                   0.000     8.000    system_i/DataAcquisition/axis_red_pitaya_adc_0/inst/adc_clk_p
    U18                  IBUFDS (Prop_ibufds_I_O)     0.940     8.940 r  system_i/DataAcquisition/axis_red_pitaya_adc_0/inst/adc_clk_inst0/O
                         net (fo=1, routed)           1.880    10.820    system_i/DataAcquisition/axis_red_pitaya_adc_0/inst/int_clk0
    BUFGCTRL_X0Y1        BUFG (Prop_bufg_I_O)         0.092    10.912 r  system_i/DataAcquisition/axis_red_pitaya_adc_0/inst/adc_clk_inst/O
                         net (fo=204, routed)         1.561    12.473    system_i/FrequencyCounter/frequency_counter_0/inst/clk
    SLICE_X36Y27         FDRE                                         r  system_i/FrequencyCounter/frequency_counter_0/inst/counter2_output_reg[19]/C
                         clock pessimism              0.364    12.837    
                         clock uncertainty           -0.035    12.802    
    SLICE_X36Y27         FDRE (Setup_fdre_C_R)       -0.429    12.373    system_i/FrequencyCounter/frequency_counter_0/inst/counter2_output_reg[19]
  -------------------------------------------------------------------
                         required time                         12.373    
                         arrival time                         -15.460    
  -------------------------------------------------------------------
                         slack                                 -3.087    

Slack (VIOLATED) :        -3.082ns  (required time - arrival time)
  Source:                 system_i/DataAcquisition/axis_red_pitaya_adc_0/inst/int_dat_b_reg_reg[4]/C
                            (rising edge-triggered cell FDRE clocked by adc_clk  {rise@0.000ns fall@4.000ns period=8.000ns})
  Destination:            system_i/FrequencyCounter/frequency_counter_0/inst/counter1_output_reg[0]/R
                            (rising edge-triggered cell FDRE clocked by adc_clk  {rise@0.000ns fall@4.000ns period=8.000ns})
  Path Group:             adc_clk
  Path Type:              Setup (Max at Slow Process Corner)
  Requirement:            8.000ns  (adc_clk rise@8.000ns - adc_clk rise@0.000ns)
  Data Path Delay:        10.517ns  (logic 4.514ns (42.922%)  route 6.003ns (57.078%))
  Logic Levels:           16  (CARRY4=9 LUT2=2 LUT3=1 LUT5=2 LUT6=2)
  Clock Path Skew:        -0.101ns (DCD - SCD + CPR)
    Destination Clock Delay (DCD):    4.473ns = ( 12.473 - 8.000 ) 
    Source Clock Delay      (SCD):    4.939ns
    Clock Pessimism Removal (CPR):    0.364ns
  Clock Uncertainty:      0.035ns  ((TSJ^2 + TIJ^2)^1/2 + DJ) / 2 + PE
    Total System Jitter     (TSJ):    0.071ns
    Total Input Jitter      (TIJ):    0.000ns
    Discrete Jitter          (DJ):    0.000ns
    Phase Error              (PE):    0.000ns

    Location             Delay type                Incr(ns)  Path(ns)    Netlist Resource(s)
  -------------------------------------------------------------------    -------------------
                         (clock adc_clk rise edge)    0.000     0.000 r  
    U18                                               0.000     0.000 r  adc_clk_p_i (IN)
                         net (fo=0)                   0.000     0.000    system_i/DataAcquisition/axis_red_pitaya_adc_0/inst/adc_clk_p
    U18                  IBUFDS (Prop_ibufds_I_O)     0.983     0.983 r  system_i/DataAcquisition/axis_red_pitaya_adc_0/inst/adc_clk_inst0/O
                         net (fo=1, routed)           2.076     3.059    system_i/DataAcquisition/axis_red_pitaya_adc_0/inst/int_clk0
    BUFGCTRL_X0Y1        BUFG (Prop_bufg_I_O)         0.102     3.161 r  system_i/DataAcquisition/axis_red_pitaya_adc_0/inst/adc_clk_inst/O
                         net (fo=204, routed)         1.777     4.939    system_i/DataAcquisition/axis_red_pitaya_adc_0/inst/adc_clk
    ILOGIC_X0Y49         FDRE                                         r  system_i/DataAcquisition/axis_red_pitaya_adc_0/inst/int_dat_b_reg_reg[4]/C
  -------------------------------------------------------------------    -------------------
    ILOGIC_X0Y49         FDRE (Prop_fdre_C_Q)         0.517     5.456 f  system_i/DataAcquisition/axis_red_pitaya_adc_0/inst/int_dat_b_reg_reg[4]/Q
                         net (fo=2, routed)           1.657     7.112    system_i/FrequencyCounter/frequency_counter_0/inst/S_AXIS_IN_tdata_2[4]
    SLICE_X43Y16         LUT2 (Prop_lut2_I0_O)        0.180     7.292 r  system_i/FrequencyCounter/frequency_counter_0/inst/state_next_21_carry_i_5/O
                         net (fo=1, routed)           0.000     7.292    system_i/FrequencyCounter/frequency_counter_0/inst/state_next_21_carry_i_5_n_0
    SLICE_X43Y16         CARRY4 (Prop_carry4_S[1]_CO[3])
                                                      0.550     7.842 r  system_i/FrequencyCounter/frequency_counter_0/inst/state_next_21_carry/CO[3]
                         net (fo=1, routed)           0.000     7.842    system_i/FrequencyCounter/frequency_counter_0/inst/state_next_21_carry_n_0
    SLICE_X43Y17         CARRY4 (Prop_carry4_CI_CO[1])
                                                      0.157     7.999 r  system_i/FrequencyCounter/frequency_counter_0/inst/state_next_21_carry__0/CO[1]
                         net (fo=3, routed)           0.665     8.665    system_i/FrequencyCounter/frequency_counter_0/inst/state_next_21_carry__0_n_2
    SLICE_X40Y23         LUT5 (Prop_lut5_I3_O)        0.329     8.994 r  system_i/FrequencyCounter/frequency_counter_0/inst/counter_output_next0_carry_i_8/O
                         net (fo=1, routed)           0.000     8.994    system_i/FrequencyCounter/frequency_counter_0/inst/counter_output_next0_carry_i_8_n_0
    SLICE_X40Y23         CARRY4 (Prop_carry4_S[0]_CO[3])
                                                      0.532     9.526 r  system_i/FrequencyCounter/frequency_counter_0/inst/counter_output_next0_carry_i_7/CO[3]
                         net (fo=1, routed)           0.000     9.526    system_i/FrequencyCounter/frequency_counter_0/inst/counter_output_next0_carry_i_7_n_0
    SLICE_X40Y24         CARRY4 (Prop_carry4_CI_CO[3])
                                                      0.114     9.640 r  system_i/FrequencyCounter/frequency_counter_0/inst/counter_output_next0_carry__0_i_6/CO[3]
                         net (fo=1, routed)           0.009     9.649    system_i/FrequencyCounter/frequency_counter_0/inst/counter_output_next0_carry__0_i_6_n_0
    SLICE_X40Y25         CARRY4 (Prop_carry4_CI_CO[3])
                                                      0.114     9.763 r  system_i/FrequencyCounter/frequency_counter_0/inst/counter_output_next0_carry__1_i_6/CO[3]
                         net (fo=1, routed)           0.000     9.763    system_i/FrequencyCounter/frequency_counter_0/inst/counter_output_next0_carry__1_i_6_n_0
    SLICE_X40Y26         CARRY4 (Prop_carry4_CI_CO[3])
                                                      0.114     9.877 r  system_i/FrequencyCounter/frequency_counter_0/inst/counter_output_next0_carry__2_i_6/CO[3]
                         net (fo=1, routed)           0.000     9.877    system_i/FrequencyCounter/frequency_counter_0/inst/counter_output_next0_carry__2_i_6_n_0
    SLICE_X40Y27         CARRY4 (Prop_carry4_CI_O[3])
                                                      0.313    10.190 r  system_i/FrequencyCounter/frequency_counter_0/inst/counter_output_next0_carry__3_i_6/O[3]
                         net (fo=1, routed)           1.020    11.210    system_i/FrequencyCounter/frequency_counter_0/inst/counter2_output_next[19]
    SLICE_X38Y31         LUT2 (Prop_lut2_I1_O)        0.306    11.516 r  system_i/FrequencyCounter/frequency_counter_0/inst/counter_output_next0_carry__3_i_2/O
                         net (fo=1, routed)           0.000    11.516    system_i/FrequencyCounter/frequency_counter_0/inst/counter_output_next0_carry__3_i_2_n_0
    SLICE_X38Y31         CARRY4 (Prop_carry4_S[3]_CO[3])
                                                      0.376    11.892 r  system_i/FrequencyCounter/frequency_counter_0/inst/counter_output_next0_carry__3/CO[3]
                         net (fo=1, routed)           0.000    11.892    system_i/FrequencyCounter/frequency_counter_0/inst/counter_output_next0_carry__3_n_0
    SLICE_X38Y32         CARRY4 (Prop_carry4_CI_O[2])
                                                      0.239    12.131 r  system_i/FrequencyCounter/frequency_counter_0/inst/counter_output_next0_carry__4/O[2]
                         net (fo=2, routed)           0.827    12.959    system_i/FrequencyCounter/frequency_counter_0/inst/counter_output_next[22]
    SLICE_X40Y31         LUT6 (Prop_lut6_I3_O)        0.301    13.260 r  system_i/FrequencyCounter/frequency_counter_0/inst/counter_output[31]_i_10/O
                         net (fo=1, routed)           0.289    13.549    system_i/FrequencyCounter/frequency_counter_0/inst/counter_output[31]_i_10_n_0
    SLICE_X41Y32         LUT5 (Prop_lut5_I0_O)        0.124    13.673 r  system_i/FrequencyCounter/frequency_counter_0/inst/counter_output[31]_i_5/O
                         net (fo=3, routed)           0.468    14.141    system_i/FrequencyCounter/frequency_counter_0/inst/counter_output[31]_i_5_n_0
    SLICE_X36Y32         LUT6 (Prop_lut6_I4_O)        0.124    14.265 f  system_i/FrequencyCounter/frequency_counter_0/inst/counter_output[31]_i_2/O
                         net (fo=32, routed)          0.344    14.609    system_i/FrequencyCounter/frequency_counter_0/inst/pulse0_carry_i_8_n_0
    SLICE_X36Y31         LUT3 (Prop_lut3_I2_O)        0.124    14.733 r  system_i/FrequencyCounter/frequency_counter_0/inst/counter_output[31]_i_1/O
                         net (fo=96, routed)          0.722    15.455    system_i/FrequencyCounter/frequency_counter_0/inst/counter_output[31]_i_1_n_0
    SLICE_X37Y27         FDRE                                         r  system_i/FrequencyCounter/frequency_counter_0/inst/counter1_output_reg[0]/R
  -------------------------------------------------------------------    -------------------

                         (clock adc_clk rise edge)    8.000     8.000 r  
    U18                                               0.000     8.000 r  adc_clk_p_i (IN)
                         net (fo=0)                   0.000     8.000    system_i/DataAcquisition/axis_red_pitaya_adc_0/inst/adc_clk_p
    U18                  IBUFDS (Prop_ibufds_I_O)     0.940     8.940 r  system_i/DataAcquisition/axis_red_pitaya_adc_0/inst/adc_clk_inst0/O
                         net (fo=1, routed)           1.880    10.820    system_i/DataAcquisition/axis_red_pitaya_adc_0/inst/int_clk0
    BUFGCTRL_X0Y1        BUFG (Prop_bufg_I_O)         0.092    10.912 r  system_i/DataAcquisition/axis_red_pitaya_adc_0/inst/adc_clk_inst/O
                         net (fo=204, routed)         1.561    12.473    system_i/FrequencyCounter/frequency_counter_0/inst/clk
    SLICE_X37Y27         FDRE                                         r  system_i/FrequencyCounter/frequency_counter_0/inst/counter1_output_reg[0]/C
                         clock pessimism              0.364    12.837    
                         clock uncertainty           -0.035    12.802    
    SLICE_X37Y27         FDRE (Setup_fdre_C_R)       -0.429    12.373    system_i/FrequencyCounter/frequency_counter_0/inst/counter1_output_reg[0]
  -------------------------------------------------------------------
                         required time                         12.373    
                         arrival time                         -15.455    
  -------------------------------------------------------------------
                         slack                                 -3.082    

Slack (VIOLATED) :        -3.082ns  (required time - arrival time)
  Source:                 system_i/DataAcquisition/axis_red_pitaya_adc_0/inst/int_dat_b_reg_reg[4]/C
                            (rising edge-triggered cell FDRE clocked by adc_clk  {rise@0.000ns fall@4.000ns period=8.000ns})
  Destination:            system_i/FrequencyCounter/frequency_counter_0/inst/counter1_output_reg[1]/R
                            (rising edge-triggered cell FDRE clocked by adc_clk  {rise@0.000ns fall@4.000ns period=8.000ns})
  Path Group:             adc_clk
  Path Type:              Setup (Max at Slow Process Corner)
  Requirement:            8.000ns  (adc_clk rise@8.000ns - adc_clk rise@0.000ns)
  Data Path Delay:        10.517ns  (logic 4.514ns (42.922%)  route 6.003ns (57.078%))
  Logic Levels:           16  (CARRY4=9 LUT2=2 LUT3=1 LUT5=2 LUT6=2)
  Clock Path Skew:        -0.101ns (DCD - SCD + CPR)
    Destination Clock Delay (DCD):    4.473ns = ( 12.473 - 8.000 ) 
    Source Clock Delay      (SCD):    4.939ns
    Clock Pessimism Removal (CPR):    0.364ns
  Clock Uncertainty:      0.035ns  ((TSJ^2 + TIJ^2)^1/2 + DJ) / 2 + PE
    Total System Jitter     (TSJ):    0.071ns
    Total Input Jitter      (TIJ):    0.000ns
    Discrete Jitter          (DJ):    0.000ns
    Phase Error              (PE):    0.000ns

    Location             Delay type                Incr(ns)  Path(ns)    Netlist Resource(s)
  -------------------------------------------------------------------    -------------------
                         (clock adc_clk rise edge)    0.000     0.000 r  
    U18                                               0.000     0.000 r  adc_clk_p_i (IN)
                         net (fo=0)                   0.000     0.000    system_i/DataAcquisition/axis_red_pitaya_adc_0/inst/adc_clk_p
    U18                  IBUFDS (Prop_ibufds_I_O)     0.983     0.983 r  system_i/DataAcquisition/axis_red_pitaya_adc_0/inst/adc_clk_inst0/O
                         net (fo=1, routed)           2.076     3.059    system_i/DataAcquisition/axis_red_pitaya_adc_0/inst/int_clk0
    BUFGCTRL_X0Y1        BUFG (Prop_bufg_I_O)         0.102     3.161 r  system_i/DataAcquisition/axis_red_pitaya_adc_0/inst/adc_clk_inst/O
                         net (fo=204, routed)         1.777     4.939    system_i/DataAcquisition/axis_red_pitaya_adc_0/inst/adc_clk
    ILOGIC_X0Y49         FDRE                                         r  system_i/DataAcquisition/axis_red_pitaya_adc_0/inst/int_dat_b_reg_reg[4]/C
  -------------------------------------------------------------------    -------------------
    ILOGIC_X0Y49         FDRE (Prop_fdre_C_Q)         0.517     5.456 f  system_i/DataAcquisition/axis_red_pitaya_adc_0/inst/int_dat_b_reg_reg[4]/Q
                         net (fo=2, routed)           1.657     7.112    system_i/FrequencyCounter/frequency_counter_0/inst/S_AXIS_IN_tdata_2[4]
    SLICE_X43Y16         LUT2 (Prop_lut2_I0_O)        0.180     7.292 r  system_i/FrequencyCounter/frequency_counter_0/inst/state_next_21_carry_i_5/O
                         net (fo=1, routed)           0.000     7.292    system_i/FrequencyCounter/frequency_counter_0/inst/state_next_21_carry_i_5_n_0
    SLICE_X43Y16         CARRY4 (Prop_carry4_S[1]_CO[3])
                                                      0.550     7.842 r  system_i/FrequencyCounter/frequency_counter_0/inst/state_next_21_carry/CO[3]
                         net (fo=1, routed)           0.000     7.842    system_i/FrequencyCounter/frequency_counter_0/inst/state_next_21_carry_n_0
    SLICE_X43Y17         CARRY4 (Prop_carry4_CI_CO[1])
                                                      0.157     7.999 r  system_i/FrequencyCounter/frequency_counter_0/inst/state_next_21_carry__0/CO[1]
                         net (fo=3, routed)           0.665     8.665    system_i/FrequencyCounter/frequency_counter_0/inst/state_next_21_carry__0_n_2
    SLICE_X40Y23         LUT5 (Prop_lut5_I3_O)        0.329     8.994 r  system_i/FrequencyCounter/frequency_counter_0/inst/counter_output_next0_carry_i_8/O
                         net (fo=1, routed)           0.000     8.994    system_i/FrequencyCounter/frequency_counter_0/inst/counter_output_next0_carry_i_8_n_0
    SLICE_X40Y23         CARRY4 (Prop_carry4_S[0]_CO[3])
                                                      0.532     9.526 r  system_i/FrequencyCounter/frequency_counter_0/inst/counter_output_next0_carry_i_7/CO[3]
                         net (fo=1, routed)           0.000     9.526    system_i/FrequencyCounter/frequency_counter_0/inst/counter_output_next0_carry_i_7_n_0
    SLICE_X40Y24         CARRY4 (Prop_carry4_CI_CO[3])
                                                      0.114     9.640 r  system_i/FrequencyCounter/frequency_counter_0/inst/counter_output_next0_carry__0_i_6/CO[3]
                         net (fo=1, routed)           0.009     9.649    system_i/FrequencyCounter/frequency_counter_0/inst/counter_output_next0_carry__0_i_6_n_0
    SLICE_X40Y25         CARRY4 (Prop_carry4_CI_CO[3])
                                                      0.114     9.763 r  system_i/FrequencyCounter/frequency_counter_0/inst/counter_output_next0_carry__1_i_6/CO[3]
                         net (fo=1, routed)           0.000     9.763    system_i/FrequencyCounter/frequency_counter_0/inst/counter_output_next0_carry__1_i_6_n_0
    SLICE_X40Y26         CARRY4 (Prop_carry4_CI_CO[3])
                                                      0.114     9.877 r  system_i/FrequencyCounter/frequency_counter_0/inst/counter_output_next0_carry__2_i_6/CO[3]
                         net (fo=1, routed)           0.000     9.877    system_i/FrequencyCounter/frequency_counter_0/inst/counter_output_next0_carry__2_i_6_n_0
    SLICE_X40Y27         CARRY4 (Prop_carry4_CI_O[3])
                                                      0.313    10.190 r  system_i/FrequencyCounter/frequency_counter_0/inst/counter_output_next0_carry__3_i_6/O[3]
                         net (fo=1, routed)           1.020    11.210    system_i/FrequencyCounter/frequency_counter_0/inst/counter2_output_next[19]
    SLICE_X38Y31         LUT2 (Prop_lut2_I1_O)        0.306    11.516 r  system_i/FrequencyCounter/frequency_counter_0/inst/counter_output_next0_carry__3_i_2/O
                         net (fo=1, routed)           0.000    11.516    system_i/FrequencyCounter/frequency_counter_0/inst/counter_output_next0_carry__3_i_2_n_0
    SLICE_X38Y31         CARRY4 (Prop_carry4_S[3]_CO[3])
                                                      0.376    11.892 r  system_i/FrequencyCounter/frequency_counter_0/inst/counter_output_next0_carry__3/CO[3]
                         net (fo=1, routed)           0.000    11.892    system_i/FrequencyCounter/frequency_counter_0/inst/counter_output_next0_carry__3_n_0
    SLICE_X38Y32         CARRY4 (Prop_carry4_CI_O[2])
                                                      0.239    12.131 r  system_i/FrequencyCounter/frequency_counter_0/inst/counter_output_next0_carry__4/O[2]
                         net (fo=2, routed)           0.827    12.959    system_i/FrequencyCounter/frequency_counter_0/inst/counter_output_next[22]
    SLICE_X40Y31         LUT6 (Prop_lut6_I3_O)        0.301    13.260 r  system_i/FrequencyCounter/frequency_counter_0/inst/counter_output[31]_i_10/O
                         net (fo=1, routed)           0.289    13.549    system_i/FrequencyCounter/frequency_counter_0/inst/counter_output[31]_i_10_n_0
    SLICE_X41Y32         LUT5 (Prop_lut5_I0_O)        0.124    13.673 r  system_i/FrequencyCounter/frequency_counter_0/inst/counter_output[31]_i_5/O
                         net (fo=3, routed)           0.468    14.141    system_i/FrequencyCounter/frequency_counter_0/inst/counter_output[31]_i_5_n_0
    SLICE_X36Y32         LUT6 (Prop_lut6_I4_O)        0.124    14.265 f  system_i/FrequencyCounter/frequency_counter_0/inst/counter_output[31]_i_2/O
                         net (fo=32, routed)          0.344    14.609    system_i/FrequencyCounter/frequency_counter_0/inst/pulse0_carry_i_8_n_0
    SLICE_X36Y31         LUT3 (Prop_lut3_I2_O)        0.124    14.733 r  system_i/FrequencyCounter/frequency_counter_0/inst/counter_output[31]_i_1/O
                         net (fo=96, routed)          0.722    15.455    system_i/FrequencyCounter/frequency_counter_0/inst/counter_output[31]_i_1_n_0
    SLICE_X37Y27         FDRE                                         r  system_i/FrequencyCounter/frequency_counter_0/inst/counter1_output_reg[1]/R
  -------------------------------------------------------------------    -------------------

                         (clock adc_clk rise edge)    8.000     8.000 r  
    U18                                               0.000     8.000 r  adc_clk_p_i (IN)
                         net (fo=0)                   0.000     8.000    system_i/DataAcquisition/axis_red_pitaya_adc_0/inst/adc_clk_p
    U18                  IBUFDS (Prop_ibufds_I_O)     0.940     8.940 r  system_i/DataAcquisition/axis_red_pitaya_adc_0/inst/adc_clk_inst0/O
                         net (fo=1, routed)           1.880    10.820    system_i/DataAcquisition/axis_red_pitaya_adc_0/inst/int_clk0
    BUFGCTRL_X0Y1        BUFG (Prop_bufg_I_O)         0.092    10.912 r  system_i/DataAcquisition/axis_red_pitaya_adc_0/inst/adc_clk_inst/O
                         net (fo=204, routed)         1.561    12.473    system_i/FrequencyCounter/frequency_counter_0/inst/clk
    SLICE_X37Y27         FDRE                                         r  system_i/FrequencyCounter/frequency_counter_0/inst/counter1_output_reg[1]/C
                         clock pessimism              0.364    12.837    
                         clock uncertainty           -0.035    12.802    
    SLICE_X37Y27         FDRE (Setup_fdre_C_R)       -0.429    12.373    system_i/FrequencyCounter/frequency_counter_0/inst/counter1_output_reg[1]
  -------------------------------------------------------------------
                         required time                         12.373    
                         arrival time                         -15.455    
  -------------------------------------------------------------------
                         slack                                 -3.082    

Slack (VIOLATED) :        -3.082ns  (required time - arrival time)
  Source:                 system_i/DataAcquisition/axis_red_pitaya_adc_0/inst/int_dat_b_reg_reg[4]/C
                            (rising edge-triggered cell FDRE clocked by adc_clk  {rise@0.000ns fall@4.000ns period=8.000ns})
  Destination:            system_i/FrequencyCounter/frequency_counter_0/inst/counter1_output_reg[2]/R
                            (rising edge-triggered cell FDRE clocked by adc_clk  {rise@0.000ns fall@4.000ns period=8.000ns})
  Path Group:             adc_clk
  Path Type:              Setup (Max at Slow Process Corner)
  Requirement:            8.000ns  (adc_clk rise@8.000ns - adc_clk rise@0.000ns)
  Data Path Delay:        10.517ns  (logic 4.514ns (42.922%)  route 6.003ns (57.078%))
  Logic Levels:           16  (CARRY4=9 LUT2=2 LUT3=1 LUT5=2 LUT6=2)
  Clock Path Skew:        -0.101ns (DCD - SCD + CPR)
    Destination Clock Delay (DCD):    4.473ns = ( 12.473 - 8.000 ) 
    Source Clock Delay      (SCD):    4.939ns
    Clock Pessimism Removal (CPR):    0.364ns
  Clock Uncertainty:      0.035ns  ((TSJ^2 + TIJ^2)^1/2 + DJ) / 2 + PE
    Total System Jitter     (TSJ):    0.071ns
    Total Input Jitter      (TIJ):    0.000ns
    Discrete Jitter          (DJ):    0.000ns
    Phase Error              (PE):    0.000ns

    Location             Delay type                Incr(ns)  Path(ns)    Netlist Resource(s)
  -------------------------------------------------------------------    -------------------
                         (clock adc_clk rise edge)    0.000     0.000 r  
    U18                                               0.000     0.000 r  adc_clk_p_i (IN)
                         net (fo=0)                   0.000     0.000    system_i/DataAcquisition/axis_red_pitaya_adc_0/inst/adc_clk_p
    U18                  IBUFDS (Prop_ibufds_I_O)     0.983     0.983 r  system_i/DataAcquisition/axis_red_pitaya_adc_0/inst/adc_clk_inst0/O
                         net (fo=1, routed)           2.076     3.059    system_i/DataAcquisition/axis_red_pitaya_adc_0/inst/int_clk0
    BUFGCTRL_X0Y1        BUFG (Prop_bufg_I_O)         0.102     3.161 r  system_i/DataAcquisition/axis_red_pitaya_adc_0/inst/adc_clk_inst/O
                         net (fo=204, routed)         1.777     4.939    system_i/DataAcquisition/axis_red_pitaya_adc_0/inst/adc_clk
    ILOGIC_X0Y49         FDRE                                         r  system_i/DataAcquisition/axis_red_pitaya_adc_0/inst/int_dat_b_reg_reg[4]/C
  -------------------------------------------------------------------    -------------------
    ILOGIC_X0Y49         FDRE (Prop_fdre_C_Q)         0.517     5.456 f  system_i/DataAcquisition/axis_red_pitaya_adc_0/inst/int_dat_b_reg_reg[4]/Q
                         net (fo=2, routed)           1.657     7.112    system_i/FrequencyCounter/frequency_counter_0/inst/S_AXIS_IN_tdata_2[4]
    SLICE_X43Y16         LUT2 (Prop_lut2_I0_O)        0.180     7.292 r  system_i/FrequencyCounter/frequency_counter_0/inst/state_next_21_carry_i_5/O
                         net (fo=1, routed)           0.000     7.292    system_i/FrequencyCounter/frequency_counter_0/inst/state_next_21_carry_i_5_n_0
    SLICE_X43Y16         CARRY4 (Prop_carry4_S[1]_CO[3])
                                                      0.550     7.842 r  system_i/FrequencyCounter/frequency_counter_0/inst/state_next_21_carry/CO[3]
                         net (fo=1, routed)           0.000     7.842    system_i/FrequencyCounter/frequency_counter_0/inst/state_next_21_carry_n_0
    SLICE_X43Y17         CARRY4 (Prop_carry4_CI_CO[1])
                                                      0.157     7.999 r  system_i/FrequencyCounter/frequency_counter_0/inst/state_next_21_carry__0/CO[1]
                         net (fo=3, routed)           0.665     8.665    system_i/FrequencyCounter/frequency_counter_0/inst/state_next_21_carry__0_n_2
    SLICE_X40Y23         LUT5 (Prop_lut5_I3_O)        0.329     8.994 r  system_i/FrequencyCounter/frequency_counter_0/inst/counter_output_next0_carry_i_8/O
                         net (fo=1, routed)           0.000     8.994    system_i/FrequencyCounter/frequency_counter_0/inst/counter_output_next0_carry_i_8_n_0
    SLICE_X40Y23         CARRY4 (Prop_carry4_S[0]_CO[3])
                                                      0.532     9.526 r  system_i/FrequencyCounter/frequency_counter_0/inst/counter_output_next0_carry_i_7/CO[3]
                         net (fo=1, routed)           0.000     9.526    system_i/FrequencyCounter/frequency_counter_0/inst/counter_output_next0_carry_i_7_n_0
    SLICE_X40Y24         CARRY4 (Prop_carry4_CI_CO[3])
                                                      0.114     9.640 r  system_i/FrequencyCounter/frequency_counter_0/inst/counter_output_next0_carry__0_i_6/CO[3]
                         net (fo=1, routed)           0.009     9.649    system_i/FrequencyCounter/frequency_counter_0/inst/counter_output_next0_carry__0_i_6_n_0
    SLICE_X40Y25         CARRY4 (Prop_carry4_CI_CO[3])
                                                      0.114     9.763 r  system_i/FrequencyCounter/frequency_counter_0/inst/counter_output_next0_carry__1_i_6/CO[3]
                         net (fo=1, routed)           0.000     9.763    system_i/FrequencyCounter/frequency_counter_0/inst/counter_output_next0_carry__1_i_6_n_0
    SLICE_X40Y26         CARRY4 (Prop_carry4_CI_CO[3])
                                                      0.114     9.877 r  system_i/FrequencyCounter/frequency_counter_0/inst/counter_output_next0_carry__2_i_6/CO[3]
                         net (fo=1, routed)           0.000     9.877    system_i/FrequencyCounter/frequency_counter_0/inst/counter_output_next0_carry__2_i_6_n_0
    SLICE_X40Y27         CARRY4 (Prop_carry4_CI_O[3])
                                                      0.313    10.190 r  system_i/FrequencyCounter/frequency_counter_0/inst/counter_output_next0_carry__3_i_6/O[3]
                         net (fo=1, routed)           1.020    11.210    system_i/FrequencyCounter/frequency_counter_0/inst/counter2_output_next[19]
    SLICE_X38Y31         LUT2 (Prop_lut2_I1_O)        0.306    11.516 r  system_i/FrequencyCounter/frequency_counter_0/inst/counter_output_next0_carry__3_i_2/O
                         net (fo=1, routed)           0.000    11.516    system_i/FrequencyCounter/frequency_counter_0/inst/counter_output_next0_carry__3_i_2_n_0
    SLICE_X38Y31         CARRY4 (Prop_carry4_S[3]_CO[3])
                                                      0.376    11.892 r  system_i/FrequencyCounter/frequency_counter_0/inst/counter_output_next0_carry__3/CO[3]
                         net (fo=1, routed)           0.000    11.892    system_i/FrequencyCounter/frequency_counter_0/inst/counter_output_next0_carry__3_n_0
    SLICE_X38Y32         CARRY4 (Prop_carry4_CI_O[2])
                                                      0.239    12.131 r  system_i/FrequencyCounter/frequency_counter_0/inst/counter_output_next0_carry__4/O[2]
                         net (fo=2, routed)           0.827    12.959    system_i/FrequencyCounter/frequency_counter_0/inst/counter_output_next[22]
    SLICE_X40Y31         LUT6 (Prop_lut6_I3_O)        0.301    13.260 r  system_i/FrequencyCounter/frequency_counter_0/inst/counter_output[31]_i_10/O
                         net (fo=1, routed)           0.289    13.549    system_i/FrequencyCounter/frequency_counter_0/inst/counter_output[31]_i_10_n_0
    SLICE_X41Y32         LUT5 (Prop_lut5_I0_O)        0.124    13.673 r  system_i/FrequencyCounter/frequency_counter_0/inst/counter_output[31]_i_5/O
                         net (fo=3, routed)           0.468    14.141    system_i/FrequencyCounter/frequency_counter_0/inst/counter_output[31]_i_5_n_0
    SLICE_X36Y32         LUT6 (Prop_lut6_I4_O)        0.124    14.265 f  system_i/FrequencyCounter/frequency_counter_0/inst/counter_output[31]_i_2/O
                         net (fo=32, routed)          0.344    14.609    system_i/FrequencyCounter/frequency_counter_0/inst/pulse0_carry_i_8_n_0
    SLICE_X36Y31         LUT3 (Prop_lut3_I2_O)        0.124    14.733 r  system_i/FrequencyCounter/frequency_counter_0/inst/counter_output[31]_i_1/O
                         net (fo=96, routed)          0.722    15.455    system_i/FrequencyCounter/frequency_counter_0/inst/counter_output[31]_i_1_n_0
    SLICE_X37Y27         FDRE                                         r  system_i/FrequencyCounter/frequency_counter_0/inst/counter1_output_reg[2]/R
  -------------------------------------------------------------------    -------------------

                         (clock adc_clk rise edge)    8.000     8.000 r  
    U18                                               0.000     8.000 r  adc_clk_p_i (IN)
                         net (fo=0)                   0.000     8.000    system_i/DataAcquisition/axis_red_pitaya_adc_0/inst/adc_clk_p
    U18                  IBUFDS (Prop_ibufds_I_O)     0.940     8.940 r  system_i/DataAcquisition/axis_red_pitaya_adc_0/inst/adc_clk_inst0/O
                         net (fo=1, routed)           1.880    10.820    system_i/DataAcquisition/axis_red_pitaya_adc_0/inst/int_clk0
    BUFGCTRL_X0Y1        BUFG (Prop_bufg_I_O)         0.092    10.912 r  system_i/DataAcquisition/axis_red_pitaya_adc_0/inst/adc_clk_inst/O
                         net (fo=204, routed)         1.561    12.473    system_i/FrequencyCounter/frequency_counter_0/inst/clk
    SLICE_X37Y27         FDRE                                         r  system_i/FrequencyCounter/frequency_counter_0/inst/counter1_output_reg[2]/C
                         clock pessimism              0.364    12.837    
                         clock uncertainty           -0.035    12.802    
    SLICE_X37Y27         FDRE (Setup_fdre_C_R)       -0.429    12.373    system_i/FrequencyCounter/frequency_counter_0/inst/counter1_output_reg[2]
  -------------------------------------------------------------------
                         required time                         12.373    
                         arrival time                         -15.455    
  -------------------------------------------------------------------
                         slack                                 -3.082    

Slack (VIOLATED) :        -3.082ns  (required time - arrival time)
  Source:                 system_i/DataAcquisition/axis_red_pitaya_adc_0/inst/int_dat_b_reg_reg[4]/C
                            (rising edge-triggered cell FDRE clocked by adc_clk  {rise@0.000ns fall@4.000ns period=8.000ns})
  Destination:            system_i/FrequencyCounter/frequency_counter_0/inst/counter1_output_reg[3]/R
                            (rising edge-triggered cell FDRE clocked by adc_clk  {rise@0.000ns fall@4.000ns period=8.000ns})
  Path Group:             adc_clk
  Path Type:              Setup (Max at Slow Process Corner)
  Requirement:            8.000ns  (adc_clk rise@8.000ns - adc_clk rise@0.000ns)
  Data Path Delay:        10.517ns  (logic 4.514ns (42.922%)  route 6.003ns (57.078%))
  Logic Levels:           16  (CARRY4=9 LUT2=2 LUT3=1 LUT5=2 LUT6=2)
  Clock Path Skew:        -0.101ns (DCD - SCD + CPR)
    Destination Clock Delay (DCD):    4.473ns = ( 12.473 - 8.000 ) 
    Source Clock Delay      (SCD):    4.939ns
    Clock Pessimism Removal (CPR):    0.364ns
  Clock Uncertainty:      0.035ns  ((TSJ^2 + TIJ^2)^1/2 + DJ) / 2 + PE
    Total System Jitter     (TSJ):    0.071ns
    Total Input Jitter      (TIJ):    0.000ns
    Discrete Jitter          (DJ):    0.000ns
    Phase Error              (PE):    0.000ns

    Location             Delay type                Incr(ns)  Path(ns)    Netlist Resource(s)
  -------------------------------------------------------------------    -------------------
                         (clock adc_clk rise edge)    0.000     0.000 r  
    U18                                               0.000     0.000 r  adc_clk_p_i (IN)
                         net (fo=0)                   0.000     0.000    system_i/DataAcquisition/axis_red_pitaya_adc_0/inst/adc_clk_p
    U18                  IBUFDS (Prop_ibufds_I_O)     0.983     0.983 r  system_i/DataAcquisition/axis_red_pitaya_adc_0/inst/adc_clk_inst0/O
                         net (fo=1, routed)           2.076     3.059    system_i/DataAcquisition/axis_red_pitaya_adc_0/inst/int_clk0
    BUFGCTRL_X0Y1        BUFG (Prop_bufg_I_O)         0.102     3.161 r  system_i/DataAcquisition/axis_red_pitaya_adc_0/inst/adc_clk_inst/O
                         net (fo=204, routed)         1.777     4.939    system_i/DataAcquisition/axis_red_pitaya_adc_0/inst/adc_clk
    ILOGIC_X0Y49         FDRE                                         r  system_i/DataAcquisition/axis_red_pitaya_adc_0/inst/int_dat_b_reg_reg[4]/C
  -------------------------------------------------------------------    -------------------
    ILOGIC_X0Y49         FDRE (Prop_fdre_C_Q)         0.517     5.456 f  system_i/DataAcquisition/axis_red_pitaya_adc_0/inst/int_dat_b_reg_reg[4]/Q
                         net (fo=2, routed)           1.657     7.112    system_i/FrequencyCounter/frequency_counter_0/inst/S_AXIS_IN_tdata_2[4]
    SLICE_X43Y16         LUT2 (Prop_lut2_I0_O)        0.180     7.292 r  system_i/FrequencyCounter/frequency_counter_0/inst/state_next_21_carry_i_5/O
                         net (fo=1, routed)           0.000     7.292    system_i/FrequencyCounter/frequency_counter_0/inst/state_next_21_carry_i_5_n_0
    SLICE_X43Y16         CARRY4 (Prop_carry4_S[1]_CO[3])
                                                      0.550     7.842 r  system_i/FrequencyCounter/frequency_counter_0/inst/state_next_21_carry/CO[3]
                         net (fo=1, routed)           0.000     7.842    system_i/FrequencyCounter/frequency_counter_0/inst/state_next_21_carry_n_0
    SLICE_X43Y17         CARRY4 (Prop_carry4_CI_CO[1])
                                                      0.157     7.999 r  system_i/FrequencyCounter/frequency_counter_0/inst/state_next_21_carry__0/CO[1]
                         net (fo=3, routed)           0.665     8.665    system_i/FrequencyCounter/frequency_counter_0/inst/state_next_21_carry__0_n_2
    SLICE_X40Y23         LUT5 (Prop_lut5_I3_O)        0.329     8.994 r  system_i/FrequencyCounter/frequency_counter_0/inst/counter_output_next0_carry_i_8/O
                         net (fo=1, routed)           0.000     8.994    system_i/FrequencyCounter/frequency_counter_0/inst/counter_output_next0_carry_i_8_n_0
    SLICE_X40Y23         CARRY4 (Prop_carry4_S[0]_CO[3])
                                                      0.532     9.526 r  system_i/FrequencyCounter/frequency_counter_0/inst/counter_output_next0_carry_i_7/CO[3]
                         net (fo=1, routed)           0.000     9.526    system_i/FrequencyCounter/frequency_counter_0/inst/counter_output_next0_carry_i_7_n_0
    SLICE_X40Y24         CARRY4 (Prop_carry4_CI_CO[3])
                                                      0.114     9.640 r  system_i/FrequencyCounter/frequency_counter_0/inst/counter_output_next0_carry__0_i_6/CO[3]
                         net (fo=1, routed)           0.009     9.649    system_i/FrequencyCounter/frequency_counter_0/inst/counter_output_next0_carry__0_i_6_n_0
    SLICE_X40Y25         CARRY4 (Prop_carry4_CI_CO[3])
                                                      0.114     9.763 r  system_i/FrequencyCounter/frequency_counter_0/inst/counter_output_next0_carry__1_i_6/CO[3]
                         net (fo=1, routed)           0.000     9.763    system_i/FrequencyCounter/frequency_counter_0/inst/counter_output_next0_carry__1_i_6_n_0
    SLICE_X40Y26         CARRY4 (Prop_carry4_CI_CO[3])
                                                      0.114     9.877 r  system_i/FrequencyCounter/frequency_counter_0/inst/counter_output_next0_carry__2_i_6/CO[3]
                         net (fo=1, routed)           0.000     9.877    system_i/FrequencyCounter/frequency_counter_0/inst/counter_output_next0_carry__2_i_6_n_0
    SLICE_X40Y27         CARRY4 (Prop_carry4_CI_O[3])
                                                      0.313    10.190 r  system_i/FrequencyCounter/frequency_counter_0/inst/counter_output_next0_carry__3_i_6/O[3]
                         net (fo=1, routed)           1.020    11.210    system_i/FrequencyCounter/frequency_counter_0/inst/counter2_output_next[19]
    SLICE_X38Y31         LUT2 (Prop_lut2_I1_O)        0.306    11.516 r  system_i/FrequencyCounter/frequency_counter_0/inst/counter_output_next0_carry__3_i_2/O
                         net (fo=1, routed)           0.000    11.516    system_i/FrequencyCounter/frequency_counter_0/inst/counter_output_next0_carry__3_i_2_n_0
    SLICE_X38Y31         CARRY4 (Prop_carry4_S[3]_CO[3])
                                                      0.376    11.892 r  system_i/FrequencyCounter/frequency_counter_0/inst/counter_output_next0_carry__3/CO[3]
                         net (fo=1, routed)           0.000    11.892    system_i/FrequencyCounter/frequency_counter_0/inst/counter_output_next0_carry__3_n_0
    SLICE_X38Y32         CARRY4 (Prop_carry4_CI_O[2])
                                                      0.239    12.131 r  system_i/FrequencyCounter/frequency_counter_0/inst/counter_output_next0_carry__4/O[2]
                         net (fo=2, routed)           0.827    12.959    system_i/FrequencyCounter/frequency_counter_0/inst/counter_output_next[22]
    SLICE_X40Y31         LUT6 (Prop_lut6_I3_O)        0.301    13.260 r  system_i/FrequencyCounter/frequency_counter_0/inst/counter_output[31]_i_10/O
                         net (fo=1, routed)           0.289    13.549    system_i/FrequencyCounter/frequency_counter_0/inst/counter_output[31]_i_10_n_0
    SLICE_X41Y32         LUT5 (Prop_lut5_I0_O)        0.124    13.673 r  system_i/FrequencyCounter/frequency_counter_0/inst/counter_output[31]_i_5/O
                         net (fo=3, routed)           0.468    14.141    system_i/FrequencyCounter/frequency_counter_0/inst/counter_output[31]_i_5_n_0
    SLICE_X36Y32         LUT6 (Prop_lut6_I4_O)        0.124    14.265 f  system_i/FrequencyCounter/frequency_counter_0/inst/counter_output[31]_i_2/O
                         net (fo=32, routed)          0.344    14.609    system_i/FrequencyCounter/frequency_counter_0/inst/pulse0_carry_i_8_n_0
    SLICE_X36Y31         LUT3 (Prop_lut3_I2_O)        0.124    14.733 r  system_i/FrequencyCounter/frequency_counter_0/inst/counter_output[31]_i_1/O
                         net (fo=96, routed)          0.722    15.455    system_i/FrequencyCounter/frequency_counter_0/inst/counter_output[31]_i_1_n_0
    SLICE_X37Y27         FDRE                                         r  system_i/FrequencyCounter/frequency_counter_0/inst/counter1_output_reg[3]/R
  -------------------------------------------------------------------    -------------------

                         (clock adc_clk rise edge)    8.000     8.000 r  
    U18                                               0.000     8.000 r  adc_clk_p_i (IN)
                         net (fo=0)                   0.000     8.000    system_i/DataAcquisition/axis_red_pitaya_adc_0/inst/adc_clk_p
    U18                  IBUFDS (Prop_ibufds_I_O)     0.940     8.940 r  system_i/DataAcquisition/axis_red_pitaya_adc_0/inst/adc_clk_inst0/O
                         net (fo=1, routed)           1.880    10.820    system_i/DataAcquisition/axis_red_pitaya_adc_0/inst/int_clk0
    BUFGCTRL_X0Y1        BUFG (Prop_bufg_I_O)         0.092    10.912 r  system_i/DataAcquisition/axis_red_pitaya_adc_0/inst/adc_clk_inst/O
                         net (fo=204, routed)         1.561    12.473    system_i/FrequencyCounter/frequency_counter_0/inst/clk
    SLICE_X37Y27         FDRE                                         r  system_i/FrequencyCounter/frequency_counter_0/inst/counter1_output_reg[3]/C
                         clock pessimism              0.364    12.837    
                         clock uncertainty           -0.035    12.802    
    SLICE_X37Y27         FDRE (Setup_fdre_C_R)       -0.429    12.373    system_i/FrequencyCounter/frequency_counter_0/inst/counter1_output_reg[3]
  -------------------------------------------------------------------
                         required time                         12.373    
                         arrival time                         -15.455    
  -------------------------------------------------------------------
                         slack                                 -3.082    

Slack (VIOLATED) :        -3.041ns  (required time - arrival time)
  Source:                 system_i/DataAcquisition/axis_red_pitaya_adc_0/inst/int_dat_b_reg_reg[4]/C
                            (rising edge-triggered cell FDRE clocked by adc_clk  {rise@0.000ns fall@4.000ns period=8.000ns})
  Destination:            system_i/FrequencyCounter/frequency_counter_0/inst/counter1_output_reg[24]/R
                            (rising edge-triggered cell FDRE clocked by adc_clk  {rise@0.000ns fall@4.000ns period=8.000ns})
  Path Group:             adc_clk
  Path Type:              Setup (Max at Slow Process Corner)
  Requirement:            8.000ns  (adc_clk rise@8.000ns - adc_clk rise@0.000ns)
  Data Path Delay:        10.482ns  (logic 4.514ns (43.063%)  route 5.968ns (56.937%))
  Logic Levels:           16  (CARRY4=9 LUT2=2 LUT3=1 LUT5=2 LUT6=2)
  Clock Path Skew:        -0.094ns (DCD - SCD + CPR)
    Destination Clock Delay (DCD):    4.480ns = ( 12.480 - 8.000 ) 
    Source Clock Delay      (SCD):    4.939ns
    Clock Pessimism Removal (CPR):    0.364ns
  Clock Uncertainty:      0.035ns  ((TSJ^2 + TIJ^2)^1/2 + DJ) / 2 + PE
    Total System Jitter     (TSJ):    0.071ns
    Total Input Jitter      (TIJ):    0.000ns
    Discrete Jitter          (DJ):    0.000ns
    Phase Error              (PE):    0.000ns

    Location             Delay type                Incr(ns)  Path(ns)    Netlist Resource(s)
  -------------------------------------------------------------------    -------------------
                         (clock adc_clk rise edge)    0.000     0.000 r  
    U18                                               0.000     0.000 r  adc_clk_p_i (IN)
                         net (fo=0)                   0.000     0.000    system_i/DataAcquisition/axis_red_pitaya_adc_0/inst/adc_clk_p
    U18                  IBUFDS (Prop_ibufds_I_O)     0.983     0.983 r  system_i/DataAcquisition/axis_red_pitaya_adc_0/inst/adc_clk_inst0/O
                         net (fo=1, routed)           2.076     3.059    system_i/DataAcquisition/axis_red_pitaya_adc_0/inst/int_clk0
    BUFGCTRL_X0Y1        BUFG (Prop_bufg_I_O)         0.102     3.161 r  system_i/DataAcquisition/axis_red_pitaya_adc_0/inst/adc_clk_inst/O
                         net (fo=204, routed)         1.777     4.939    system_i/DataAcquisition/axis_red_pitaya_adc_0/inst/adc_clk
    ILOGIC_X0Y49         FDRE                                         r  system_i/DataAcquisition/axis_red_pitaya_adc_0/inst/int_dat_b_reg_reg[4]/C
  -------------------------------------------------------------------    -------------------
    ILOGIC_X0Y49         FDRE (Prop_fdre_C_Q)         0.517     5.456 f  system_i/DataAcquisition/axis_red_pitaya_adc_0/inst/int_dat_b_reg_reg[4]/Q
                         net (fo=2, routed)           1.657     7.112    system_i/FrequencyCounter/frequency_counter_0/inst/S_AXIS_IN_tdata_2[4]
    SLICE_X43Y16         LUT2 (Prop_lut2_I0_O)        0.180     7.292 r  system_i/FrequencyCounter/frequency_counter_0/inst/state_next_21_carry_i_5/O
                         net (fo=1, routed)           0.000     7.292    system_i/FrequencyCounter/frequency_counter_0/inst/state_next_21_carry_i_5_n_0
    SLICE_X43Y16         CARRY4 (Prop_carry4_S[1]_CO[3])
                                                      0.550     7.842 r  system_i/FrequencyCounter/frequency_counter_0/inst/state_next_21_carry/CO[3]
                         net (fo=1, routed)           0.000     7.842    system_i/FrequencyCounter/frequency_counter_0/inst/state_next_21_carry_n_0
    SLICE_X43Y17         CARRY4 (Prop_carry4_CI_CO[1])
                                                      0.157     7.999 r  system_i/FrequencyCounter/frequency_counter_0/inst/state_next_21_carry__0/CO[1]
                         net (fo=3, routed)           0.665     8.665    system_i/FrequencyCounter/frequency_counter_0/inst/state_next_21_carry__0_n_2
    SLICE_X40Y23         LUT5 (Prop_lut5_I3_O)        0.329     8.994 r  system_i/FrequencyCounter/frequency_counter_0/inst/counter_output_next0_carry_i_8/O
                         net (fo=1, routed)           0.000     8.994    system_i/FrequencyCounter/frequency_counter_0/inst/counter_output_next0_carry_i_8_n_0
    SLICE_X40Y23         CARRY4 (Prop_carry4_S[0]_CO[3])
                                                      0.532     9.526 r  system_i/FrequencyCounter/frequency_counter_0/inst/counter_output_next0_carry_i_7/CO[3]
                         net (fo=1, routed)           0.000     9.526    system_i/FrequencyCounter/frequency_counter_0/inst/counter_output_next0_carry_i_7_n_0
    SLICE_X40Y24         CARRY4 (Prop_carry4_CI_CO[3])
                                                      0.114     9.640 r  system_i/FrequencyCounter/frequency_counter_0/inst/counter_output_next0_carry__0_i_6/CO[3]
                         net (fo=1, routed)           0.009     9.649    system_i/FrequencyCounter/frequency_counter_0/inst/counter_output_next0_carry__0_i_6_n_0
    SLICE_X40Y25         CARRY4 (Prop_carry4_CI_CO[3])
                                                      0.114     9.763 r  system_i/FrequencyCounter/frequency_counter_0/inst/counter_output_next0_carry__1_i_6/CO[3]
                         net (fo=1, routed)           0.000     9.763    system_i/FrequencyCounter/frequency_counter_0/inst/counter_output_next0_carry__1_i_6_n_0
    SLICE_X40Y26         CARRY4 (Prop_carry4_CI_CO[3])
                                                      0.114     9.877 r  system_i/FrequencyCounter/frequency_counter_0/inst/counter_output_next0_carry__2_i_6/CO[3]
                         net (fo=1, routed)           0.000     9.877    system_i/FrequencyCounter/frequency_counter_0/inst/counter_output_next0_carry__2_i_6_n_0
    SLICE_X40Y27         CARRY4 (Prop_carry4_CI_O[3])
                                                      0.313    10.190 r  system_i/FrequencyCounter/frequency_counter_0/inst/counter_output_next0_carry__3_i_6/O[3]
                         net (fo=1, routed)           1.020    11.210    system_i/FrequencyCounter/frequency_counter_0/inst/counter2_output_next[19]
    SLICE_X38Y31         LUT2 (Prop_lut2_I1_O)        0.306    11.516 r  system_i/FrequencyCounter/frequency_counter_0/inst/counter_output_next0_carry__3_i_2/O
                         net (fo=1, routed)           0.000    11.516    system_i/FrequencyCounter/frequency_counter_0/inst/counter_output_next0_carry__3_i_2_n_0
    SLICE_X38Y31         CARRY4 (Prop_carry4_S[3]_CO[3])
                                                      0.376    11.892 r  system_i/FrequencyCounter/frequency_counter_0/inst/counter_output_next0_carry__3/CO[3]
                         net (fo=1, routed)           0.000    11.892    system_i/FrequencyCounter/frequency_counter_0/inst/counter_output_next0_carry__3_n_0
    SLICE_X38Y32         CARRY4 (Prop_carry4_CI_O[2])
                                                      0.239    12.131 r  system_i/FrequencyCounter/frequency_counter_0/inst/counter_output_next0_carry__4/O[2]
                         net (fo=2, routed)           0.827    12.959    system_i/FrequencyCounter/frequency_counter_0/inst/counter_output_next[22]
    SLICE_X40Y31         LUT6 (Prop_lut6_I3_O)        0.301    13.260 r  system_i/FrequencyCounter/frequency_counter_0/inst/counter_output[31]_i_10/O
                         net (fo=1, routed)           0.289    13.549    system_i/FrequencyCounter/frequency_counter_0/inst/counter_output[31]_i_10_n_0
    SLICE_X41Y32         LUT5 (Prop_lut5_I0_O)        0.124    13.673 r  system_i/FrequencyCounter/frequency_counter_0/inst/counter_output[31]_i_5/O
                         net (fo=3, routed)           0.468    14.141    system_i/FrequencyCounter/frequency_counter_0/inst/counter_output[31]_i_5_n_0
    SLICE_X36Y32         LUT6 (Prop_lut6_I4_O)        0.124    14.265 f  system_i/FrequencyCounter/frequency_counter_0/inst/counter_output[31]_i_2/O
                         net (fo=32, routed)          0.344    14.609    system_i/FrequencyCounter/frequency_counter_0/inst/pulse0_carry_i_8_n_0
    SLICE_X36Y31         LUT3 (Prop_lut3_I2_O)        0.124    14.733 r  system_i/FrequencyCounter/frequency_counter_0/inst/counter_output[31]_i_1/O
                         net (fo=96, routed)          0.688    15.421    system_i/FrequencyCounter/frequency_counter_0/inst/counter_output[31]_i_1_n_0
    SLICE_X37Y33         FDRE                                         r  system_i/FrequencyCounter/frequency_counter_0/inst/counter1_output_reg[24]/R
  -------------------------------------------------------------------    -------------------

                         (clock adc_clk rise edge)    8.000     8.000 r  
    U18                                               0.000     8.000 r  adc_clk_p_i (IN)
                         net (fo=0)                   0.000     8.000    system_i/DataAcquisition/axis_red_pitaya_adc_0/inst/adc_clk_p
    U18                  IBUFDS (Prop_ibufds_I_O)     0.940     8.940 r  system_i/DataAcquisition/axis_red_pitaya_adc_0/inst/adc_clk_inst0/O
                         net (fo=1, routed)           1.880    10.820    system_i/DataAcquisition/axis_red_pitaya_adc_0/inst/int_clk0
    BUFGCTRL_X0Y1        BUFG (Prop_bufg_I_O)         0.092    10.912 r  system_i/DataAcquisition/axis_red_pitaya_adc_0/inst/adc_clk_inst/O
                         net (fo=204, routed)         1.568    12.480    system_i/FrequencyCounter/frequency_counter_0/inst/clk
    SLICE_X37Y33         FDRE                                         r  system_i/FrequencyCounter/frequency_counter_0/inst/counter1_output_reg[24]/C
                         clock pessimism              0.364    12.844    
                         clock uncertainty           -0.035    12.809    
    SLICE_X37Y33         FDRE (Setup_fdre_C_R)       -0.429    12.380    system_i/FrequencyCounter/frequency_counter_0/inst/counter1_output_reg[24]
  -------------------------------------------------------------------
                         required time                         12.380    
                         arrival time                         -15.421    
  -------------------------------------------------------------------
                         slack                                 -3.041    





Min Delay Paths
--------------------------------------------------------------------------------------
Slack (MET) :             0.228ns  (arrival time - required time)
  Source:                 system_i/FrequencyCounter/frequency_counter_0/inst/counter1_output_reg[0]/C
                            (rising edge-triggered cell FDRE clocked by adc_clk  {rise@0.000ns fall@4.000ns period=8.000ns})
  Destination:            system_i/FrequencyCounter/frequency_counter_0/inst/counter1_output_reg[1]/D
                            (rising edge-triggered cell FDRE clocked by adc_clk  {rise@0.000ns fall@4.000ns period=8.000ns})
  Path Group:             adc_clk
  Path Type:              Hold (Min at Fast Process Corner)
  Requirement:            0.000ns  (adc_clk rise@0.000ns - adc_clk rise@0.000ns)
  Data Path Delay:        0.333ns  (logic 0.265ns (79.557%)  route 0.068ns (20.443%))
  Logic Levels:           1  (CARRY4=1)
  Clock Path Skew:        0.000ns (DCD - SCD - CPR)
    Destination Clock Delay (DCD):    1.992ns
    Source Clock Delay      (SCD):    1.635ns
    Clock Pessimism Removal (CPR):    0.357ns

    Location             Delay type                Incr(ns)  Path(ns)    Netlist Resource(s)
  -------------------------------------------------------------------    -------------------
                         (clock adc_clk rise edge)    0.000     0.000 r  
    U18                                               0.000     0.000 r  adc_clk_p_i (IN)
                         net (fo=0)                   0.000     0.000    system_i/DataAcquisition/axis_red_pitaya_adc_0/inst/adc_clk_p
    U18                  IBUFDS (Prop_ibufds_I_O)     0.401     0.401 r  system_i/DataAcquisition/axis_red_pitaya_adc_0/inst/adc_clk_inst0/O
                         net (fo=1, routed)           0.627     1.029    system_i/DataAcquisition/axis_red_pitaya_adc_0/inst/int_clk0
    BUFGCTRL_X0Y1        BUFG (Prop_bufg_I_O)         0.027     1.056 r  system_i/DataAcquisition/axis_red_pitaya_adc_0/inst/adc_clk_inst/O
                         net (fo=204, routed)         0.580     1.635    system_i/FrequencyCounter/frequency_counter_0/inst/clk
    SLICE_X37Y27         FDRE                                         r  system_i/FrequencyCounter/frequency_counter_0/inst/counter1_output_reg[0]/C
  -------------------------------------------------------------------    -------------------
    SLICE_X37Y27         FDRE (Prop_fdre_C_Q)         0.141     1.776 r  system_i/FrequencyCounter/frequency_counter_0/inst/counter1_output_reg[0]/Q
                         net (fo=4, routed)           0.068     1.844    system_i/FrequencyCounter/frequency_counter_0/inst/counter1_output[0]
    SLICE_X37Y27         CARRY4 (Prop_carry4_DI[0]_O[1])
                                                      0.124     1.968 r  system_i/FrequencyCounter/frequency_counter_0/inst/counter1_output_reg[3]_i_1/O[1]
                         net (fo=1, routed)           0.000     1.968    system_i/FrequencyCounter/frequency_counter_0/inst/counter1_output_reg[3]_i_1_n_6
    SLICE_X37Y27         FDRE                                         r  system_i/FrequencyCounter/frequency_counter_0/inst/counter1_output_reg[1]/D
  -------------------------------------------------------------------    -------------------

                         (clock adc_clk rise edge)    0.000     0.000 r  
    U18                                               0.000     0.000 r  adc_clk_p_i (IN)
                         net (fo=0)                   0.000     0.000    system_i/DataAcquisition/axis_red_pitaya_adc_0/inst/adc_clk_p
    U18                  IBUFDS (Prop_ibufds_I_O)     0.433     0.433 r  system_i/DataAcquisition/axis_red_pitaya_adc_0/inst/adc_clk_inst0/O
                         net (fo=1, routed)           0.683     1.116    system_i/DataAcquisition/axis_red_pitaya_adc_0/inst/int_clk0
    BUFGCTRL_X0Y1        BUFG (Prop_bufg_I_O)         0.030     1.146 r  system_i/DataAcquisition/axis_red_pitaya_adc_0/inst/adc_clk_inst/O
                         net (fo=204, routed)         0.846     1.992    system_i/FrequencyCounter/frequency_counter_0/inst/clk
    SLICE_X37Y27         FDRE                                         r  system_i/FrequencyCounter/frequency_counter_0/inst/counter1_output_reg[1]/C
                         clock pessimism             -0.357     1.635    
    SLICE_X37Y27         FDRE (Hold_fdre_C_D)         0.105     1.740    system_i/FrequencyCounter/frequency_counter_0/inst/counter1_output_reg[1]
  -------------------------------------------------------------------
                         required time                         -1.740    
                         arrival time                           1.968    
  -------------------------------------------------------------------
                         slack                                  0.228    

Slack (MET) :             0.250ns  (arrival time - required time)
  Source:                 system_i/FrequencyCounter/frequency_counter_0/inst/clock_counter_reg[0]/C
                            (rising edge-triggered cell FDRE clocked by adc_clk  {rise@0.000ns fall@4.000ns period=8.000ns})
  Destination:            system_i/FrequencyCounter/frequency_counter_0/inst/clock_counter_reg[1]/D
                            (rising edge-triggered cell FDRE clocked by adc_clk  {rise@0.000ns fall@4.000ns period=8.000ns})
  Path Group:             adc_clk
  Path Type:              Hold (Min at Fast Process Corner)
  Requirement:            0.000ns  (adc_clk rise@0.000ns - adc_clk rise@0.000ns)
  Data Path Delay:        0.355ns  (logic 0.265ns (74.718%)  route 0.090ns (25.282%))
  Logic Levels:           1  (CARRY4=1)
  Clock Path Skew:        0.000ns (DCD - SCD - CPR)
    Destination Clock Delay (DCD):    1.999ns
    Source Clock Delay      (SCD):    1.641ns
    Clock Pessimism Removal (CPR):    0.358ns

    Location             Delay type                Incr(ns)  Path(ns)    Netlist Resource(s)
  -------------------------------------------------------------------    -------------------
                         (clock adc_clk rise edge)    0.000     0.000 r  
    U18                                               0.000     0.000 r  adc_clk_p_i (IN)
                         net (fo=0)                   0.000     0.000    system_i/DataAcquisition/axis_red_pitaya_adc_0/inst/adc_clk_p
    U18                  IBUFDS (Prop_ibufds_I_O)     0.401     0.401 r  system_i/DataAcquisition/axis_red_pitaya_adc_0/inst/adc_clk_inst0/O
                         net (fo=1, routed)           0.627     1.029    system_i/DataAcquisition/axis_red_pitaya_adc_0/inst/int_clk0
    BUFGCTRL_X0Y1        BUFG (Prop_bufg_I_O)         0.027     1.056 r  system_i/DataAcquisition/axis_red_pitaya_adc_0/inst/adc_clk_inst/O
                         net (fo=204, routed)         0.586     1.641    system_i/FrequencyCounter/frequency_counter_0/inst/clk
    SLICE_X40Y32         FDRE                                         r  system_i/FrequencyCounter/frequency_counter_0/inst/clock_counter_reg[0]/C
  -------------------------------------------------------------------    -------------------
    SLICE_X40Y32         FDRE (Prop_fdre_C_Q)         0.141     1.782 r  system_i/FrequencyCounter/frequency_counter_0/inst/clock_counter_reg[0]/Q
                         net (fo=4, routed)           0.090     1.872    system_i/FrequencyCounter/frequency_counter_0/inst/clock_counter[0]
    SLICE_X40Y32         CARRY4 (Prop_carry4_DI[0]_O[1])
                                                      0.124     1.996 r  system_i/FrequencyCounter/frequency_counter_0/inst/clock_counter_reg[3]_i_1/O[1]
                         net (fo=1, routed)           0.000     1.996    system_i/FrequencyCounter/frequency_counter_0/inst/clock_counter_reg[3]_i_1_n_6
    SLICE_X40Y32         FDRE                                         r  system_i/FrequencyCounter/frequency_counter_0/inst/clock_counter_reg[1]/D
  -------------------------------------------------------------------    -------------------

                         (clock adc_clk rise edge)    0.000     0.000 r  
    U18                                               0.000     0.000 r  adc_clk_p_i (IN)
                         net (fo=0)                   0.000     0.000    system_i/DataAcquisition/axis_red_pitaya_adc_0/inst/adc_clk_p
    U18                  IBUFDS (Prop_ibufds_I_O)     0.433     0.433 r  system_i/DataAcquisition/axis_red_pitaya_adc_0/inst/adc_clk_inst0/O
                         net (fo=1, routed)           0.683     1.116    system_i/DataAcquisition/axis_red_pitaya_adc_0/inst/int_clk0
    BUFGCTRL_X0Y1        BUFG (Prop_bufg_I_O)         0.030     1.146 r  system_i/DataAcquisition/axis_red_pitaya_adc_0/inst/adc_clk_inst/O
                         net (fo=204, routed)         0.853     1.999    system_i/FrequencyCounter/frequency_counter_0/inst/clk
    SLICE_X40Y32         FDRE                                         r  system_i/FrequencyCounter/frequency_counter_0/inst/clock_counter_reg[1]/C
                         clock pessimism             -0.358     1.641    
    SLICE_X40Y32         FDRE (Hold_fdre_C_D)         0.105     1.746    system_i/FrequencyCounter/frequency_counter_0/inst/clock_counter_reg[1]
  -------------------------------------------------------------------
                         required time                         -1.746    
                         arrival time                           1.996    
  -------------------------------------------------------------------
                         slack                                  0.250    

Slack (MET) :             0.261ns  (arrival time - required time)
  Source:                 system_i/FrequencyCounter/frequency_counter_0/inst/counter1_output_reg[0]/C
                            (rising edge-triggered cell FDRE clocked by adc_clk  {rise@0.000ns fall@4.000ns period=8.000ns})
  Destination:            system_i/FrequencyCounter/frequency_counter_0/inst/counter1_output_reg[2]/D
                            (rising edge-triggered cell FDRE clocked by adc_clk  {rise@0.000ns fall@4.000ns period=8.000ns})
  Path Group:             adc_clk
  Path Type:              Hold (Min at Fast Process Corner)
  Requirement:            0.000ns  (adc_clk rise@0.000ns - adc_clk rise@0.000ns)
  Data Path Delay:        0.366ns  (logic 0.298ns (81.399%)  route 0.068ns (18.601%))
  Logic Levels:           1  (CARRY4=1)
  Clock Path Skew:        0.000ns (DCD - SCD - CPR)
    Destination Clock Delay (DCD):    1.992ns
    Source Clock Delay      (SCD):    1.635ns
    Clock Pessimism Removal (CPR):    0.357ns

    Location             Delay type                Incr(ns)  Path(ns)    Netlist Resource(s)
  -------------------------------------------------------------------    -------------------
                         (clock adc_clk rise edge)    0.000     0.000 r  
    U18                                               0.000     0.000 r  adc_clk_p_i (IN)
                         net (fo=0)                   0.000     0.000    system_i/DataAcquisition/axis_red_pitaya_adc_0/inst/adc_clk_p
    U18                  IBUFDS (Prop_ibufds_I_O)     0.401     0.401 r  system_i/DataAcquisition/axis_red_pitaya_adc_0/inst/adc_clk_inst0/O
                         net (fo=1, routed)           0.627     1.029    system_i/DataAcquisition/axis_red_pitaya_adc_0/inst/int_clk0
    BUFGCTRL_X0Y1        BUFG (Prop_bufg_I_O)         0.027     1.056 r  system_i/DataAcquisition/axis_red_pitaya_adc_0/inst/adc_clk_inst/O
                         net (fo=204, routed)         0.580     1.635    system_i/FrequencyCounter/frequency_counter_0/inst/clk
    SLICE_X37Y27         FDRE                                         r  system_i/FrequencyCounter/frequency_counter_0/inst/counter1_output_reg[0]/C
  -------------------------------------------------------------------    -------------------
    SLICE_X37Y27         FDRE (Prop_fdre_C_Q)         0.141     1.776 r  system_i/FrequencyCounter/frequency_counter_0/inst/counter1_output_reg[0]/Q
                         net (fo=4, routed)           0.068     1.844    system_i/FrequencyCounter/frequency_counter_0/inst/counter1_output[0]
    SLICE_X37Y27         CARRY4 (Prop_carry4_DI[0]_O[2])
                                                      0.157     2.001 r  system_i/FrequencyCounter/frequency_counter_0/inst/counter1_output_reg[3]_i_1/O[2]
                         net (fo=1, routed)           0.000     2.001    system_i/FrequencyCounter/frequency_counter_0/inst/counter1_output_reg[3]_i_1_n_5
    SLICE_X37Y27         FDRE                                         r  system_i/FrequencyCounter/frequency_counter_0/inst/counter1_output_reg[2]/D
  -------------------------------------------------------------------    -------------------

                         (clock adc_clk rise edge)    0.000     0.000 r  
    U18                                               0.000     0.000 r  adc_clk_p_i (IN)
                         net (fo=0)                   0.000     0.000    system_i/DataAcquisition/axis_red_pitaya_adc_0/inst/adc_clk_p
    U18                  IBUFDS (Prop_ibufds_I_O)     0.433     0.433 r  system_i/DataAcquisition/axis_red_pitaya_adc_0/inst/adc_clk_inst0/O
                         net (fo=1, routed)           0.683     1.116    system_i/DataAcquisition/axis_red_pitaya_adc_0/inst/int_clk0
    BUFGCTRL_X0Y1        BUFG (Prop_bufg_I_O)         0.030     1.146 r  system_i/DataAcquisition/axis_red_pitaya_adc_0/inst/adc_clk_inst/O
                         net (fo=204, routed)         0.846     1.992    system_i/FrequencyCounter/frequency_counter_0/inst/clk
    SLICE_X37Y27         FDRE                                         r  system_i/FrequencyCounter/frequency_counter_0/inst/counter1_output_reg[2]/C
                         clock pessimism             -0.357     1.635    
    SLICE_X37Y27         FDRE (Hold_fdre_C_D)         0.105     1.740    system_i/FrequencyCounter/frequency_counter_0/inst/counter1_output_reg[2]
  -------------------------------------------------------------------
                         required time                         -1.740    
                         arrival time                           2.001    
  -------------------------------------------------------------------
                         slack                                  0.261    

Slack (MET) :             0.262ns  (arrival time - required time)
  Source:                 system_i/FrequencyCounter/frequency_counter_0/inst/counter1_output_reg[27]/C
                            (rising edge-triggered cell FDRE clocked by adc_clk  {rise@0.000ns fall@4.000ns period=8.000ns})
  Destination:            system_i/FrequencyCounter/frequency_counter_0/inst/counter1_output_reg[27]/D
                            (rising edge-triggered cell FDRE clocked by adc_clk  {rise@0.000ns fall@4.000ns period=8.000ns})
  Path Group:             adc_clk
  Path Type:              Hold (Min at Fast Process Corner)
  Requirement:            0.000ns  (adc_clk rise@0.000ns - adc_clk rise@0.000ns)
  Data Path Delay:        0.367ns  (logic 0.249ns (67.838%)  route 0.118ns (32.162%))
  Logic Levels:           1  (CARRY4=1)
  Clock Path Skew:        0.000ns (DCD - SCD - CPR)
    Destination Clock Delay (DCD):    1.998ns
    Source Clock Delay      (SCD):    1.640ns
    Clock Pessimism Removal (CPR):    0.358ns

    Location             Delay type                Incr(ns)  Path(ns)    Netlist Resource(s)
  -------------------------------------------------------------------    -------------------
                         (clock adc_clk rise edge)    0.000     0.000 r  
    U18                                               0.000     0.000 r  adc_clk_p_i (IN)
                         net (fo=0)                   0.000     0.000    system_i/DataAcquisition/axis_red_pitaya_adc_0/inst/adc_clk_p
    U18                  IBUFDS (Prop_ibufds_I_O)     0.401     0.401 r  system_i/DataAcquisition/axis_red_pitaya_adc_0/inst/adc_clk_inst0/O
                         net (fo=1, routed)           0.627     1.029    system_i/DataAcquisition/axis_red_pitaya_adc_0/inst/int_clk0
    BUFGCTRL_X0Y1        BUFG (Prop_bufg_I_O)         0.027     1.056 r  system_i/DataAcquisition/axis_red_pitaya_adc_0/inst/adc_clk_inst/O
                         net (fo=204, routed)         0.585     1.640    system_i/FrequencyCounter/frequency_counter_0/inst/clk
    SLICE_X37Y33         FDRE                                         r  system_i/FrequencyCounter/frequency_counter_0/inst/counter1_output_reg[27]/C
  -------------------------------------------------------------------    -------------------
    SLICE_X37Y33         FDRE (Prop_fdre_C_Q)         0.141     1.781 r  system_i/FrequencyCounter/frequency_counter_0/inst/counter1_output_reg[27]/Q
                         net (fo=2, routed)           0.118     1.899    system_i/FrequencyCounter/frequency_counter_0/inst/counter1_output[27]
    SLICE_X37Y33         CARRY4 (Prop_carry4_S[3]_O[3])
                                                      0.108     2.007 r  system_i/FrequencyCounter/frequency_counter_0/inst/counter1_output_reg[27]_i_1/O[3]
                         net (fo=1, routed)           0.000     2.007    system_i/FrequencyCounter/frequency_counter_0/inst/counter1_output_reg[27]_i_1_n_4
    SLICE_X37Y33         FDRE                                         r  system_i/FrequencyCounter/frequency_counter_0/inst/counter1_output_reg[27]/D
  -------------------------------------------------------------------    -------------------

                         (clock adc_clk rise edge)    0.000     0.000 r  
    U18                                               0.000     0.000 r  adc_clk_p_i (IN)
                         net (fo=0)                   0.000     0.000    system_i/DataAcquisition/axis_red_pitaya_adc_0/inst/adc_clk_p
    U18                  IBUFDS (Prop_ibufds_I_O)     0.433     0.433 r  system_i/DataAcquisition/axis_red_pitaya_adc_0/inst/adc_clk_inst0/O
                         net (fo=1, routed)           0.683     1.116    system_i/DataAcquisition/axis_red_pitaya_adc_0/inst/int_clk0
    BUFGCTRL_X0Y1        BUFG (Prop_bufg_I_O)         0.030     1.146 r  system_i/DataAcquisition/axis_red_pitaya_adc_0/inst/adc_clk_inst/O
                         net (fo=204, routed)         0.852     1.998    system_i/FrequencyCounter/frequency_counter_0/inst/clk
    SLICE_X37Y33         FDRE                                         r  system_i/FrequencyCounter/frequency_counter_0/inst/counter1_output_reg[27]/C
                         clock pessimism             -0.358     1.640    
    SLICE_X37Y33         FDRE (Hold_fdre_C_D)         0.105     1.745    system_i/FrequencyCounter/frequency_counter_0/inst/counter1_output_reg[27]
  -------------------------------------------------------------------
                         required time                         -1.745    
                         arrival time                           2.007    
  -------------------------------------------------------------------
                         slack                                  0.262    

Slack (MET) :             0.262ns  (arrival time - required time)
  Source:                 system_i/FrequencyCounter/frequency_counter_0/inst/counter1_output_reg[3]/C
                            (rising edge-triggered cell FDRE clocked by adc_clk  {rise@0.000ns fall@4.000ns period=8.000ns})
  Destination:            system_i/FrequencyCounter/frequency_counter_0/inst/counter1_output_reg[3]/D
                            (rising edge-triggered cell FDRE clocked by adc_clk  {rise@0.000ns fall@4.000ns period=8.000ns})
  Path Group:             adc_clk
  Path Type:              Hold (Min at Fast Process Corner)
  Requirement:            0.000ns  (adc_clk rise@0.000ns - adc_clk rise@0.000ns)
  Data Path Delay:        0.367ns  (logic 0.249ns (67.838%)  route 0.118ns (32.162%))
  Logic Levels:           1  (CARRY4=1)
  Clock Path Skew:        0.000ns (DCD - SCD - CPR)
    Destination Clock Delay (DCD):    1.992ns
    Source Clock Delay      (SCD):    1.635ns
    Clock Pessimism Removal (CPR):    0.357ns

    Location             Delay type                Incr(ns)  Path(ns)    Netlist Resource(s)
  -------------------------------------------------------------------    -------------------
                         (clock adc_clk rise edge)    0.000     0.000 r  
    U18                                               0.000     0.000 r  adc_clk_p_i (IN)
                         net (fo=0)                   0.000     0.000    system_i/DataAcquisition/axis_red_pitaya_adc_0/inst/adc_clk_p
    U18                  IBUFDS (Prop_ibufds_I_O)     0.401     0.401 r  system_i/DataAcquisition/axis_red_pitaya_adc_0/inst/adc_clk_inst0/O
                         net (fo=1, routed)           0.627     1.029    system_i/DataAcquisition/axis_red_pitaya_adc_0/inst/int_clk0
    BUFGCTRL_X0Y1        BUFG (Prop_bufg_I_O)         0.027     1.056 r  system_i/DataAcquisition/axis_red_pitaya_adc_0/inst/adc_clk_inst/O
                         net (fo=204, routed)         0.580     1.635    system_i/FrequencyCounter/frequency_counter_0/inst/clk
    SLICE_X37Y27         FDRE                                         r  system_i/FrequencyCounter/frequency_counter_0/inst/counter1_output_reg[3]/C
  -------------------------------------------------------------------    -------------------
    SLICE_X37Y27         FDRE (Prop_fdre_C_Q)         0.141     1.776 r  system_i/FrequencyCounter/frequency_counter_0/inst/counter1_output_reg[3]/Q
                         net (fo=2, routed)           0.118     1.894    system_i/FrequencyCounter/frequency_counter_0/inst/counter1_output[3]
    SLICE_X37Y27         CARRY4 (Prop_carry4_S[3]_O[3])
                                                      0.108     2.002 r  system_i/FrequencyCounter/frequency_counter_0/inst/counter1_output_reg[3]_i_1/O[3]
                         net (fo=1, routed)           0.000     2.002    system_i/FrequencyCounter/frequency_counter_0/inst/counter1_output_reg[3]_i_1_n_4
    SLICE_X37Y27         FDRE                                         r  system_i/FrequencyCounter/frequency_counter_0/inst/counter1_output_reg[3]/D
  -------------------------------------------------------------------    -------------------

                         (clock adc_clk rise edge)    0.000     0.000 r  
    U18                                               0.000     0.000 r  adc_clk_p_i (IN)
                         net (fo=0)                   0.000     0.000    system_i/DataAcquisition/axis_red_pitaya_adc_0/inst/adc_clk_p
    U18                  IBUFDS (Prop_ibufds_I_O)     0.433     0.433 r  system_i/DataAcquisition/axis_red_pitaya_adc_0/inst/adc_clk_inst0/O
                         net (fo=1, routed)           0.683     1.116    system_i/DataAcquisition/axis_red_pitaya_adc_0/inst/int_clk0
    BUFGCTRL_X0Y1        BUFG (Prop_bufg_I_O)         0.030     1.146 r  system_i/DataAcquisition/axis_red_pitaya_adc_0/inst/adc_clk_inst/O
                         net (fo=204, routed)         0.846     1.992    system_i/FrequencyCounter/frequency_counter_0/inst/clk
    SLICE_X37Y27         FDRE                                         r  system_i/FrequencyCounter/frequency_counter_0/inst/counter1_output_reg[3]/C
                         clock pessimism             -0.357     1.635    
    SLICE_X37Y27         FDRE (Hold_fdre_C_D)         0.105     1.740    system_i/FrequencyCounter/frequency_counter_0/inst/counter1_output_reg[3]
  -------------------------------------------------------------------
                         required time                         -1.740    
                         arrival time                           2.002    
  -------------------------------------------------------------------
                         slack                                  0.262    

Slack (MET) :             0.268ns  (arrival time - required time)
  Source:                 system_i/FrequencyCounter/frequency_counter_0/inst/counter1_output_reg[24]/C
                            (rising edge-triggered cell FDRE clocked by adc_clk  {rise@0.000ns fall@4.000ns period=8.000ns})
  Destination:            system_i/FrequencyCounter/frequency_counter_0/inst/counter1_output_reg[24]/D
                            (rising edge-triggered cell FDRE clocked by adc_clk  {rise@0.000ns fall@4.000ns period=8.000ns})
  Path Group:             adc_clk
  Path Type:              Hold (Min at Fast Process Corner)
  Requirement:            0.000ns  (adc_clk rise@0.000ns - adc_clk rise@0.000ns)
  Data Path Delay:        0.373ns  (logic 0.256ns (68.576%)  route 0.117ns (31.424%))
  Logic Levels:           1  (CARRY4=1)
  Clock Path Skew:        0.000ns (DCD - SCD - CPR)
    Destination Clock Delay (DCD):    1.998ns
    Source Clock Delay      (SCD):    1.640ns
    Clock Pessimism Removal (CPR):    0.358ns

    Location             Delay type                Incr(ns)  Path(ns)    Netlist Resource(s)
  -------------------------------------------------------------------    -------------------
                         (clock adc_clk rise edge)    0.000     0.000 r  
    U18                                               0.000     0.000 r  adc_clk_p_i (IN)
                         net (fo=0)                   0.000     0.000    system_i/DataAcquisition/axis_red_pitaya_adc_0/inst/adc_clk_p
    U18                  IBUFDS (Prop_ibufds_I_O)     0.401     0.401 r  system_i/DataAcquisition/axis_red_pitaya_adc_0/inst/adc_clk_inst0/O
                         net (fo=1, routed)           0.627     1.029    system_i/DataAcquisition/axis_red_pitaya_adc_0/inst/int_clk0
    BUFGCTRL_X0Y1        BUFG (Prop_bufg_I_O)         0.027     1.056 r  system_i/DataAcquisition/axis_red_pitaya_adc_0/inst/adc_clk_inst/O
                         net (fo=204, routed)         0.585     1.640    system_i/FrequencyCounter/frequency_counter_0/inst/clk
    SLICE_X37Y33         FDRE                                         r  system_i/FrequencyCounter/frequency_counter_0/inst/counter1_output_reg[24]/C
  -------------------------------------------------------------------    -------------------
    SLICE_X37Y33         FDRE (Prop_fdre_C_Q)         0.141     1.781 r  system_i/FrequencyCounter/frequency_counter_0/inst/counter1_output_reg[24]/Q
                         net (fo=2, routed)           0.117     1.898    system_i/FrequencyCounter/frequency_counter_0/inst/counter1_output[24]
    SLICE_X37Y33         CARRY4 (Prop_carry4_S[0]_O[0])
                                                      0.115     2.013 r  system_i/FrequencyCounter/frequency_counter_0/inst/counter1_output_reg[27]_i_1/O[0]
                         net (fo=1, routed)           0.000     2.013    system_i/FrequencyCounter/frequency_counter_0/inst/counter1_output_reg[27]_i_1_n_7
    SLICE_X37Y33         FDRE                                         r  system_i/FrequencyCounter/frequency_counter_0/inst/counter1_output_reg[24]/D
  -------------------------------------------------------------------    -------------------

                         (clock adc_clk rise edge)    0.000     0.000 r  
    U18                                               0.000     0.000 r  adc_clk_p_i (IN)
                         net (fo=0)                   0.000     0.000    system_i/DataAcquisition/axis_red_pitaya_adc_0/inst/adc_clk_p
    U18                  IBUFDS (Prop_ibufds_I_O)     0.433     0.433 r  system_i/DataAcquisition/axis_red_pitaya_adc_0/inst/adc_clk_inst0/O
                         net (fo=1, routed)           0.683     1.116    system_i/DataAcquisition/axis_red_pitaya_adc_0/inst/int_clk0
    BUFGCTRL_X0Y1        BUFG (Prop_bufg_I_O)         0.030     1.146 r  system_i/DataAcquisition/axis_red_pitaya_adc_0/inst/adc_clk_inst/O
                         net (fo=204, routed)         0.852     1.998    system_i/FrequencyCounter/frequency_counter_0/inst/clk
    SLICE_X37Y33         FDRE                                         r  system_i/FrequencyCounter/frequency_counter_0/inst/counter1_output_reg[24]/C
                         clock pessimism             -0.358     1.640    
    SLICE_X37Y33         FDRE (Hold_fdre_C_D)         0.105     1.745    system_i/FrequencyCounter/frequency_counter_0/inst/counter1_output_reg[24]
  -------------------------------------------------------------------
                         required time                         -1.745    
                         arrival time                           2.013    
  -------------------------------------------------------------------
                         slack                                  0.268    

Slack (MET) :             0.269ns  (arrival time - required time)
  Source:                 system_i/FrequencyCounter/frequency_counter_0/inst/counter1_output_reg[26]/C
                            (rising edge-triggered cell FDRE clocked by adc_clk  {rise@0.000ns fall@4.000ns period=8.000ns})
  Destination:            system_i/FrequencyCounter/frequency_counter_0/inst/counter1_output_reg[26]/D
                            (rising edge-triggered cell FDRE clocked by adc_clk  {rise@0.000ns fall@4.000ns period=8.000ns})
  Path Group:             adc_clk
  Path Type:              Hold (Min at Fast Process Corner)
  Requirement:            0.000ns  (adc_clk rise@0.000ns - adc_clk rise@0.000ns)
  Data Path Delay:        0.374ns  (logic 0.252ns (67.467%)  route 0.122ns (32.533%))
  Logic Levels:           1  (CARRY4=1)
  Clock Path Skew:        0.000ns (DCD - SCD - CPR)
    Destination Clock Delay (DCD):    1.998ns
    Source Clock Delay      (SCD):    1.640ns
    Clock Pessimism Removal (CPR):    0.358ns

    Location             Delay type                Incr(ns)  Path(ns)    Netlist Resource(s)
  -------------------------------------------------------------------    -------------------
                         (clock adc_clk rise edge)    0.000     0.000 r  
    U18                                               0.000     0.000 r  adc_clk_p_i (IN)
                         net (fo=0)                   0.000     0.000    system_i/DataAcquisition/axis_red_pitaya_adc_0/inst/adc_clk_p
    U18                  IBUFDS (Prop_ibufds_I_O)     0.401     0.401 r  system_i/DataAcquisition/axis_red_pitaya_adc_0/inst/adc_clk_inst0/O
                         net (fo=1, routed)           0.627     1.029    system_i/DataAcquisition/axis_red_pitaya_adc_0/inst/int_clk0
    BUFGCTRL_X0Y1        BUFG (Prop_bufg_I_O)         0.027     1.056 r  system_i/DataAcquisition/axis_red_pitaya_adc_0/inst/adc_clk_inst/O
                         net (fo=204, routed)         0.585     1.640    system_i/FrequencyCounter/frequency_counter_0/inst/clk
    SLICE_X37Y33         FDRE                                         r  system_i/FrequencyCounter/frequency_counter_0/inst/counter1_output_reg[26]/C
  -------------------------------------------------------------------    -------------------
    SLICE_X37Y33         FDRE (Prop_fdre_C_Q)         0.141     1.781 r  system_i/FrequencyCounter/frequency_counter_0/inst/counter1_output_reg[26]/Q
                         net (fo=2, routed)           0.122     1.903    system_i/FrequencyCounter/frequency_counter_0/inst/counter1_output[26]
    SLICE_X37Y33         CARRY4 (Prop_carry4_S[2]_O[2])
                                                      0.111     2.014 r  system_i/FrequencyCounter/frequency_counter_0/inst/counter1_output_reg[27]_i_1/O[2]
                         net (fo=1, routed)           0.000     2.014    system_i/FrequencyCounter/frequency_counter_0/inst/counter1_output_reg[27]_i_1_n_5
    SLICE_X37Y33         FDRE                                         r  system_i/FrequencyCounter/frequency_counter_0/inst/counter1_output_reg[26]/D
  -------------------------------------------------------------------    -------------------

                         (clock adc_clk rise edge)    0.000     0.000 r  
    U18                                               0.000     0.000 r  adc_clk_p_i (IN)
                         net (fo=0)                   0.000     0.000    system_i/DataAcquisition/axis_red_pitaya_adc_0/inst/adc_clk_p
    U18                  IBUFDS (Prop_ibufds_I_O)     0.433     0.433 r  system_i/DataAcquisition/axis_red_pitaya_adc_0/inst/adc_clk_inst0/O
                         net (fo=1, routed)           0.683     1.116    system_i/DataAcquisition/axis_red_pitaya_adc_0/inst/int_clk0
    BUFGCTRL_X0Y1        BUFG (Prop_bufg_I_O)         0.030     1.146 r  system_i/DataAcquisition/axis_red_pitaya_adc_0/inst/adc_clk_inst/O
                         net (fo=204, routed)         0.852     1.998    system_i/FrequencyCounter/frequency_counter_0/inst/clk
    SLICE_X37Y33         FDRE                                         r  system_i/FrequencyCounter/frequency_counter_0/inst/counter1_output_reg[26]/C
                         clock pessimism             -0.358     1.640    
    SLICE_X37Y33         FDRE (Hold_fdre_C_D)         0.105     1.745    system_i/FrequencyCounter/frequency_counter_0/inst/counter1_output_reg[26]
  -------------------------------------------------------------------
                         required time                         -1.745    
                         arrival time                           2.014    
  -------------------------------------------------------------------
                         slack                                  0.269    

Slack (MET) :             0.274ns  (arrival time - required time)
  Source:                 system_i/FrequencyCounter/frequency_counter_0/inst/state_2_reg/C
                            (rising edge-triggered cell FDRE clocked by adc_clk  {rise@0.000ns fall@4.000ns period=8.000ns})
  Destination:            system_i/FrequencyCounter/frequency_counter_0/inst/state_2_reg/D
                            (rising edge-triggered cell FDRE clocked by adc_clk  {rise@0.000ns fall@4.000ns period=8.000ns})
  Path Group:             adc_clk
  Path Type:              Hold (Min at Fast Process Corner)
  Requirement:            0.000ns  (adc_clk rise@0.000ns - adc_clk rise@0.000ns)
  Data Path Delay:        0.365ns  (logic 0.186ns (50.902%)  route 0.179ns (49.098%))
  Logic Levels:           1  (LUT3=1)
  Clock Path Skew:        0.000ns (DCD - SCD - CPR)
    Destination Clock Delay (DCD):    1.992ns
    Source Clock Delay      (SCD):    1.635ns
    Clock Pessimism Removal (CPR):    0.357ns

    Location             Delay type                Incr(ns)  Path(ns)    Netlist Resource(s)
  -------------------------------------------------------------------    -------------------
                         (clock adc_clk rise edge)    0.000     0.000 r  
    U18                                               0.000     0.000 r  adc_clk_p_i (IN)
                         net (fo=0)                   0.000     0.000    system_i/DataAcquisition/axis_red_pitaya_adc_0/inst/adc_clk_p
    U18                  IBUFDS (Prop_ibufds_I_O)     0.401     0.401 r  system_i/DataAcquisition/axis_red_pitaya_adc_0/inst/adc_clk_inst0/O
                         net (fo=1, routed)           0.627     1.029    system_i/DataAcquisition/axis_red_pitaya_adc_0/inst/int_clk0
    BUFGCTRL_X0Y1        BUFG (Prop_bufg_I_O)         0.027     1.056 r  system_i/DataAcquisition/axis_red_pitaya_adc_0/inst/adc_clk_inst/O
                         net (fo=204, routed)         0.580     1.635    system_i/FrequencyCounter/frequency_counter_0/inst/clk
    SLICE_X41Y23         FDRE                                         r  system_i/FrequencyCounter/frequency_counter_0/inst/state_2_reg/C
  -------------------------------------------------------------------    -------------------
    SLICE_X41Y23         FDRE (Prop_fdre_C_Q)         0.141     1.776 r  system_i/FrequencyCounter/frequency_counter_0/inst/state_2_reg/Q
                         net (fo=4, routed)           0.179     1.956    system_i/FrequencyCounter/frequency_counter_0/inst/state_2
    SLICE_X41Y23         LUT3 (Prop_lut3_I1_O)        0.045     2.001 r  system_i/FrequencyCounter/frequency_counter_0/inst/state_2_i_1/O
                         net (fo=1, routed)           0.000     2.001    system_i/FrequencyCounter/frequency_counter_0/inst/state_next_2
    SLICE_X41Y23         FDRE                                         r  system_i/FrequencyCounter/frequency_counter_0/inst/state_2_reg/D
  -------------------------------------------------------------------    -------------------

                         (clock adc_clk rise edge)    0.000     0.000 r  
    U18                                               0.000     0.000 r  adc_clk_p_i (IN)
                         net (fo=0)                   0.000     0.000    system_i/DataAcquisition/axis_red_pitaya_adc_0/inst/adc_clk_p
    U18                  IBUFDS (Prop_ibufds_I_O)     0.433     0.433 r  system_i/DataAcquisition/axis_red_pitaya_adc_0/inst/adc_clk_inst0/O
                         net (fo=1, routed)           0.683     1.116    system_i/DataAcquisition/axis_red_pitaya_adc_0/inst/int_clk0
    BUFGCTRL_X0Y1        BUFG (Prop_bufg_I_O)         0.030     1.146 r  system_i/DataAcquisition/axis_red_pitaya_adc_0/inst/adc_clk_inst/O
                         net (fo=204, routed)         0.846     1.992    system_i/FrequencyCounter/frequency_counter_0/inst/clk
    SLICE_X41Y23         FDRE                                         r  system_i/FrequencyCounter/frequency_counter_0/inst/state_2_reg/C
                         clock pessimism             -0.357     1.635    
    SLICE_X41Y23         FDRE (Hold_fdre_C_D)         0.091     1.726    system_i/FrequencyCounter/frequency_counter_0/inst/state_2_reg
  -------------------------------------------------------------------
                         required time                         -1.726    
                         arrival time                           2.001    
  -------------------------------------------------------------------
                         slack                                  0.274    

Slack (MET) :             0.278ns  (arrival time - required time)
  Source:                 system_i/FrequencyCounter/frequency_counter_0/inst/pulse_reg[0]/C
                            (rising edge-triggered cell FDRE clocked by adc_clk  {rise@0.000ns fall@4.000ns period=8.000ns})
  Destination:            system_i/FrequencyCounter/frequency_counter_0/inst/pulse_reg[0]/D
                            (rising edge-triggered cell FDRE clocked by adc_clk  {rise@0.000ns fall@4.000ns period=8.000ns})
  Path Group:             adc_clk
  Path Type:              Hold (Min at Fast Process Corner)
  Requirement:            0.000ns  (adc_clk rise@0.000ns - adc_clk rise@0.000ns)
  Data Path Delay:        0.369ns  (logic 0.186ns (50.452%)  route 0.183ns (49.548%))
  Logic Levels:           1  (LUT3=1)
  Clock Path Skew:        0.000ns (DCD - SCD - CPR)
    Destination Clock Delay (DCD):    2.000ns
    Source Clock Delay      (SCD):    1.641ns
    Clock Pessimism Removal (CPR):    0.359ns

    Location             Delay type                Incr(ns)  Path(ns)    Netlist Resource(s)
  -------------------------------------------------------------------    -------------------
                         (clock adc_clk rise edge)    0.000     0.000 r  
    U18                                               0.000     0.000 r  adc_clk_p_i (IN)
                         net (fo=0)                   0.000     0.000    system_i/DataAcquisition/axis_red_pitaya_adc_0/inst/adc_clk_p
    U18                  IBUFDS (Prop_ibufds_I_O)     0.401     0.401 r  system_i/DataAcquisition/axis_red_pitaya_adc_0/inst/adc_clk_inst0/O
                         net (fo=1, routed)           0.627     1.029    system_i/DataAcquisition/axis_red_pitaya_adc_0/inst/int_clk0
    BUFGCTRL_X0Y1        BUFG (Prop_bufg_I_O)         0.027     1.056 r  system_i/DataAcquisition/axis_red_pitaya_adc_0/inst/adc_clk_inst/O
                         net (fo=204, routed)         0.586     1.641    system_i/FrequencyCounter/frequency_counter_0/inst/clk
    SLICE_X37Y36         FDRE                                         r  system_i/FrequencyCounter/frequency_counter_0/inst/pulse_reg[0]/C
  -------------------------------------------------------------------    -------------------
    SLICE_X37Y36         FDRE (Prop_fdre_C_Q)         0.141     1.782 r  system_i/FrequencyCounter/frequency_counter_0/inst/pulse_reg[0]/Q
                         net (fo=10, routed)          0.183     1.965    system_i/FrequencyCounter/frequency_counter_0/inst/pulse_reg[0]_0
    SLICE_X37Y36         LUT3 (Prop_lut3_I1_O)        0.045     2.010 r  system_i/FrequencyCounter/frequency_counter_0/inst/pulse[0]_i_1/O
                         net (fo=1, routed)           0.000     2.010    system_i/FrequencyCounter/frequency_counter_0/inst/pulse[0]_i_1_n_0
    SLICE_X37Y36         FDRE                                         r  system_i/FrequencyCounter/frequency_counter_0/inst/pulse_reg[0]/D
  -------------------------------------------------------------------    -------------------

                         (clock adc_clk rise edge)    0.000     0.000 r  
    U18                                               0.000     0.000 r  adc_clk_p_i (IN)
                         net (fo=0)                   0.000     0.000    system_i/DataAcquisition/axis_red_pitaya_adc_0/inst/adc_clk_p
    U18                  IBUFDS (Prop_ibufds_I_O)     0.433     0.433 r  system_i/DataAcquisition/axis_red_pitaya_adc_0/inst/adc_clk_inst0/O
                         net (fo=1, routed)           0.683     1.116    system_i/DataAcquisition/axis_red_pitaya_adc_0/inst/int_clk0
    BUFGCTRL_X0Y1        BUFG (Prop_bufg_I_O)         0.030     1.146 r  system_i/DataAcquisition/axis_red_pitaya_adc_0/inst/adc_clk_inst/O
                         net (fo=204, routed)         0.854     2.000    system_i/FrequencyCounter/frequency_counter_0/inst/clk
    SLICE_X37Y36         FDRE                                         r  system_i/FrequencyCounter/frequency_counter_0/inst/pulse_reg[0]/C
                         clock pessimism             -0.359     1.641    
    SLICE_X37Y36         FDRE (Hold_fdre_C_D)         0.091     1.732    system_i/FrequencyCounter/frequency_counter_0/inst/pulse_reg[0]
  -------------------------------------------------------------------
                         required time                         -1.732    
                         arrival time                           2.010    
  -------------------------------------------------------------------
                         slack                                  0.278    

Slack (MET) :             0.281ns  (arrival time - required time)
  Source:                 system_i/FrequencyCounter/frequency_counter_0/inst/counter2_output_reg[6]/C
                            (rising edge-triggered cell FDRE clocked by adc_clk  {rise@0.000ns fall@4.000ns period=8.000ns})
  Destination:            system_i/FrequencyCounter/frequency_counter_0/inst/counter2_output_reg[6]/D
                            (rising edge-triggered cell FDRE clocked by adc_clk  {rise@0.000ns fall@4.000ns period=8.000ns})
  Path Group:             adc_clk
  Path Type:              Hold (Min at Fast Process Corner)
  Requirement:            0.000ns  (adc_clk rise@0.000ns - adc_clk rise@0.000ns)
  Data Path Delay:        0.386ns  (logic 0.252ns (65.354%)  route 0.134ns (34.646%))
  Logic Levels:           1  (CARRY4=1)
  Clock Path Skew:        0.000ns (DCD - SCD - CPR)
    Destination Clock Delay (DCD):    1.989ns
    Source Clock Delay      (SCD):    1.632ns
    Clock Pessimism Removal (CPR):    0.357ns

    Location             Delay type                Incr(ns)  Path(ns)    Netlist Resource(s)
  -------------------------------------------------------------------    -------------------
                         (clock adc_clk rise edge)    0.000     0.000 r  
    U18                                               0.000     0.000 r  adc_clk_p_i (IN)
                         net (fo=0)                   0.000     0.000    system_i/DataAcquisition/axis_red_pitaya_adc_0/inst/adc_clk_p
    U18                  IBUFDS (Prop_ibufds_I_O)     0.401     0.401 r  system_i/DataAcquisition/axis_red_pitaya_adc_0/inst/adc_clk_inst0/O
                         net (fo=1, routed)           0.627     1.029    system_i/DataAcquisition/axis_red_pitaya_adc_0/inst/int_clk0
    BUFGCTRL_X0Y1        BUFG (Prop_bufg_I_O)         0.027     1.056 r  system_i/DataAcquisition/axis_red_pitaya_adc_0/inst/adc_clk_inst/O
                         net (fo=204, routed)         0.577     1.632    system_i/FrequencyCounter/frequency_counter_0/inst/clk
    SLICE_X36Y24         FDRE                                         r  system_i/FrequencyCounter/frequency_counter_0/inst/counter2_output_reg[6]/C
  -------------------------------------------------------------------    -------------------
    SLICE_X36Y24         FDRE (Prop_fdre_C_Q)         0.141     1.773 r  system_i/FrequencyCounter/frequency_counter_0/inst/counter2_output_reg[6]/Q
                         net (fo=2, routed)           0.134     1.907    system_i/FrequencyCounter/frequency_counter_0/inst/counter2_output[6]
    SLICE_X36Y24         CARRY4 (Prop_carry4_S[2]_O[2])
                                                      0.111     2.018 r  system_i/FrequencyCounter/frequency_counter_0/inst/counter2_output_reg[7]_i_1/O[2]
                         net (fo=1, routed)           0.000     2.018    system_i/FrequencyCounter/frequency_counter_0/inst/counter2_output_reg[7]_i_1_n_5
    SLICE_X36Y24         FDRE                                         r  system_i/FrequencyCounter/frequency_counter_0/inst/counter2_output_reg[6]/D
  -------------------------------------------------------------------    -------------------

                         (clock adc_clk rise edge)    0.000     0.000 r  
    U18                                               0.000     0.000 r  adc_clk_p_i (IN)
                         net (fo=0)                   0.000     0.000    system_i/DataAcquisition/axis_red_pitaya_adc_0/inst/adc_clk_p
    U18                  IBUFDS (Prop_ibufds_I_O)     0.433     0.433 r  system_i/DataAcquisition/axis_red_pitaya_adc_0/inst/adc_clk_inst0/O
                         net (fo=1, routed)           0.683     1.116    system_i/DataAcquisition/axis_red_pitaya_adc_0/inst/int_clk0
    BUFGCTRL_X0Y1        BUFG (Prop_bufg_I_O)         0.030     1.146 r  system_i/DataAcquisition/axis_red_pitaya_adc_0/inst/adc_clk_inst/O
                         net (fo=204, routed)         0.843     1.989    system_i/FrequencyCounter/frequency_counter_0/inst/clk
    SLICE_X36Y24         FDRE                                         r  system_i/FrequencyCounter/frequency_counter_0/inst/counter2_output_reg[6]/C
                         clock pessimism             -0.357     1.632    
    SLICE_X36Y24         FDRE (Hold_fdre_C_D)         0.105     1.737    system_i/FrequencyCounter/frequency_counter_0/inst/counter2_output_reg[6]
  -------------------------------------------------------------------
                         required time                         -1.737    
                         arrival time                           2.018    
  -------------------------------------------------------------------
                         slack                                  0.281    





Pulse Width Checks
--------------------------------------------------------------------------------------
Clock Name:         adc_clk
Waveform(ns):       { 0.000 4.000 }
Period(ns):         8.000
Sources:            { adc_clk_p_i }

Check Type        Corner  Lib Pin  Reference Pin  Required(ns)  Actual(ns)  Slack(ns)  Location       Pin
Min Period        n/a     BUFG/I   n/a            2.155         8.000       5.845      BUFGCTRL_X0Y1  system_i/DataAcquisition/axis_red_pitaya_adc_0/inst/adc_clk_inst/I
Min Period        n/a     FDRE/C   n/a            1.474         8.000       6.526      ILOGIC_X0Y18   system_i/DataAcquisition/axis_red_pitaya_adc_0/inst/int_dat_b_reg_reg[8]/C
Min Period        n/a     FDRE/C   n/a            1.474         8.000       6.526      ILOGIC_X0Y17   system_i/DataAcquisition/axis_red_pitaya_adc_0/inst/int_dat_b_reg_reg[9]/C
Min Period        n/a     FDRE/C   n/a            1.474         8.000       6.526      ILOGIC_X0Y35   system_i/DataAcquisition/axis_red_pitaya_adc_0/inst/int_dat_a_reg_reg[0]/C
Min Period        n/a     FDRE/C   n/a            1.474         8.000       6.526      ILOGIC_X0Y39   system_i/DataAcquisition/axis_red_pitaya_adc_0/inst/int_dat_a_reg_reg[10]/C
Min Period        n/a     FDRE/C   n/a            1.474         8.000       6.526      ILOGIC_X0Y30   system_i/DataAcquisition/axis_red_pitaya_adc_0/inst/int_dat_a_reg_reg[11]/C
Min Period        n/a     FDRE/C   n/a            1.474         8.000       6.526      ILOGIC_X0Y32   system_i/DataAcquisition/axis_red_pitaya_adc_0/inst/int_dat_a_reg_reg[12]/C
Min Period        n/a     FDRE/C   n/a            1.474         8.000       6.526      ILOGIC_X0Y14   system_i/DataAcquisition/axis_red_pitaya_adc_0/inst/int_dat_a_reg_reg[13]/C
Min Period        n/a     FDRE/C   n/a            1.474         8.000       6.526      ILOGIC_X0Y13   system_i/DataAcquisition/axis_red_pitaya_adc_0/inst/int_dat_a_reg_reg[1]/C
Min Period        n/a     FDRE/C   n/a            1.474         8.000       6.526      ILOGIC_X0Y36   system_i/DataAcquisition/axis_red_pitaya_adc_0/inst/int_dat_a_reg_reg[2]/C
Low Pulse Width   Fast    FDRE/C   n/a            0.500         4.000       3.500      SLICE_X40Y34   system_i/FrequencyCounter/frequency_counter_0/inst/clock_counter_reg[10]/C
Low Pulse Width   Fast    FDRE/C   n/a            0.500         4.000       3.500      SLICE_X40Y34   system_i/FrequencyCounter/frequency_counter_0/inst/clock_counter_reg[11]/C
Low Pulse Width   Fast    FDRE/C   n/a            0.500         4.000       3.500      SLICE_X40Y35   system_i/FrequencyCounter/frequency_counter_0/inst/clock_counter_reg[12]/C
Low Pulse Width   Fast    FDRE/C   n/a            0.500         4.000       3.500      SLICE_X40Y35   system_i/FrequencyCounter/frequency_counter_0/inst/clock_counter_reg[13]/C
Low Pulse Width   Fast    FDRE/C   n/a            0.500         4.000       3.500      SLICE_X40Y35   system_i/FrequencyCounter/frequency_counter_0/inst/clock_counter_reg[14]/C
Low Pulse Width   Fast    FDRE/C   n/a            0.500         4.000       3.500      SLICE_X40Y35   system_i/FrequencyCounter/frequency_counter_0/inst/clock_counter_reg[15]/C
Low Pulse Width   Slow    FDRE/C   n/a            0.500         4.000       3.500      SLICE_X43Y58   system_i/signal_gen/axis_red_pitaya_dac_0/inst/int_rst_reg_reg/C
Low Pulse Width   Fast    FDRE/C   n/a            0.500         4.000       3.500      SLICE_X40Y36   system_i/FrequencyCounter/frequency_counter_0/inst/clock_counter_reg[16]/C
Low Pulse Width   Fast    FDRE/C   n/a            0.500         4.000       3.500      SLICE_X40Y36   system_i/FrequencyCounter/frequency_counter_0/inst/clock_counter_reg[17]/C
Low Pulse Width   Fast    FDRE/C   n/a            0.500         4.000       3.500      SLICE_X40Y36   system_i/FrequencyCounter/frequency_counter_0/inst/clock_counter_reg[18]/C
High Pulse Width  Slow    FDRE/C   n/a            0.500         4.000       3.500      SLICE_X36Y24   system_i/FrequencyCounter/frequency_counter_0/inst/counter2_output_reg[5]/C
High Pulse Width  Slow    FDRE/C   n/a            0.500         4.000       3.500      SLICE_X36Y24   system_i/FrequencyCounter/frequency_counter_0/inst/counter2_output_reg[6]/C
High Pulse Width  Slow    FDRE/C   n/a            0.500         4.000       3.500      SLICE_X36Y24   system_i/FrequencyCounter/frequency_counter_0/inst/counter2_output_reg[7]/C
High Pulse Width  Slow    FDRE/C   n/a            0.500         4.000       3.500      SLICE_X40Y32   system_i/FrequencyCounter/frequency_counter_0/inst/clock_counter_reg[0]/C
High Pulse Width  Slow    FDRE/C   n/a            0.500         4.000       3.500      SLICE_X40Y34   system_i/FrequencyCounter/frequency_counter_0/inst/clock_counter_reg[10]/C
High Pulse Width  Slow    FDRE/C   n/a            0.500         4.000       3.500      SLICE_X40Y34   system_i/FrequencyCounter/frequency_counter_0/inst/clock_counter_reg[11]/C
High Pulse Width  Fast    FDRE/C   n/a            0.500         4.000       3.500      SLICE_X36Y29   system_i/FrequencyCounter/frequency_counter_0/inst/counter2_output_reg[2]/C
High Pulse Width  Fast    FDRE/C   n/a            0.500         4.000       3.500      SLICE_X36Y24   system_i/FrequencyCounter/frequency_counter_0/inst/counter2_output_reg[5]/C
High Pulse Width  Fast    FDRE/C   n/a            0.500         4.000       3.500      SLICE_X36Y24   system_i/FrequencyCounter/frequency_counter_0/inst/counter2_output_reg[6]/C
High Pulse Width  Fast    FDRE/C   n/a            0.500         4.000       3.500      SLICE_X36Y24   system_i/FrequencyCounter/frequency_counter_0/inst/counter2_output_reg[7]/C



---------------------------------------------------------------------------------------------------
From Clock:  clk_fpga_0
  To Clock:  clk_fpga_0

Setup :            0  Failing Endpoints,  Worst Slack        0.387ns,  Total Violation        0.000ns
Hold  :            0  Failing Endpoints,  Worst Slack        0.030ns,  Total Violation        0.000ns
PW    :            0  Failing Endpoints,  Worst Slack        3.020ns,  Total Violation        0.000ns
---------------------------------------------------------------------------------------------------


Max Delay Paths
--------------------------------------------------------------------------------------
Slack (MET) :             0.387ns  (required time - arrival time)
  Source:                 system_i/PS7/processing_system7_0/inst/PS7_i/MAXIGP0ACLK
                            (rising edge-triggered cell PS7 clocked by clk_fpga_0  {rise@0.000ns fall@4.000ns period=8.000ns})
  Destination:            system_i/PS7/ps7_0_axi_periph/xbar/inst/gen_samd.crossbar_samd/gen_slave_slots[0].gen_si_read.si_transactor_ar/gen_multi_thread.active_cnt_reg[32]/CE
                            (rising edge-triggered cell FDRE clocked by clk_fpga_0  {rise@0.000ns fall@4.000ns period=8.000ns})
  Path Group:             clk_fpga_0
  Path Type:              Setup (Max at Slow Process Corner)
  Requirement:            8.000ns  (clk_fpga_0 rise@8.000ns - clk_fpga_0 rise@0.000ns)
  Data Path Delay:        7.177ns  (logic 2.603ns (36.268%)  route 4.574ns (63.732%))
  Logic Levels:           6  (CARRY4=1 LUT4=1 LUT5=2 LUT6=2)
  Clock Path Skew:        -0.106ns (DCD - SCD + CPR)
    Destination Clock Delay (DCD):    2.737ns = ( 10.736 - 8.000 ) 
    Source Clock Delay      (SCD):    3.073ns
    Clock Pessimism Removal (CPR):    0.230ns
  Clock Uncertainty:      0.125ns  ((TSJ^2 + TIJ^2)^1/2 + DJ) / 2 + PE
    Total System Jitter     (TSJ):    0.071ns
    Total Input Jitter      (TIJ):    0.240ns
    Discrete Jitter          (DJ):    0.000ns
    Phase Error              (PE):    0.000ns

    Location             Delay type                Incr(ns)  Path(ns)    Netlist Resource(s)
  -------------------------------------------------------------------    -------------------
                         (clock clk_fpga_0 rise edge)
                                                      0.000     0.000 r  
    PS7_X0Y0             PS7                          0.000     0.000 r  system_i/PS7/processing_system7_0/inst/PS7_i/FCLKCLK[0]
                         net (fo=1, routed)           1.207     1.207    system_i/PS7/processing_system7_0/inst/FCLK_CLK_unbuffered[0]
    BUFGCTRL_X0Y0        BUFG (Prop_bufg_I_O)         0.101     1.308 r  system_i/PS7/processing_system7_0/inst/buffer_fclk_clk_0.FCLK_CLK_0_BUFG/O
                         net (fo=1497, routed)        1.765     3.073    system_i/PS7/processing_system7_0/inst/M_AXI_GP0_ACLK
    PS7_X0Y0             PS7                                          r  system_i/PS7/processing_system7_0/inst/PS7_i/MAXIGP0ACLK
  -------------------------------------------------------------------    -------------------
    PS7_X0Y0             PS7 (Prop_ps7_MAXIGP0ACLK_MAXIGP0ARID[3])
                                                      1.450     4.523 r  system_i/PS7/processing_system7_0/inst/PS7_i/MAXIGP0ARID[3]
                         net (fo=17, routed)          1.222     5.745    system_i/PS7/ps7_0_axi_periph/xbar/inst/gen_samd.crossbar_samd/gen_slave_slots[0].gen_si_read.si_transactor_ar/s_axi_arid[3]
    SLICE_X0Y37          LUT6 (Prop_lut6_I1_O)        0.124     5.869 r  system_i/PS7/ps7_0_axi_periph/xbar/inst/gen_samd.crossbar_samd/gen_slave_slots[0].gen_si_read.si_transactor_ar/gen_multi_thread.aid_match_70_carry_i_3/O
                         net (fo=1, routed)           0.000     5.869    system_i/PS7/ps7_0_axi_periph/xbar/inst/gen_samd.crossbar_samd/gen_slave_slots[0].gen_si_read.si_transactor_ar/gen_multi_thread.aid_match_70_carry_i_3_n_0
    SLICE_X0Y37          CARRY4 (Prop_carry4_S[1]_CO[3])
                                                      0.533     6.402 f  system_i/PS7/ps7_0_axi_periph/xbar/inst/gen_samd.crossbar_samd/gen_slave_slots[0].gen_si_read.si_transactor_ar/gen_multi_thread.aid_match_70_carry/CO[3]
                         net (fo=2, routed)           1.062     7.463    system_i/PS7/ps7_0_axi_periph/xbar/inst/gen_samd.crossbar_samd/gen_slave_slots[0].gen_si_read.si_transactor_ar/gen_multi_thread.aid_match_70
    SLICE_X3Y35          LUT5 (Prop_lut5_I0_O)        0.124     7.587 f  system_i/PS7/ps7_0_axi_periph/xbar/inst/gen_samd.crossbar_samd/gen_slave_slots[0].gen_si_read.si_transactor_ar/gen_no_arbiter.s_ready_i[0]_i_13/O
                         net (fo=3, routed)           0.815     8.402    system_i/PS7/ps7_0_axi_periph/xbar/inst/gen_samd.crossbar_samd/gen_slave_slots[0].gen_si_read.si_transactor_ar/gen_no_arbiter.s_ready_i[0]_i_13_n_0
    SLICE_X2Y33          LUT6 (Prop_lut6_I3_O)        0.124     8.526 f  system_i/PS7/ps7_0_axi_periph/xbar/inst/gen_samd.crossbar_samd/gen_slave_slots[0].gen_si_read.si_transactor_ar/gen_multi_thread.active_target[57]_i_5__0/O
                         net (fo=8, routed)           0.362     8.888    system_i/PS7/ps7_0_axi_periph/xbar/inst/gen_samd.crossbar_samd/gen_slave_slots[0].gen_si_read.si_transactor_ar/gen_multi_thread.active_target[57]_i_5__0_n_0
    SLICE_X5Y33          LUT5 (Prop_lut5_I3_O)        0.124     9.012 r  system_i/PS7/ps7_0_axi_periph/xbar/inst/gen_samd.crossbar_samd/gen_slave_slots[0].gen_si_read.si_transactor_ar/gen_multi_thread.active_target[33]_i_1__0/O
                         net (fo=17, routed)          0.638     9.650    system_i/PS7/ps7_0_axi_periph/xbar/inst/gen_samd.crossbar_samd/gen_slave_slots[0].gen_si_read.si_transactor_ar/gen_multi_thread.arbiter_resp_inst/gen_multi_thread.cmd_push_4
    SLICE_X4Y34          LUT4 (Prop_lut4_I0_O)        0.124     9.774 r  system_i/PS7/ps7_0_axi_periph/xbar/inst/gen_samd.crossbar_samd/gen_slave_slots[0].gen_si_read.si_transactor_ar/gen_multi_thread.arbiter_resp_inst/gen_multi_thread.active_cnt[35]_i_1__0/O
                         net (fo=4, routed)           0.476    10.250    system_i/PS7/ps7_0_axi_periph/xbar/inst/gen_samd.crossbar_samd/gen_slave_slots[0].gen_si_read.si_transactor_ar/gen_multi_thread.arbiter_resp_inst_n_10
    SLICE_X5Y33          FDRE                                         r  system_i/PS7/ps7_0_axi_periph/xbar/inst/gen_samd.crossbar_samd/gen_slave_slots[0].gen_si_read.si_transactor_ar/gen_multi_thread.active_cnt_reg[32]/CE
  -------------------------------------------------------------------    -------------------

                         (clock clk_fpga_0 rise edge)
                                                      8.000     8.000 r  
    PS7_X0Y0             PS7                          0.000     8.000 r  system_i/PS7/processing_system7_0/inst/PS7_i/FCLKCLK[0]
                         net (fo=1, routed)           1.101     9.101    system_i/PS7/processing_system7_0/inst/FCLK_CLK_unbuffered[0]
    BUFGCTRL_X0Y0        BUFG (Prop_bufg_I_O)         0.091     9.192 r  system_i/PS7/processing_system7_0/inst/buffer_fclk_clk_0.FCLK_CLK_0_BUFG/O
                         net (fo=1497, routed)        1.544    10.736    system_i/PS7/ps7_0_axi_periph/xbar/inst/gen_samd.crossbar_samd/gen_slave_slots[0].gen_si_read.si_transactor_ar/aclk
    SLICE_X5Y33          FDRE                                         r  system_i/PS7/ps7_0_axi_periph/xbar/inst/gen_samd.crossbar_samd/gen_slave_slots[0].gen_si_read.si_transactor_ar/gen_multi_thread.active_cnt_reg[32]/C
                         clock pessimism              0.230    10.967    
                         clock uncertainty           -0.125    10.842    
    SLICE_X5Y33          FDRE (Setup_fdre_C_CE)      -0.205    10.637    system_i/PS7/ps7_0_axi_periph/xbar/inst/gen_samd.crossbar_samd/gen_slave_slots[0].gen_si_read.si_transactor_ar/gen_multi_thread.active_cnt_reg[32]
  -------------------------------------------------------------------
                         required time                         10.637    
                         arrival time                         -10.250    
  -------------------------------------------------------------------
                         slack                                  0.387    

Slack (MET) :             0.387ns  (required time - arrival time)
  Source:                 system_i/PS7/processing_system7_0/inst/PS7_i/MAXIGP0ACLK
                            (rising edge-triggered cell PS7 clocked by clk_fpga_0  {rise@0.000ns fall@4.000ns period=8.000ns})
  Destination:            system_i/PS7/ps7_0_axi_periph/xbar/inst/gen_samd.crossbar_samd/gen_slave_slots[0].gen_si_read.si_transactor_ar/gen_multi_thread.active_cnt_reg[33]/CE
                            (rising edge-triggered cell FDRE clocked by clk_fpga_0  {rise@0.000ns fall@4.000ns period=8.000ns})
  Path Group:             clk_fpga_0
  Path Type:              Setup (Max at Slow Process Corner)
  Requirement:            8.000ns  (clk_fpga_0 rise@8.000ns - clk_fpga_0 rise@0.000ns)
  Data Path Delay:        7.177ns  (logic 2.603ns (36.268%)  route 4.574ns (63.732%))
  Logic Levels:           6  (CARRY4=1 LUT4=1 LUT5=2 LUT6=2)
  Clock Path Skew:        -0.106ns (DCD - SCD + CPR)
    Destination Clock Delay (DCD):    2.737ns = ( 10.736 - 8.000 ) 
    Source Clock Delay      (SCD):    3.073ns
    Clock Pessimism Removal (CPR):    0.230ns
  Clock Uncertainty:      0.125ns  ((TSJ^2 + TIJ^2)^1/2 + DJ) / 2 + PE
    Total System Jitter     (TSJ):    0.071ns
    Total Input Jitter      (TIJ):    0.240ns
    Discrete Jitter          (DJ):    0.000ns
    Phase Error              (PE):    0.000ns

    Location             Delay type                Incr(ns)  Path(ns)    Netlist Resource(s)
  -------------------------------------------------------------------    -------------------
                         (clock clk_fpga_0 rise edge)
                                                      0.000     0.000 r  
    PS7_X0Y0             PS7                          0.000     0.000 r  system_i/PS7/processing_system7_0/inst/PS7_i/FCLKCLK[0]
                         net (fo=1, routed)           1.207     1.207    system_i/PS7/processing_system7_0/inst/FCLK_CLK_unbuffered[0]
    BUFGCTRL_X0Y0        BUFG (Prop_bufg_I_O)         0.101     1.308 r  system_i/PS7/processing_system7_0/inst/buffer_fclk_clk_0.FCLK_CLK_0_BUFG/O
                         net (fo=1497, routed)        1.765     3.073    system_i/PS7/processing_system7_0/inst/M_AXI_GP0_ACLK
    PS7_X0Y0             PS7                                          r  system_i/PS7/processing_system7_0/inst/PS7_i/MAXIGP0ACLK
  -------------------------------------------------------------------    -------------------
    PS7_X0Y0             PS7 (Prop_ps7_MAXIGP0ACLK_MAXIGP0ARID[3])
                                                      1.450     4.523 r  system_i/PS7/processing_system7_0/inst/PS7_i/MAXIGP0ARID[3]
                         net (fo=17, routed)          1.222     5.745    system_i/PS7/ps7_0_axi_periph/xbar/inst/gen_samd.crossbar_samd/gen_slave_slots[0].gen_si_read.si_transactor_ar/s_axi_arid[3]
    SLICE_X0Y37          LUT6 (Prop_lut6_I1_O)        0.124     5.869 r  system_i/PS7/ps7_0_axi_periph/xbar/inst/gen_samd.crossbar_samd/gen_slave_slots[0].gen_si_read.si_transactor_ar/gen_multi_thread.aid_match_70_carry_i_3/O
                         net (fo=1, routed)           0.000     5.869    system_i/PS7/ps7_0_axi_periph/xbar/inst/gen_samd.crossbar_samd/gen_slave_slots[0].gen_si_read.si_transactor_ar/gen_multi_thread.aid_match_70_carry_i_3_n_0
    SLICE_X0Y37          CARRY4 (Prop_carry4_S[1]_CO[3])
                                                      0.533     6.402 f  system_i/PS7/ps7_0_axi_periph/xbar/inst/gen_samd.crossbar_samd/gen_slave_slots[0].gen_si_read.si_transactor_ar/gen_multi_thread.aid_match_70_carry/CO[3]
                         net (fo=2, routed)           1.062     7.463    system_i/PS7/ps7_0_axi_periph/xbar/inst/gen_samd.crossbar_samd/gen_slave_slots[0].gen_si_read.si_transactor_ar/gen_multi_thread.aid_match_70
    SLICE_X3Y35          LUT5 (Prop_lut5_I0_O)        0.124     7.587 f  system_i/PS7/ps7_0_axi_periph/xbar/inst/gen_samd.crossbar_samd/gen_slave_slots[0].gen_si_read.si_transactor_ar/gen_no_arbiter.s_ready_i[0]_i_13/O
                         net (fo=3, routed)           0.815     8.402    system_i/PS7/ps7_0_axi_periph/xbar/inst/gen_samd.crossbar_samd/gen_slave_slots[0].gen_si_read.si_transactor_ar/gen_no_arbiter.s_ready_i[0]_i_13_n_0
    SLICE_X2Y33          LUT6 (Prop_lut6_I3_O)        0.124     8.526 f  system_i/PS7/ps7_0_axi_periph/xbar/inst/gen_samd.crossbar_samd/gen_slave_slots[0].gen_si_read.si_transactor_ar/gen_multi_thread.active_target[57]_i_5__0/O
                         net (fo=8, routed)           0.362     8.888    system_i/PS7/ps7_0_axi_periph/xbar/inst/gen_samd.crossbar_samd/gen_slave_slots[0].gen_si_read.si_transactor_ar/gen_multi_thread.active_target[57]_i_5__0_n_0
    SLICE_X5Y33          LUT5 (Prop_lut5_I3_O)        0.124     9.012 r  system_i/PS7/ps7_0_axi_periph/xbar/inst/gen_samd.crossbar_samd/gen_slave_slots[0].gen_si_read.si_transactor_ar/gen_multi_thread.active_target[33]_i_1__0/O
                         net (fo=17, routed)          0.638     9.650    system_i/PS7/ps7_0_axi_periph/xbar/inst/gen_samd.crossbar_samd/gen_slave_slots[0].gen_si_read.si_transactor_ar/gen_multi_thread.arbiter_resp_inst/gen_multi_thread.cmd_push_4
    SLICE_X4Y34          LUT4 (Prop_lut4_I0_O)        0.124     9.774 r  system_i/PS7/ps7_0_axi_periph/xbar/inst/gen_samd.crossbar_samd/gen_slave_slots[0].gen_si_read.si_transactor_ar/gen_multi_thread.arbiter_resp_inst/gen_multi_thread.active_cnt[35]_i_1__0/O
                         net (fo=4, routed)           0.476    10.250    system_i/PS7/ps7_0_axi_periph/xbar/inst/gen_samd.crossbar_samd/gen_slave_slots[0].gen_si_read.si_transactor_ar/gen_multi_thread.arbiter_resp_inst_n_10
    SLICE_X5Y33          FDRE                                         r  system_i/PS7/ps7_0_axi_periph/xbar/inst/gen_samd.crossbar_samd/gen_slave_slots[0].gen_si_read.si_transactor_ar/gen_multi_thread.active_cnt_reg[33]/CE
  -------------------------------------------------------------------    -------------------

                         (clock clk_fpga_0 rise edge)
                                                      8.000     8.000 r  
    PS7_X0Y0             PS7                          0.000     8.000 r  system_i/PS7/processing_system7_0/inst/PS7_i/FCLKCLK[0]
                         net (fo=1, routed)           1.101     9.101    system_i/PS7/processing_system7_0/inst/FCLK_CLK_unbuffered[0]
    BUFGCTRL_X0Y0        BUFG (Prop_bufg_I_O)         0.091     9.192 r  system_i/PS7/processing_system7_0/inst/buffer_fclk_clk_0.FCLK_CLK_0_BUFG/O
                         net (fo=1497, routed)        1.544    10.736    system_i/PS7/ps7_0_axi_periph/xbar/inst/gen_samd.crossbar_samd/gen_slave_slots[0].gen_si_read.si_transactor_ar/aclk
    SLICE_X5Y33          FDRE                                         r  system_i/PS7/ps7_0_axi_periph/xbar/inst/gen_samd.crossbar_samd/gen_slave_slots[0].gen_si_read.si_transactor_ar/gen_multi_thread.active_cnt_reg[33]/C
                         clock pessimism              0.230    10.967    
                         clock uncertainty           -0.125    10.842    
    SLICE_X5Y33          FDRE (Setup_fdre_C_CE)      -0.205    10.637    system_i/PS7/ps7_0_axi_periph/xbar/inst/gen_samd.crossbar_samd/gen_slave_slots[0].gen_si_read.si_transactor_ar/gen_multi_thread.active_cnt_reg[33]
  -------------------------------------------------------------------
                         required time                         10.637    
                         arrival time                         -10.250    
  -------------------------------------------------------------------
                         slack                                  0.387    

Slack (MET) :             0.387ns  (required time - arrival time)
  Source:                 system_i/PS7/processing_system7_0/inst/PS7_i/MAXIGP0ACLK
                            (rising edge-triggered cell PS7 clocked by clk_fpga_0  {rise@0.000ns fall@4.000ns period=8.000ns})
  Destination:            system_i/PS7/ps7_0_axi_periph/xbar/inst/gen_samd.crossbar_samd/gen_slave_slots[0].gen_si_read.si_transactor_ar/gen_multi_thread.active_cnt_reg[34]/CE
                            (rising edge-triggered cell FDRE clocked by clk_fpga_0  {rise@0.000ns fall@4.000ns period=8.000ns})
  Path Group:             clk_fpga_0
  Path Type:              Setup (Max at Slow Process Corner)
  Requirement:            8.000ns  (clk_fpga_0 rise@8.000ns - clk_fpga_0 rise@0.000ns)
  Data Path Delay:        7.177ns  (logic 2.603ns (36.268%)  route 4.574ns (63.732%))
  Logic Levels:           6  (CARRY4=1 LUT4=1 LUT5=2 LUT6=2)
  Clock Path Skew:        -0.106ns (DCD - SCD + CPR)
    Destination Clock Delay (DCD):    2.737ns = ( 10.736 - 8.000 ) 
    Source Clock Delay      (SCD):    3.073ns
    Clock Pessimism Removal (CPR):    0.230ns
  Clock Uncertainty:      0.125ns  ((TSJ^2 + TIJ^2)^1/2 + DJ) / 2 + PE
    Total System Jitter     (TSJ):    0.071ns
    Total Input Jitter      (TIJ):    0.240ns
    Discrete Jitter          (DJ):    0.000ns
    Phase Error              (PE):    0.000ns

    Location             Delay type                Incr(ns)  Path(ns)    Netlist Resource(s)
  -------------------------------------------------------------------    -------------------
                         (clock clk_fpga_0 rise edge)
                                                      0.000     0.000 r  
    PS7_X0Y0             PS7                          0.000     0.000 r  system_i/PS7/processing_system7_0/inst/PS7_i/FCLKCLK[0]
                         net (fo=1, routed)           1.207     1.207    system_i/PS7/processing_system7_0/inst/FCLK_CLK_unbuffered[0]
    BUFGCTRL_X0Y0        BUFG (Prop_bufg_I_O)         0.101     1.308 r  system_i/PS7/processing_system7_0/inst/buffer_fclk_clk_0.FCLK_CLK_0_BUFG/O
                         net (fo=1497, routed)        1.765     3.073    system_i/PS7/processing_system7_0/inst/M_AXI_GP0_ACLK
    PS7_X0Y0             PS7                                          r  system_i/PS7/processing_system7_0/inst/PS7_i/MAXIGP0ACLK
  -------------------------------------------------------------------    -------------------
    PS7_X0Y0             PS7 (Prop_ps7_MAXIGP0ACLK_MAXIGP0ARID[3])
                                                      1.450     4.523 r  system_i/PS7/processing_system7_0/inst/PS7_i/MAXIGP0ARID[3]
                         net (fo=17, routed)          1.222     5.745    system_i/PS7/ps7_0_axi_periph/xbar/inst/gen_samd.crossbar_samd/gen_slave_slots[0].gen_si_read.si_transactor_ar/s_axi_arid[3]
    SLICE_X0Y37          LUT6 (Prop_lut6_I1_O)        0.124     5.869 r  system_i/PS7/ps7_0_axi_periph/xbar/inst/gen_samd.crossbar_samd/gen_slave_slots[0].gen_si_read.si_transactor_ar/gen_multi_thread.aid_match_70_carry_i_3/O
                         net (fo=1, routed)           0.000     5.869    system_i/PS7/ps7_0_axi_periph/xbar/inst/gen_samd.crossbar_samd/gen_slave_slots[0].gen_si_read.si_transactor_ar/gen_multi_thread.aid_match_70_carry_i_3_n_0
    SLICE_X0Y37          CARRY4 (Prop_carry4_S[1]_CO[3])
                                                      0.533     6.402 f  system_i/PS7/ps7_0_axi_periph/xbar/inst/gen_samd.crossbar_samd/gen_slave_slots[0].gen_si_read.si_transactor_ar/gen_multi_thread.aid_match_70_carry/CO[3]
                         net (fo=2, routed)           1.062     7.463    system_i/PS7/ps7_0_axi_periph/xbar/inst/gen_samd.crossbar_samd/gen_slave_slots[0].gen_si_read.si_transactor_ar/gen_multi_thread.aid_match_70
    SLICE_X3Y35          LUT5 (Prop_lut5_I0_O)        0.124     7.587 f  system_i/PS7/ps7_0_axi_periph/xbar/inst/gen_samd.crossbar_samd/gen_slave_slots[0].gen_si_read.si_transactor_ar/gen_no_arbiter.s_ready_i[0]_i_13/O
                         net (fo=3, routed)           0.815     8.402    system_i/PS7/ps7_0_axi_periph/xbar/inst/gen_samd.crossbar_samd/gen_slave_slots[0].gen_si_read.si_transactor_ar/gen_no_arbiter.s_ready_i[0]_i_13_n_0
    SLICE_X2Y33          LUT6 (Prop_lut6_I3_O)        0.124     8.526 f  system_i/PS7/ps7_0_axi_periph/xbar/inst/gen_samd.crossbar_samd/gen_slave_slots[0].gen_si_read.si_transactor_ar/gen_multi_thread.active_target[57]_i_5__0/O
                         net (fo=8, routed)           0.362     8.888    system_i/PS7/ps7_0_axi_periph/xbar/inst/gen_samd.crossbar_samd/gen_slave_slots[0].gen_si_read.si_transactor_ar/gen_multi_thread.active_target[57]_i_5__0_n_0
    SLICE_X5Y33          LUT5 (Prop_lut5_I3_O)        0.124     9.012 r  system_i/PS7/ps7_0_axi_periph/xbar/inst/gen_samd.crossbar_samd/gen_slave_slots[0].gen_si_read.si_transactor_ar/gen_multi_thread.active_target[33]_i_1__0/O
                         net (fo=17, routed)          0.638     9.650    system_i/PS7/ps7_0_axi_periph/xbar/inst/gen_samd.crossbar_samd/gen_slave_slots[0].gen_si_read.si_transactor_ar/gen_multi_thread.arbiter_resp_inst/gen_multi_thread.cmd_push_4
    SLICE_X4Y34          LUT4 (Prop_lut4_I0_O)        0.124     9.774 r  system_i/PS7/ps7_0_axi_periph/xbar/inst/gen_samd.crossbar_samd/gen_slave_slots[0].gen_si_read.si_transactor_ar/gen_multi_thread.arbiter_resp_inst/gen_multi_thread.active_cnt[35]_i_1__0/O
                         net (fo=4, routed)           0.476    10.250    system_i/PS7/ps7_0_axi_periph/xbar/inst/gen_samd.crossbar_samd/gen_slave_slots[0].gen_si_read.si_transactor_ar/gen_multi_thread.arbiter_resp_inst_n_10
    SLICE_X5Y33          FDRE                                         r  system_i/PS7/ps7_0_axi_periph/xbar/inst/gen_samd.crossbar_samd/gen_slave_slots[0].gen_si_read.si_transactor_ar/gen_multi_thread.active_cnt_reg[34]/CE
  -------------------------------------------------------------------    -------------------

                         (clock clk_fpga_0 rise edge)
                                                      8.000     8.000 r  
    PS7_X0Y0             PS7                          0.000     8.000 r  system_i/PS7/processing_system7_0/inst/PS7_i/FCLKCLK[0]
                         net (fo=1, routed)           1.101     9.101    system_i/PS7/processing_system7_0/inst/FCLK_CLK_unbuffered[0]
    BUFGCTRL_X0Y0        BUFG (Prop_bufg_I_O)         0.091     9.192 r  system_i/PS7/processing_system7_0/inst/buffer_fclk_clk_0.FCLK_CLK_0_BUFG/O
                         net (fo=1497, routed)        1.544    10.736    system_i/PS7/ps7_0_axi_periph/xbar/inst/gen_samd.crossbar_samd/gen_slave_slots[0].gen_si_read.si_transactor_ar/aclk
    SLICE_X5Y33          FDRE                                         r  system_i/PS7/ps7_0_axi_periph/xbar/inst/gen_samd.crossbar_samd/gen_slave_slots[0].gen_si_read.si_transactor_ar/gen_multi_thread.active_cnt_reg[34]/C
                         clock pessimism              0.230    10.967    
                         clock uncertainty           -0.125    10.842    
    SLICE_X5Y33          FDRE (Setup_fdre_C_CE)      -0.205    10.637    system_i/PS7/ps7_0_axi_periph/xbar/inst/gen_samd.crossbar_samd/gen_slave_slots[0].gen_si_read.si_transactor_ar/gen_multi_thread.active_cnt_reg[34]
  -------------------------------------------------------------------
                         required time                         10.637    
                         arrival time                         -10.250    
  -------------------------------------------------------------------
                         slack                                  0.387    

Slack (MET) :             0.387ns  (required time - arrival time)
  Source:                 system_i/PS7/processing_system7_0/inst/PS7_i/MAXIGP0ACLK
                            (rising edge-triggered cell PS7 clocked by clk_fpga_0  {rise@0.000ns fall@4.000ns period=8.000ns})
  Destination:            system_i/PS7/ps7_0_axi_periph/xbar/inst/gen_samd.crossbar_samd/gen_slave_slots[0].gen_si_read.si_transactor_ar/gen_multi_thread.active_cnt_reg[35]/CE
                            (rising edge-triggered cell FDRE clocked by clk_fpga_0  {rise@0.000ns fall@4.000ns period=8.000ns})
  Path Group:             clk_fpga_0
  Path Type:              Setup (Max at Slow Process Corner)
  Requirement:            8.000ns  (clk_fpga_0 rise@8.000ns - clk_fpga_0 rise@0.000ns)
  Data Path Delay:        7.177ns  (logic 2.603ns (36.268%)  route 4.574ns (63.732%))
  Logic Levels:           6  (CARRY4=1 LUT4=1 LUT5=2 LUT6=2)
  Clock Path Skew:        -0.106ns (DCD - SCD + CPR)
    Destination Clock Delay (DCD):    2.737ns = ( 10.736 - 8.000 ) 
    Source Clock Delay      (SCD):    3.073ns
    Clock Pessimism Removal (CPR):    0.230ns
  Clock Uncertainty:      0.125ns  ((TSJ^2 + TIJ^2)^1/2 + DJ) / 2 + PE
    Total System Jitter     (TSJ):    0.071ns
    Total Input Jitter      (TIJ):    0.240ns
    Discrete Jitter          (DJ):    0.000ns
    Phase Error              (PE):    0.000ns

    Location             Delay type                Incr(ns)  Path(ns)    Netlist Resource(s)
  -------------------------------------------------------------------    -------------------
                         (clock clk_fpga_0 rise edge)
                                                      0.000     0.000 r  
    PS7_X0Y0             PS7                          0.000     0.000 r  system_i/PS7/processing_system7_0/inst/PS7_i/FCLKCLK[0]
                         net (fo=1, routed)           1.207     1.207    system_i/PS7/processing_system7_0/inst/FCLK_CLK_unbuffered[0]
    BUFGCTRL_X0Y0        BUFG (Prop_bufg_I_O)         0.101     1.308 r  system_i/PS7/processing_system7_0/inst/buffer_fclk_clk_0.FCLK_CLK_0_BUFG/O
                         net (fo=1497, routed)        1.765     3.073    system_i/PS7/processing_system7_0/inst/M_AXI_GP0_ACLK
    PS7_X0Y0             PS7                                          r  system_i/PS7/processing_system7_0/inst/PS7_i/MAXIGP0ACLK
  -------------------------------------------------------------------    -------------------
    PS7_X0Y0             PS7 (Prop_ps7_MAXIGP0ACLK_MAXIGP0ARID[3])
                                                      1.450     4.523 r  system_i/PS7/processing_system7_0/inst/PS7_i/MAXIGP0ARID[3]
                         net (fo=17, routed)          1.222     5.745    system_i/PS7/ps7_0_axi_periph/xbar/inst/gen_samd.crossbar_samd/gen_slave_slots[0].gen_si_read.si_transactor_ar/s_axi_arid[3]
    SLICE_X0Y37          LUT6 (Prop_lut6_I1_O)        0.124     5.869 r  system_i/PS7/ps7_0_axi_periph/xbar/inst/gen_samd.crossbar_samd/gen_slave_slots[0].gen_si_read.si_transactor_ar/gen_multi_thread.aid_match_70_carry_i_3/O
                         net (fo=1, routed)           0.000     5.869    system_i/PS7/ps7_0_axi_periph/xbar/inst/gen_samd.crossbar_samd/gen_slave_slots[0].gen_si_read.si_transactor_ar/gen_multi_thread.aid_match_70_carry_i_3_n_0
    SLICE_X0Y37          CARRY4 (Prop_carry4_S[1]_CO[3])
                                                      0.533     6.402 f  system_i/PS7/ps7_0_axi_periph/xbar/inst/gen_samd.crossbar_samd/gen_slave_slots[0].gen_si_read.si_transactor_ar/gen_multi_thread.aid_match_70_carry/CO[3]
                         net (fo=2, routed)           1.062     7.463    system_i/PS7/ps7_0_axi_periph/xbar/inst/gen_samd.crossbar_samd/gen_slave_slots[0].gen_si_read.si_transactor_ar/gen_multi_thread.aid_match_70
    SLICE_X3Y35          LUT5 (Prop_lut5_I0_O)        0.124     7.587 f  system_i/PS7/ps7_0_axi_periph/xbar/inst/gen_samd.crossbar_samd/gen_slave_slots[0].gen_si_read.si_transactor_ar/gen_no_arbiter.s_ready_i[0]_i_13/O
                         net (fo=3, routed)           0.815     8.402    system_i/PS7/ps7_0_axi_periph/xbar/inst/gen_samd.crossbar_samd/gen_slave_slots[0].gen_si_read.si_transactor_ar/gen_no_arbiter.s_ready_i[0]_i_13_n_0
    SLICE_X2Y33          LUT6 (Prop_lut6_I3_O)        0.124     8.526 f  system_i/PS7/ps7_0_axi_periph/xbar/inst/gen_samd.crossbar_samd/gen_slave_slots[0].gen_si_read.si_transactor_ar/gen_multi_thread.active_target[57]_i_5__0/O
                         net (fo=8, routed)           0.362     8.888    system_i/PS7/ps7_0_axi_periph/xbar/inst/gen_samd.crossbar_samd/gen_slave_slots[0].gen_si_read.si_transactor_ar/gen_multi_thread.active_target[57]_i_5__0_n_0
    SLICE_X5Y33          LUT5 (Prop_lut5_I3_O)        0.124     9.012 r  system_i/PS7/ps7_0_axi_periph/xbar/inst/gen_samd.crossbar_samd/gen_slave_slots[0].gen_si_read.si_transactor_ar/gen_multi_thread.active_target[33]_i_1__0/O
                         net (fo=17, routed)          0.638     9.650    system_i/PS7/ps7_0_axi_periph/xbar/inst/gen_samd.crossbar_samd/gen_slave_slots[0].gen_si_read.si_transactor_ar/gen_multi_thread.arbiter_resp_inst/gen_multi_thread.cmd_push_4
    SLICE_X4Y34          LUT4 (Prop_lut4_I0_O)        0.124     9.774 r  system_i/PS7/ps7_0_axi_periph/xbar/inst/gen_samd.crossbar_samd/gen_slave_slots[0].gen_si_read.si_transactor_ar/gen_multi_thread.arbiter_resp_inst/gen_multi_thread.active_cnt[35]_i_1__0/O
                         net (fo=4, routed)           0.476    10.250    system_i/PS7/ps7_0_axi_periph/xbar/inst/gen_samd.crossbar_samd/gen_slave_slots[0].gen_si_read.si_transactor_ar/gen_multi_thread.arbiter_resp_inst_n_10
    SLICE_X5Y33          FDRE                                         r  system_i/PS7/ps7_0_axi_periph/xbar/inst/gen_samd.crossbar_samd/gen_slave_slots[0].gen_si_read.si_transactor_ar/gen_multi_thread.active_cnt_reg[35]/CE
  -------------------------------------------------------------------    -------------------

                         (clock clk_fpga_0 rise edge)
                                                      8.000     8.000 r  
    PS7_X0Y0             PS7                          0.000     8.000 r  system_i/PS7/processing_system7_0/inst/PS7_i/FCLKCLK[0]
                         net (fo=1, routed)           1.101     9.101    system_i/PS7/processing_system7_0/inst/FCLK_CLK_unbuffered[0]
    BUFGCTRL_X0Y0        BUFG (Prop_bufg_I_O)         0.091     9.192 r  system_i/PS7/processing_system7_0/inst/buffer_fclk_clk_0.FCLK_CLK_0_BUFG/O
                         net (fo=1497, routed)        1.544    10.736    system_i/PS7/ps7_0_axi_periph/xbar/inst/gen_samd.crossbar_samd/gen_slave_slots[0].gen_si_read.si_transactor_ar/aclk
    SLICE_X5Y33          FDRE                                         r  system_i/PS7/ps7_0_axi_periph/xbar/inst/gen_samd.crossbar_samd/gen_slave_slots[0].gen_si_read.si_transactor_ar/gen_multi_thread.active_cnt_reg[35]/C
                         clock pessimism              0.230    10.967    
                         clock uncertainty           -0.125    10.842    
    SLICE_X5Y33          FDRE (Setup_fdre_C_CE)      -0.205    10.637    system_i/PS7/ps7_0_axi_periph/xbar/inst/gen_samd.crossbar_samd/gen_slave_slots[0].gen_si_read.si_transactor_ar/gen_multi_thread.active_cnt_reg[35]
  -------------------------------------------------------------------
                         required time                         10.637    
                         arrival time                         -10.250    
  -------------------------------------------------------------------
                         slack                                  0.387    

Slack (MET) :             0.391ns  (required time - arrival time)
  Source:                 system_i/PS7/processing_system7_0/inst/PS7_i/MAXIGP0ACLK
                            (rising edge-triggered cell PS7 clocked by clk_fpga_0  {rise@0.000ns fall@4.000ns period=8.000ns})
  Destination:            system_i/PS7/ps7_0_axi_periph/xbar/inst/gen_samd.crossbar_samd/gen_slave_slots[0].gen_si_write.si_transactor_aw/gen_multi_thread.active_cnt_reg[3]/CE
                            (rising edge-triggered cell FDRE clocked by clk_fpga_0  {rise@0.000ns fall@4.000ns period=8.000ns})
  Path Group:             clk_fpga_0
  Path Type:              Setup (Max at Slow Process Corner)
  Requirement:            8.000ns  (clk_fpga_0 rise@8.000ns - clk_fpga_0 rise@0.000ns)
  Data Path Delay:        7.092ns  (logic 2.605ns (36.733%)  route 4.487ns (63.267%))
  Logic Levels:           6  (CARRY4=1 LUT4=3 LUT6=2)
  Clock Path Skew:        -0.223ns (DCD - SCD + CPR)
    Destination Clock Delay (DCD):    2.734ns = ( 10.734 - 8.000 ) 
    Source Clock Delay      (SCD):    3.073ns
    Clock Pessimism Removal (CPR):    0.116ns
  Clock Uncertainty:      0.125ns  ((TSJ^2 + TIJ^2)^1/2 + DJ) / 2 + PE
    Total System Jitter     (TSJ):    0.071ns
    Total Input Jitter      (TIJ):    0.240ns
    Discrete Jitter          (DJ):    0.000ns
    Phase Error              (PE):    0.000ns

    Location             Delay type                Incr(ns)  Path(ns)    Netlist Resource(s)
  -------------------------------------------------------------------    -------------------
                         (clock clk_fpga_0 rise edge)
                                                      0.000     0.000 r  
    PS7_X0Y0             PS7                          0.000     0.000 r  system_i/PS7/processing_system7_0/inst/PS7_i/FCLKCLK[0]
                         net (fo=1, routed)           1.207     1.207    system_i/PS7/processing_system7_0/inst/FCLK_CLK_unbuffered[0]
    BUFGCTRL_X0Y0        BUFG (Prop_bufg_I_O)         0.101     1.308 r  system_i/PS7/processing_system7_0/inst/buffer_fclk_clk_0.FCLK_CLK_0_BUFG/O
                         net (fo=1497, routed)        1.765     3.073    system_i/PS7/processing_system7_0/inst/M_AXI_GP0_ACLK
    PS7_X0Y0             PS7                                          r  system_i/PS7/processing_system7_0/inst/PS7_i/MAXIGP0ACLK
  -------------------------------------------------------------------    -------------------
    PS7_X0Y0             PS7 (Prop_ps7_MAXIGP0ACLK_MAXIGP0AWID[0])
                                                      1.453     4.526 r  system_i/PS7/processing_system7_0/inst/PS7_i/MAXIGP0AWID[0]
                         net (fo=17, routed)          1.267     5.793    system_i/PS7/ps7_0_axi_periph/xbar/inst/gen_samd.crossbar_samd/gen_slave_slots[0].gen_si_write.si_transactor_aw/s_axi_awid[0]
    SLICE_X3Y49          LUT6 (Prop_lut6_I1_O)        0.124     5.917 r  system_i/PS7/ps7_0_axi_periph/xbar/inst/gen_samd.crossbar_samd/gen_slave_slots[0].gen_si_write.si_transactor_aw/gen_multi_thread.aid_match_20_carry_i_4__0/O
                         net (fo=1, routed)           0.000     5.917    system_i/PS7/ps7_0_axi_periph/xbar/inst/gen_samd.crossbar_samd/gen_slave_slots[0].gen_si_write.si_transactor_aw/gen_multi_thread.aid_match_20_carry_i_4__0_n_0
    SLICE_X3Y49          CARRY4 (Prop_carry4_S[0]_CO[3])
                                                      0.532     6.449 f  system_i/PS7/ps7_0_axi_periph/xbar/inst/gen_samd.crossbar_samd/gen_slave_slots[0].gen_si_write.si_transactor_aw/gen_multi_thread.aid_match_20_carry/CO[3]
                         net (fo=4, routed)           1.076     7.525    system_i/PS7/ps7_0_axi_periph/xbar/inst/gen_samd.crossbar_samd/gen_slave_slots[0].gen_si_write.si_transactor_aw/gen_multi_thread.aid_match_20
    SLICE_X2Y52          LUT4 (Prop_lut4_I1_O)        0.124     7.649 f  system_i/PS7/ps7_0_axi_periph/xbar/inst/gen_samd.crossbar_samd/gen_slave_slots[0].gen_si_write.si_transactor_aw/gen_multi_thread.active_target[57]_i_8/O
                         net (fo=1, routed)           0.810     8.459    system_i/PS7/ps7_0_axi_periph/xbar/inst/gen_samd.crossbar_samd/gen_slave_slots[0].gen_si_write.si_transactor_aw/gen_multi_thread.active_target[57]_i_8_n_0
    SLICE_X3Y54          LUT6 (Prop_lut6_I0_O)        0.124     8.583 f  system_i/PS7/ps7_0_axi_periph/xbar/inst/gen_samd.crossbar_samd/gen_slave_slots[0].gen_si_write.si_transactor_aw/gen_multi_thread.active_target[57]_i_6/O
                         net (fo=8, routed)           0.357     8.940    system_i/PS7/ps7_0_axi_periph/xbar/inst/gen_samd.crossbar_samd/gen_slave_slots[0].gen_si_write.si_transactor_aw/gen_multi_thread.active_target[57]_i_6_n_0
    SLICE_X3Y53          LUT4 (Prop_lut4_I2_O)        0.124     9.064 r  system_i/PS7/ps7_0_axi_periph/xbar/inst/gen_samd.crossbar_samd/gen_slave_slots[0].gen_si_write.si_transactor_aw/gen_multi_thread.active_target[1]_i_1/O
                         net (fo=17, routed)          0.202     9.266    system_i/PS7/ps7_0_axi_periph/xbar/inst/gen_samd.crossbar_samd/gen_slave_slots[0].gen_si_write.si_transactor_aw/gen_multi_thread.arbiter_resp_inst/gen_multi_thread.cmd_push_0
    SLICE_X3Y53          LUT4 (Prop_lut4_I0_O)        0.124     9.390 r  system_i/PS7/ps7_0_axi_periph/xbar/inst/gen_samd.crossbar_samd/gen_slave_slots[0].gen_si_write.si_transactor_aw/gen_multi_thread.arbiter_resp_inst/gen_multi_thread.active_cnt[3]_i_1/O
                         net (fo=4, routed)           0.775    10.164    system_i/PS7/ps7_0_axi_periph/xbar/inst/gen_samd.crossbar_samd/gen_slave_slots[0].gen_si_write.si_transactor_aw/gen_multi_thread.arbiter_resp_inst_n_16
    SLICE_X4Y50          FDRE                                         r  system_i/PS7/ps7_0_axi_periph/xbar/inst/gen_samd.crossbar_samd/gen_slave_slots[0].gen_si_write.si_transactor_aw/gen_multi_thread.active_cnt_reg[3]/CE
  -------------------------------------------------------------------    -------------------

                         (clock clk_fpga_0 rise edge)
                                                      8.000     8.000 r  
    PS7_X0Y0             PS7                          0.000     8.000 r  system_i/PS7/processing_system7_0/inst/PS7_i/FCLKCLK[0]
                         net (fo=1, routed)           1.101     9.101    system_i/PS7/processing_system7_0/inst/FCLK_CLK_unbuffered[0]
    BUFGCTRL_X0Y0        BUFG (Prop_bufg_I_O)         0.091     9.192 r  system_i/PS7/processing_system7_0/inst/buffer_fclk_clk_0.FCLK_CLK_0_BUFG/O
                         net (fo=1497, routed)        1.542    10.734    system_i/PS7/ps7_0_axi_periph/xbar/inst/gen_samd.crossbar_samd/gen_slave_slots[0].gen_si_write.si_transactor_aw/aclk
    SLICE_X4Y50          FDRE                                         r  system_i/PS7/ps7_0_axi_periph/xbar/inst/gen_samd.crossbar_samd/gen_slave_slots[0].gen_si_write.si_transactor_aw/gen_multi_thread.active_cnt_reg[3]/C
                         clock pessimism              0.116    10.850    
                         clock uncertainty           -0.125    10.725    
    SLICE_X4Y50          FDRE (Setup_fdre_C_CE)      -0.169    10.556    system_i/PS7/ps7_0_axi_periph/xbar/inst/gen_samd.crossbar_samd/gen_slave_slots[0].gen_si_write.si_transactor_aw/gen_multi_thread.active_cnt_reg[3]
  -------------------------------------------------------------------
                         required time                         10.556    
                         arrival time                         -10.164    
  -------------------------------------------------------------------
                         slack                                  0.391    

Slack (MET) :             0.406ns  (required time - arrival time)
  Source:                 system_i/PS7/processing_system7_0/inst/PS7_i/MAXIGP0ACLK
                            (rising edge-triggered cell PS7 clocked by clk_fpga_0  {rise@0.000ns fall@4.000ns period=8.000ns})
  Destination:            system_i/PS7/ps7_0_axi_periph/xbar/inst/gen_samd.crossbar_samd/gen_slave_slots[0].gen_si_read.si_transactor_ar/gen_multi_thread.active_cnt_reg[10]/CE
                            (rising edge-triggered cell FDRE clocked by clk_fpga_0  {rise@0.000ns fall@4.000ns period=8.000ns})
  Path Group:             clk_fpga_0
  Path Type:              Setup (Max at Slow Process Corner)
  Requirement:            8.000ns  (clk_fpga_0 rise@8.000ns - clk_fpga_0 rise@0.000ns)
  Data Path Delay:        7.187ns  (logic 2.603ns (36.216%)  route 4.584ns (63.784%))
  Logic Levels:           6  (CARRY4=1 LUT4=1 LUT5=2 LUT6=2)
  Clock Path Skew:        -0.077ns (DCD - SCD + CPR)
    Destination Clock Delay (DCD):    2.730ns = ( 10.729 - 8.000 ) 
    Source Clock Delay      (SCD):    3.073ns
    Clock Pessimism Removal (CPR):    0.266ns
  Clock Uncertainty:      0.125ns  ((TSJ^2 + TIJ^2)^1/2 + DJ) / 2 + PE
    Total System Jitter     (TSJ):    0.071ns
    Total Input Jitter      (TIJ):    0.240ns
    Discrete Jitter          (DJ):    0.000ns
    Phase Error              (PE):    0.000ns

    Location             Delay type                Incr(ns)  Path(ns)    Netlist Resource(s)
  -------------------------------------------------------------------    -------------------
                         (clock clk_fpga_0 rise edge)
                                                      0.000     0.000 r  
    PS7_X0Y0             PS7                          0.000     0.000 r  system_i/PS7/processing_system7_0/inst/PS7_i/FCLKCLK[0]
                         net (fo=1, routed)           1.207     1.207    system_i/PS7/processing_system7_0/inst/FCLK_CLK_unbuffered[0]
    BUFGCTRL_X0Y0        BUFG (Prop_bufg_I_O)         0.101     1.308 r  system_i/PS7/processing_system7_0/inst/buffer_fclk_clk_0.FCLK_CLK_0_BUFG/O
                         net (fo=1497, routed)        1.765     3.073    system_i/PS7/processing_system7_0/inst/M_AXI_GP0_ACLK
    PS7_X0Y0             PS7                                          r  system_i/PS7/processing_system7_0/inst/PS7_i/MAXIGP0ACLK
  -------------------------------------------------------------------    -------------------
    PS7_X0Y0             PS7 (Prop_ps7_MAXIGP0ACLK_MAXIGP0ARID[3])
                                                      1.450     4.523 r  system_i/PS7/processing_system7_0/inst/PS7_i/MAXIGP0ARID[3]
                         net (fo=17, routed)          1.222     5.745    system_i/PS7/ps7_0_axi_periph/xbar/inst/gen_samd.crossbar_samd/gen_slave_slots[0].gen_si_read.si_transactor_ar/s_axi_arid[3]
    SLICE_X0Y37          LUT6 (Prop_lut6_I1_O)        0.124     5.869 r  system_i/PS7/ps7_0_axi_periph/xbar/inst/gen_samd.crossbar_samd/gen_slave_slots[0].gen_si_read.si_transactor_ar/gen_multi_thread.aid_match_70_carry_i_3/O
                         net (fo=1, routed)           0.000     5.869    system_i/PS7/ps7_0_axi_periph/xbar/inst/gen_samd.crossbar_samd/gen_slave_slots[0].gen_si_read.si_transactor_ar/gen_multi_thread.aid_match_70_carry_i_3_n_0
    SLICE_X0Y37          CARRY4 (Prop_carry4_S[1]_CO[3])
                                                      0.533     6.402 f  system_i/PS7/ps7_0_axi_periph/xbar/inst/gen_samd.crossbar_samd/gen_slave_slots[0].gen_si_read.si_transactor_ar/gen_multi_thread.aid_match_70_carry/CO[3]
                         net (fo=2, routed)           1.062     7.463    system_i/PS7/ps7_0_axi_periph/xbar/inst/gen_samd.crossbar_samd/gen_slave_slots[0].gen_si_read.si_transactor_ar/gen_multi_thread.aid_match_70
    SLICE_X3Y35          LUT5 (Prop_lut5_I0_O)        0.124     7.587 f  system_i/PS7/ps7_0_axi_periph/xbar/inst/gen_samd.crossbar_samd/gen_slave_slots[0].gen_si_read.si_transactor_ar/gen_no_arbiter.s_ready_i[0]_i_13/O
                         net (fo=3, routed)           0.815     8.402    system_i/PS7/ps7_0_axi_periph/xbar/inst/gen_samd.crossbar_samd/gen_slave_slots[0].gen_si_read.si_transactor_ar/gen_no_arbiter.s_ready_i[0]_i_13_n_0
    SLICE_X2Y33          LUT6 (Prop_lut6_I3_O)        0.124     8.526 f  system_i/PS7/ps7_0_axi_periph/xbar/inst/gen_samd.crossbar_samd/gen_slave_slots[0].gen_si_read.si_transactor_ar/gen_multi_thread.active_target[57]_i_5__0/O
                         net (fo=8, routed)           0.537     9.064    system_i/PS7/ps7_0_axi_periph/xbar/inst/gen_samd.crossbar_samd/gen_slave_slots[0].gen_si_read.si_transactor_ar/gen_multi_thread.active_target[57]_i_5__0_n_0
    SLICE_X0Y31          LUT5 (Prop_lut5_I3_O)        0.124     9.188 r  system_i/PS7/ps7_0_axi_periph/xbar/inst/gen_samd.crossbar_samd/gen_slave_slots[0].gen_si_read.si_transactor_ar/gen_multi_thread.active_target[9]_i_1__0/O
                         net (fo=17, routed)          0.467     9.654    system_i/PS7/ps7_0_axi_periph/xbar/inst/gen_samd.crossbar_samd/gen_slave_slots[0].gen_si_read.si_transactor_ar/gen_multi_thread.arbiter_resp_inst/gen_multi_thread.cmd_push_1
    SLICE_X1Y31          LUT4 (Prop_lut4_I0_O)        0.124     9.778 r  system_i/PS7/ps7_0_axi_periph/xbar/inst/gen_samd.crossbar_samd/gen_slave_slots[0].gen_si_read.si_transactor_ar/gen_multi_thread.arbiter_resp_inst/gen_multi_thread.active_cnt[11]_i_1__0/O
                         net (fo=4, routed)           0.482    10.260    system_i/PS7/ps7_0_axi_periph/xbar/inst/gen_samd.crossbar_samd/gen_slave_slots[0].gen_si_read.si_transactor_ar/gen_multi_thread.arbiter_resp_inst_n_7
    SLICE_X1Y31          FDRE                                         r  system_i/PS7/ps7_0_axi_periph/xbar/inst/gen_samd.crossbar_samd/gen_slave_slots[0].gen_si_read.si_transactor_ar/gen_multi_thread.active_cnt_reg[10]/CE
  -------------------------------------------------------------------    -------------------

                         (clock clk_fpga_0 rise edge)
                                                      8.000     8.000 r  
    PS7_X0Y0             PS7                          0.000     8.000 r  system_i/PS7/processing_system7_0/inst/PS7_i/FCLKCLK[0]
                         net (fo=1, routed)           1.101     9.101    system_i/PS7/processing_system7_0/inst/FCLK_CLK_unbuffered[0]
    BUFGCTRL_X0Y0        BUFG (Prop_bufg_I_O)         0.091     9.192 r  system_i/PS7/processing_system7_0/inst/buffer_fclk_clk_0.FCLK_CLK_0_BUFG/O
                         net (fo=1497, routed)        1.537    10.729    system_i/PS7/ps7_0_axi_periph/xbar/inst/gen_samd.crossbar_samd/gen_slave_slots[0].gen_si_read.si_transactor_ar/aclk
    SLICE_X1Y31          FDRE                                         r  system_i/PS7/ps7_0_axi_periph/xbar/inst/gen_samd.crossbar_samd/gen_slave_slots[0].gen_si_read.si_transactor_ar/gen_multi_thread.active_cnt_reg[10]/C
                         clock pessimism              0.266    10.996    
                         clock uncertainty           -0.125    10.871    
    SLICE_X1Y31          FDRE (Setup_fdre_C_CE)      -0.205    10.666    system_i/PS7/ps7_0_axi_periph/xbar/inst/gen_samd.crossbar_samd/gen_slave_slots[0].gen_si_read.si_transactor_ar/gen_multi_thread.active_cnt_reg[10]
  -------------------------------------------------------------------
                         required time                         10.666    
                         arrival time                         -10.260    
  -------------------------------------------------------------------
                         slack                                  0.406    

Slack (MET) :             0.406ns  (required time - arrival time)
  Source:                 system_i/PS7/processing_system7_0/inst/PS7_i/MAXIGP0ACLK
                            (rising edge-triggered cell PS7 clocked by clk_fpga_0  {rise@0.000ns fall@4.000ns period=8.000ns})
  Destination:            system_i/PS7/ps7_0_axi_periph/xbar/inst/gen_samd.crossbar_samd/gen_slave_slots[0].gen_si_read.si_transactor_ar/gen_multi_thread.active_cnt_reg[11]/CE
                            (rising edge-triggered cell FDRE clocked by clk_fpga_0  {rise@0.000ns fall@4.000ns period=8.000ns})
  Path Group:             clk_fpga_0
  Path Type:              Setup (Max at Slow Process Corner)
  Requirement:            8.000ns  (clk_fpga_0 rise@8.000ns - clk_fpga_0 rise@0.000ns)
  Data Path Delay:        7.187ns  (logic 2.603ns (36.216%)  route 4.584ns (63.784%))
  Logic Levels:           6  (CARRY4=1 LUT4=1 LUT5=2 LUT6=2)
  Clock Path Skew:        -0.077ns (DCD - SCD + CPR)
    Destination Clock Delay (DCD):    2.730ns = ( 10.729 - 8.000 ) 
    Source Clock Delay      (SCD):    3.073ns
    Clock Pessimism Removal (CPR):    0.266ns
  Clock Uncertainty:      0.125ns  ((TSJ^2 + TIJ^2)^1/2 + DJ) / 2 + PE
    Total System Jitter     (TSJ):    0.071ns
    Total Input Jitter      (TIJ):    0.240ns
    Discrete Jitter          (DJ):    0.000ns
    Phase Error              (PE):    0.000ns

    Location             Delay type                Incr(ns)  Path(ns)    Netlist Resource(s)
  -------------------------------------------------------------------    -------------------
                         (clock clk_fpga_0 rise edge)
                                                      0.000     0.000 r  
    PS7_X0Y0             PS7                          0.000     0.000 r  system_i/PS7/processing_system7_0/inst/PS7_i/FCLKCLK[0]
                         net (fo=1, routed)           1.207     1.207    system_i/PS7/processing_system7_0/inst/FCLK_CLK_unbuffered[0]
    BUFGCTRL_X0Y0        BUFG (Prop_bufg_I_O)         0.101     1.308 r  system_i/PS7/processing_system7_0/inst/buffer_fclk_clk_0.FCLK_CLK_0_BUFG/O
                         net (fo=1497, routed)        1.765     3.073    system_i/PS7/processing_system7_0/inst/M_AXI_GP0_ACLK
    PS7_X0Y0             PS7                                          r  system_i/PS7/processing_system7_0/inst/PS7_i/MAXIGP0ACLK
  -------------------------------------------------------------------    -------------------
    PS7_X0Y0             PS7 (Prop_ps7_MAXIGP0ACLK_MAXIGP0ARID[3])
                                                      1.450     4.523 r  system_i/PS7/processing_system7_0/inst/PS7_i/MAXIGP0ARID[3]
                         net (fo=17, routed)          1.222     5.745    system_i/PS7/ps7_0_axi_periph/xbar/inst/gen_samd.crossbar_samd/gen_slave_slots[0].gen_si_read.si_transactor_ar/s_axi_arid[3]
    SLICE_X0Y37          LUT6 (Prop_lut6_I1_O)        0.124     5.869 r  system_i/PS7/ps7_0_axi_periph/xbar/inst/gen_samd.crossbar_samd/gen_slave_slots[0].gen_si_read.si_transactor_ar/gen_multi_thread.aid_match_70_carry_i_3/O
                         net (fo=1, routed)           0.000     5.869    system_i/PS7/ps7_0_axi_periph/xbar/inst/gen_samd.crossbar_samd/gen_slave_slots[0].gen_si_read.si_transactor_ar/gen_multi_thread.aid_match_70_carry_i_3_n_0
    SLICE_X0Y37          CARRY4 (Prop_carry4_S[1]_CO[3])
                                                      0.533     6.402 f  system_i/PS7/ps7_0_axi_periph/xbar/inst/gen_samd.crossbar_samd/gen_slave_slots[0].gen_si_read.si_transactor_ar/gen_multi_thread.aid_match_70_carry/CO[3]
                         net (fo=2, routed)           1.062     7.463    system_i/PS7/ps7_0_axi_periph/xbar/inst/gen_samd.crossbar_samd/gen_slave_slots[0].gen_si_read.si_transactor_ar/gen_multi_thread.aid_match_70
    SLICE_X3Y35          LUT5 (Prop_lut5_I0_O)        0.124     7.587 f  system_i/PS7/ps7_0_axi_periph/xbar/inst/gen_samd.crossbar_samd/gen_slave_slots[0].gen_si_read.si_transactor_ar/gen_no_arbiter.s_ready_i[0]_i_13/O
                         net (fo=3, routed)           0.815     8.402    system_i/PS7/ps7_0_axi_periph/xbar/inst/gen_samd.crossbar_samd/gen_slave_slots[0].gen_si_read.si_transactor_ar/gen_no_arbiter.s_ready_i[0]_i_13_n_0
    SLICE_X2Y33          LUT6 (Prop_lut6_I3_O)        0.124     8.526 f  system_i/PS7/ps7_0_axi_periph/xbar/inst/gen_samd.crossbar_samd/gen_slave_slots[0].gen_si_read.si_transactor_ar/gen_multi_thread.active_target[57]_i_5__0/O
                         net (fo=8, routed)           0.537     9.064    system_i/PS7/ps7_0_axi_periph/xbar/inst/gen_samd.crossbar_samd/gen_slave_slots[0].gen_si_read.si_transactor_ar/gen_multi_thread.active_target[57]_i_5__0_n_0
    SLICE_X0Y31          LUT5 (Prop_lut5_I3_O)        0.124     9.188 r  system_i/PS7/ps7_0_axi_periph/xbar/inst/gen_samd.crossbar_samd/gen_slave_slots[0].gen_si_read.si_transactor_ar/gen_multi_thread.active_target[9]_i_1__0/O
                         net (fo=17, routed)          0.467     9.654    system_i/PS7/ps7_0_axi_periph/xbar/inst/gen_samd.crossbar_samd/gen_slave_slots[0].gen_si_read.si_transactor_ar/gen_multi_thread.arbiter_resp_inst/gen_multi_thread.cmd_push_1
    SLICE_X1Y31          LUT4 (Prop_lut4_I0_O)        0.124     9.778 r  system_i/PS7/ps7_0_axi_periph/xbar/inst/gen_samd.crossbar_samd/gen_slave_slots[0].gen_si_read.si_transactor_ar/gen_multi_thread.arbiter_resp_inst/gen_multi_thread.active_cnt[11]_i_1__0/O
                         net (fo=4, routed)           0.482    10.260    system_i/PS7/ps7_0_axi_periph/xbar/inst/gen_samd.crossbar_samd/gen_slave_slots[0].gen_si_read.si_transactor_ar/gen_multi_thread.arbiter_resp_inst_n_7
    SLICE_X1Y31          FDRE                                         r  system_i/PS7/ps7_0_axi_periph/xbar/inst/gen_samd.crossbar_samd/gen_slave_slots[0].gen_si_read.si_transactor_ar/gen_multi_thread.active_cnt_reg[11]/CE
  -------------------------------------------------------------------    -------------------

                         (clock clk_fpga_0 rise edge)
                                                      8.000     8.000 r  
    PS7_X0Y0             PS7                          0.000     8.000 r  system_i/PS7/processing_system7_0/inst/PS7_i/FCLKCLK[0]
                         net (fo=1, routed)           1.101     9.101    system_i/PS7/processing_system7_0/inst/FCLK_CLK_unbuffered[0]
    BUFGCTRL_X0Y0        BUFG (Prop_bufg_I_O)         0.091     9.192 r  system_i/PS7/processing_system7_0/inst/buffer_fclk_clk_0.FCLK_CLK_0_BUFG/O
                         net (fo=1497, routed)        1.537    10.729    system_i/PS7/ps7_0_axi_periph/xbar/inst/gen_samd.crossbar_samd/gen_slave_slots[0].gen_si_read.si_transactor_ar/aclk
    SLICE_X1Y31          FDRE                                         r  system_i/PS7/ps7_0_axi_periph/xbar/inst/gen_samd.crossbar_samd/gen_slave_slots[0].gen_si_read.si_transactor_ar/gen_multi_thread.active_cnt_reg[11]/C
                         clock pessimism              0.266    10.996    
                         clock uncertainty           -0.125    10.871    
    SLICE_X1Y31          FDRE (Setup_fdre_C_CE)      -0.205    10.666    system_i/PS7/ps7_0_axi_periph/xbar/inst/gen_samd.crossbar_samd/gen_slave_slots[0].gen_si_read.si_transactor_ar/gen_multi_thread.active_cnt_reg[11]
  -------------------------------------------------------------------
                         required time                         10.666    
                         arrival time                         -10.260    
  -------------------------------------------------------------------
                         slack                                  0.406    

Slack (MET) :             0.406ns  (required time - arrival time)
  Source:                 system_i/PS7/processing_system7_0/inst/PS7_i/MAXIGP0ACLK
                            (rising edge-triggered cell PS7 clocked by clk_fpga_0  {rise@0.000ns fall@4.000ns period=8.000ns})
  Destination:            system_i/PS7/ps7_0_axi_periph/xbar/inst/gen_samd.crossbar_samd/gen_slave_slots[0].gen_si_read.si_transactor_ar/gen_multi_thread.active_cnt_reg[8]/CE
                            (rising edge-triggered cell FDRE clocked by clk_fpga_0  {rise@0.000ns fall@4.000ns period=8.000ns})
  Path Group:             clk_fpga_0
  Path Type:              Setup (Max at Slow Process Corner)
  Requirement:            8.000ns  (clk_fpga_0 rise@8.000ns - clk_fpga_0 rise@0.000ns)
  Data Path Delay:        7.187ns  (logic 2.603ns (36.216%)  route 4.584ns (63.784%))
  Logic Levels:           6  (CARRY4=1 LUT4=1 LUT5=2 LUT6=2)
  Clock Path Skew:        -0.077ns (DCD - SCD + CPR)
    Destination Clock Delay (DCD):    2.730ns = ( 10.729 - 8.000 ) 
    Source Clock Delay      (SCD):    3.073ns
    Clock Pessimism Removal (CPR):    0.266ns
  Clock Uncertainty:      0.125ns  ((TSJ^2 + TIJ^2)^1/2 + DJ) / 2 + PE
    Total System Jitter     (TSJ):    0.071ns
    Total Input Jitter      (TIJ):    0.240ns
    Discrete Jitter          (DJ):    0.000ns
    Phase Error              (PE):    0.000ns

    Location             Delay type                Incr(ns)  Path(ns)    Netlist Resource(s)
  -------------------------------------------------------------------    -------------------
                         (clock clk_fpga_0 rise edge)
                                                      0.000     0.000 r  
    PS7_X0Y0             PS7                          0.000     0.000 r  system_i/PS7/processing_system7_0/inst/PS7_i/FCLKCLK[0]
                         net (fo=1, routed)           1.207     1.207    system_i/PS7/processing_system7_0/inst/FCLK_CLK_unbuffered[0]
    BUFGCTRL_X0Y0        BUFG (Prop_bufg_I_O)         0.101     1.308 r  system_i/PS7/processing_system7_0/inst/buffer_fclk_clk_0.FCLK_CLK_0_BUFG/O
                         net (fo=1497, routed)        1.765     3.073    system_i/PS7/processing_system7_0/inst/M_AXI_GP0_ACLK
    PS7_X0Y0             PS7                                          r  system_i/PS7/processing_system7_0/inst/PS7_i/MAXIGP0ACLK
  -------------------------------------------------------------------    -------------------
    PS7_X0Y0             PS7 (Prop_ps7_MAXIGP0ACLK_MAXIGP0ARID[3])
                                                      1.450     4.523 r  system_i/PS7/processing_system7_0/inst/PS7_i/MAXIGP0ARID[3]
                         net (fo=17, routed)          1.222     5.745    system_i/PS7/ps7_0_axi_periph/xbar/inst/gen_samd.crossbar_samd/gen_slave_slots[0].gen_si_read.si_transactor_ar/s_axi_arid[3]
    SLICE_X0Y37          LUT6 (Prop_lut6_I1_O)        0.124     5.869 r  system_i/PS7/ps7_0_axi_periph/xbar/inst/gen_samd.crossbar_samd/gen_slave_slots[0].gen_si_read.si_transactor_ar/gen_multi_thread.aid_match_70_carry_i_3/O
                         net (fo=1, routed)           0.000     5.869    system_i/PS7/ps7_0_axi_periph/xbar/inst/gen_samd.crossbar_samd/gen_slave_slots[0].gen_si_read.si_transactor_ar/gen_multi_thread.aid_match_70_carry_i_3_n_0
    SLICE_X0Y37          CARRY4 (Prop_carry4_S[1]_CO[3])
                                                      0.533     6.402 f  system_i/PS7/ps7_0_axi_periph/xbar/inst/gen_samd.crossbar_samd/gen_slave_slots[0].gen_si_read.si_transactor_ar/gen_multi_thread.aid_match_70_carry/CO[3]
                         net (fo=2, routed)           1.062     7.463    system_i/PS7/ps7_0_axi_periph/xbar/inst/gen_samd.crossbar_samd/gen_slave_slots[0].gen_si_read.si_transactor_ar/gen_multi_thread.aid_match_70
    SLICE_X3Y35          LUT5 (Prop_lut5_I0_O)        0.124     7.587 f  system_i/PS7/ps7_0_axi_periph/xbar/inst/gen_samd.crossbar_samd/gen_slave_slots[0].gen_si_read.si_transactor_ar/gen_no_arbiter.s_ready_i[0]_i_13/O
                         net (fo=3, routed)           0.815     8.402    system_i/PS7/ps7_0_axi_periph/xbar/inst/gen_samd.crossbar_samd/gen_slave_slots[0].gen_si_read.si_transactor_ar/gen_no_arbiter.s_ready_i[0]_i_13_n_0
    SLICE_X2Y33          LUT6 (Prop_lut6_I3_O)        0.124     8.526 f  system_i/PS7/ps7_0_axi_periph/xbar/inst/gen_samd.crossbar_samd/gen_slave_slots[0].gen_si_read.si_transactor_ar/gen_multi_thread.active_target[57]_i_5__0/O
                         net (fo=8, routed)           0.537     9.064    system_i/PS7/ps7_0_axi_periph/xbar/inst/gen_samd.crossbar_samd/gen_slave_slots[0].gen_si_read.si_transactor_ar/gen_multi_thread.active_target[57]_i_5__0_n_0
    SLICE_X0Y31          LUT5 (Prop_lut5_I3_O)        0.124     9.188 r  system_i/PS7/ps7_0_axi_periph/xbar/inst/gen_samd.crossbar_samd/gen_slave_slots[0].gen_si_read.si_transactor_ar/gen_multi_thread.active_target[9]_i_1__0/O
                         net (fo=17, routed)          0.467     9.654    system_i/PS7/ps7_0_axi_periph/xbar/inst/gen_samd.crossbar_samd/gen_slave_slots[0].gen_si_read.si_transactor_ar/gen_multi_thread.arbiter_resp_inst/gen_multi_thread.cmd_push_1
    SLICE_X1Y31          LUT4 (Prop_lut4_I0_O)        0.124     9.778 r  system_i/PS7/ps7_0_axi_periph/xbar/inst/gen_samd.crossbar_samd/gen_slave_slots[0].gen_si_read.si_transactor_ar/gen_multi_thread.arbiter_resp_inst/gen_multi_thread.active_cnt[11]_i_1__0/O
                         net (fo=4, routed)           0.482    10.260    system_i/PS7/ps7_0_axi_periph/xbar/inst/gen_samd.crossbar_samd/gen_slave_slots[0].gen_si_read.si_transactor_ar/gen_multi_thread.arbiter_resp_inst_n_7
    SLICE_X1Y31          FDRE                                         r  system_i/PS7/ps7_0_axi_periph/xbar/inst/gen_samd.crossbar_samd/gen_slave_slots[0].gen_si_read.si_transactor_ar/gen_multi_thread.active_cnt_reg[8]/CE
  -------------------------------------------------------------------    -------------------

                         (clock clk_fpga_0 rise edge)
                                                      8.000     8.000 r  
    PS7_X0Y0             PS7                          0.000     8.000 r  system_i/PS7/processing_system7_0/inst/PS7_i/FCLKCLK[0]
                         net (fo=1, routed)           1.101     9.101    system_i/PS7/processing_system7_0/inst/FCLK_CLK_unbuffered[0]
    BUFGCTRL_X0Y0        BUFG (Prop_bufg_I_O)         0.091     9.192 r  system_i/PS7/processing_system7_0/inst/buffer_fclk_clk_0.FCLK_CLK_0_BUFG/O
                         net (fo=1497, routed)        1.537    10.729    system_i/PS7/ps7_0_axi_periph/xbar/inst/gen_samd.crossbar_samd/gen_slave_slots[0].gen_si_read.si_transactor_ar/aclk
    SLICE_X1Y31          FDRE                                         r  system_i/PS7/ps7_0_axi_periph/xbar/inst/gen_samd.crossbar_samd/gen_slave_slots[0].gen_si_read.si_transactor_ar/gen_multi_thread.active_cnt_reg[8]/C
                         clock pessimism              0.266    10.996    
                         clock uncertainty           -0.125    10.871    
    SLICE_X1Y31          FDRE (Setup_fdre_C_CE)      -0.205    10.666    system_i/PS7/ps7_0_axi_periph/xbar/inst/gen_samd.crossbar_samd/gen_slave_slots[0].gen_si_read.si_transactor_ar/gen_multi_thread.active_cnt_reg[8]
  -------------------------------------------------------------------
                         required time                         10.666    
                         arrival time                         -10.260    
  -------------------------------------------------------------------
                         slack                                  0.406    

Slack (MET) :             0.406ns  (required time - arrival time)
  Source:                 system_i/PS7/processing_system7_0/inst/PS7_i/MAXIGP0ACLK
                            (rising edge-triggered cell PS7 clocked by clk_fpga_0  {rise@0.000ns fall@4.000ns period=8.000ns})
  Destination:            system_i/PS7/ps7_0_axi_periph/xbar/inst/gen_samd.crossbar_samd/gen_slave_slots[0].gen_si_read.si_transactor_ar/gen_multi_thread.active_cnt_reg[9]/CE
                            (rising edge-triggered cell FDRE clocked by clk_fpga_0  {rise@0.000ns fall@4.000ns period=8.000ns})
  Path Group:             clk_fpga_0
  Path Type:              Setup (Max at Slow Process Corner)
  Requirement:            8.000ns  (clk_fpga_0 rise@8.000ns - clk_fpga_0 rise@0.000ns)
  Data Path Delay:        7.187ns  (logic 2.603ns (36.216%)  route 4.584ns (63.784%))
  Logic Levels:           6  (CARRY4=1 LUT4=1 LUT5=2 LUT6=2)
  Clock Path Skew:        -0.077ns (DCD - SCD + CPR)
    Destination Clock Delay (DCD):    2.730ns = ( 10.729 - 8.000 ) 
    Source Clock Delay      (SCD):    3.073ns
    Clock Pessimism Removal (CPR):    0.266ns
  Clock Uncertainty:      0.125ns  ((TSJ^2 + TIJ^2)^1/2 + DJ) / 2 + PE
    Total System Jitter     (TSJ):    0.071ns
    Total Input Jitter      (TIJ):    0.240ns
    Discrete Jitter          (DJ):    0.000ns
    Phase Error              (PE):    0.000ns

    Location             Delay type                Incr(ns)  Path(ns)    Netlist Resource(s)
  -------------------------------------------------------------------    -------------------
                         (clock clk_fpga_0 rise edge)
                                                      0.000     0.000 r  
    PS7_X0Y0             PS7                          0.000     0.000 r  system_i/PS7/processing_system7_0/inst/PS7_i/FCLKCLK[0]
                         net (fo=1, routed)           1.207     1.207    system_i/PS7/processing_system7_0/inst/FCLK_CLK_unbuffered[0]
    BUFGCTRL_X0Y0        BUFG (Prop_bufg_I_O)         0.101     1.308 r  system_i/PS7/processing_system7_0/inst/buffer_fclk_clk_0.FCLK_CLK_0_BUFG/O
                         net (fo=1497, routed)        1.765     3.073    system_i/PS7/processing_system7_0/inst/M_AXI_GP0_ACLK
    PS7_X0Y0             PS7                                          r  system_i/PS7/processing_system7_0/inst/PS7_i/MAXIGP0ACLK
  -------------------------------------------------------------------    -------------------
    PS7_X0Y0             PS7 (Prop_ps7_MAXIGP0ACLK_MAXIGP0ARID[3])
                                                      1.450     4.523 r  system_i/PS7/processing_system7_0/inst/PS7_i/MAXIGP0ARID[3]
                         net (fo=17, routed)          1.222     5.745    system_i/PS7/ps7_0_axi_periph/xbar/inst/gen_samd.crossbar_samd/gen_slave_slots[0].gen_si_read.si_transactor_ar/s_axi_arid[3]
    SLICE_X0Y37          LUT6 (Prop_lut6_I1_O)        0.124     5.869 r  system_i/PS7/ps7_0_axi_periph/xbar/inst/gen_samd.crossbar_samd/gen_slave_slots[0].gen_si_read.si_transactor_ar/gen_multi_thread.aid_match_70_carry_i_3/O
                         net (fo=1, routed)           0.000     5.869    system_i/PS7/ps7_0_axi_periph/xbar/inst/gen_samd.crossbar_samd/gen_slave_slots[0].gen_si_read.si_transactor_ar/gen_multi_thread.aid_match_70_carry_i_3_n_0
    SLICE_X0Y37          CARRY4 (Prop_carry4_S[1]_CO[3])
                                                      0.533     6.402 f  system_i/PS7/ps7_0_axi_periph/xbar/inst/gen_samd.crossbar_samd/gen_slave_slots[0].gen_si_read.si_transactor_ar/gen_multi_thread.aid_match_70_carry/CO[3]
                         net (fo=2, routed)           1.062     7.463    system_i/PS7/ps7_0_axi_periph/xbar/inst/gen_samd.crossbar_samd/gen_slave_slots[0].gen_si_read.si_transactor_ar/gen_multi_thread.aid_match_70
    SLICE_X3Y35          LUT5 (Prop_lut5_I0_O)        0.124     7.587 f  system_i/PS7/ps7_0_axi_periph/xbar/inst/gen_samd.crossbar_samd/gen_slave_slots[0].gen_si_read.si_transactor_ar/gen_no_arbiter.s_ready_i[0]_i_13/O
                         net (fo=3, routed)           0.815     8.402    system_i/PS7/ps7_0_axi_periph/xbar/inst/gen_samd.crossbar_samd/gen_slave_slots[0].gen_si_read.si_transactor_ar/gen_no_arbiter.s_ready_i[0]_i_13_n_0
    SLICE_X2Y33          LUT6 (Prop_lut6_I3_O)        0.124     8.526 f  system_i/PS7/ps7_0_axi_periph/xbar/inst/gen_samd.crossbar_samd/gen_slave_slots[0].gen_si_read.si_transactor_ar/gen_multi_thread.active_target[57]_i_5__0/O
                         net (fo=8, routed)           0.537     9.064    system_i/PS7/ps7_0_axi_periph/xbar/inst/gen_samd.crossbar_samd/gen_slave_slots[0].gen_si_read.si_transactor_ar/gen_multi_thread.active_target[57]_i_5__0_n_0
    SLICE_X0Y31          LUT5 (Prop_lut5_I3_O)        0.124     9.188 r  system_i/PS7/ps7_0_axi_periph/xbar/inst/gen_samd.crossbar_samd/gen_slave_slots[0].gen_si_read.si_transactor_ar/gen_multi_thread.active_target[9]_i_1__0/O
                         net (fo=17, routed)          0.467     9.654    system_i/PS7/ps7_0_axi_periph/xbar/inst/gen_samd.crossbar_samd/gen_slave_slots[0].gen_si_read.si_transactor_ar/gen_multi_thread.arbiter_resp_inst/gen_multi_thread.cmd_push_1
    SLICE_X1Y31          LUT4 (Prop_lut4_I0_O)        0.124     9.778 r  system_i/PS7/ps7_0_axi_periph/xbar/inst/gen_samd.crossbar_samd/gen_slave_slots[0].gen_si_read.si_transactor_ar/gen_multi_thread.arbiter_resp_inst/gen_multi_thread.active_cnt[11]_i_1__0/O
                         net (fo=4, routed)           0.482    10.260    system_i/PS7/ps7_0_axi_periph/xbar/inst/gen_samd.crossbar_samd/gen_slave_slots[0].gen_si_read.si_transactor_ar/gen_multi_thread.arbiter_resp_inst_n_7
    SLICE_X1Y31          FDRE                                         r  system_i/PS7/ps7_0_axi_periph/xbar/inst/gen_samd.crossbar_samd/gen_slave_slots[0].gen_si_read.si_transactor_ar/gen_multi_thread.active_cnt_reg[9]/CE
  -------------------------------------------------------------------    -------------------

                         (clock clk_fpga_0 rise edge)
                                                      8.000     8.000 r  
    PS7_X0Y0             PS7                          0.000     8.000 r  system_i/PS7/processing_system7_0/inst/PS7_i/FCLKCLK[0]
                         net (fo=1, routed)           1.101     9.101    system_i/PS7/processing_system7_0/inst/FCLK_CLK_unbuffered[0]
    BUFGCTRL_X0Y0        BUFG (Prop_bufg_I_O)         0.091     9.192 r  system_i/PS7/processing_system7_0/inst/buffer_fclk_clk_0.FCLK_CLK_0_BUFG/O
                         net (fo=1497, routed)        1.537    10.729    system_i/PS7/ps7_0_axi_periph/xbar/inst/gen_samd.crossbar_samd/gen_slave_slots[0].gen_si_read.si_transactor_ar/aclk
    SLICE_X1Y31          FDRE                                         r  system_i/PS7/ps7_0_axi_periph/xbar/inst/gen_samd.crossbar_samd/gen_slave_slots[0].gen_si_read.si_transactor_ar/gen_multi_thread.active_cnt_reg[9]/C
                         clock pessimism              0.266    10.996    
                         clock uncertainty           -0.125    10.871    
    SLICE_X1Y31          FDRE (Setup_fdre_C_CE)      -0.205    10.666    system_i/PS7/ps7_0_axi_periph/xbar/inst/gen_samd.crossbar_samd/gen_slave_slots[0].gen_si_read.si_transactor_ar/gen_multi_thread.active_cnt_reg[9]
  -------------------------------------------------------------------
                         required time                         10.666    
                         arrival time                         -10.260    
  -------------------------------------------------------------------
                         slack                                  0.406    

Slack (MET) :             0.447ns  (required time - arrival time)
  Source:                 system_i/PS7/processing_system7_0/inst/PS7_i/MAXIGP0ACLK
                            (rising edge-triggered cell PS7 clocked by clk_fpga_0  {rise@0.000ns fall@4.000ns period=8.000ns})
  Destination:            system_i/PS7/ps7_0_axi_periph/xbar/inst/gen_samd.crossbar_samd/gen_slave_slots[0].gen_si_read.si_transactor_ar/gen_multi_thread.active_cnt_reg[48]/CE
                            (rising edge-triggered cell FDRE clocked by clk_fpga_0  {rise@0.000ns fall@4.000ns period=8.000ns})
  Path Group:             clk_fpga_0
  Path Type:              Setup (Max at Slow Process Corner)
  Requirement:            8.000ns  (clk_fpga_0 rise@8.000ns - clk_fpga_0 rise@0.000ns)
  Data Path Delay:        7.120ns  (logic 2.603ns (36.559%)  route 4.517ns (63.441%))
  Logic Levels:           6  (CARRY4=1 LUT4=1 LUT5=2 LUT6=2)
  Clock Path Skew:        -0.103ns (DCD - SCD + CPR)
    Destination Clock Delay (DCD):    2.740ns = ( 10.740 - 8.000 ) 
    Source Clock Delay      (SCD):    3.073ns
    Clock Pessimism Removal (CPR):    0.230ns
  Clock Uncertainty:      0.125ns  ((TSJ^2 + TIJ^2)^1/2 + DJ) / 2 + PE
    Total System Jitter     (TSJ):    0.071ns
    Total Input Jitter      (TIJ):    0.240ns
    Discrete Jitter          (DJ):    0.000ns
    Phase Error              (PE):    0.000ns

    Location             Delay type                Incr(ns)  Path(ns)    Netlist Resource(s)
  -------------------------------------------------------------------    -------------------
                         (clock clk_fpga_0 rise edge)
                                                      0.000     0.000 r  
    PS7_X0Y0             PS7                          0.000     0.000 r  system_i/PS7/processing_system7_0/inst/PS7_i/FCLKCLK[0]
                         net (fo=1, routed)           1.207     1.207    system_i/PS7/processing_system7_0/inst/FCLK_CLK_unbuffered[0]
    BUFGCTRL_X0Y0        BUFG (Prop_bufg_I_O)         0.101     1.308 r  system_i/PS7/processing_system7_0/inst/buffer_fclk_clk_0.FCLK_CLK_0_BUFG/O
                         net (fo=1497, routed)        1.765     3.073    system_i/PS7/processing_system7_0/inst/M_AXI_GP0_ACLK
    PS7_X0Y0             PS7                                          r  system_i/PS7/processing_system7_0/inst/PS7_i/MAXIGP0ACLK
  -------------------------------------------------------------------    -------------------
    PS7_X0Y0             PS7 (Prop_ps7_MAXIGP0ACLK_MAXIGP0ARID[3])
                                                      1.450     4.523 r  system_i/PS7/processing_system7_0/inst/PS7_i/MAXIGP0ARID[3]
                         net (fo=17, routed)          1.222     5.745    system_i/PS7/ps7_0_axi_periph/xbar/inst/gen_samd.crossbar_samd/gen_slave_slots[0].gen_si_read.si_transactor_ar/s_axi_arid[3]
    SLICE_X0Y37          LUT6 (Prop_lut6_I1_O)        0.124     5.869 r  system_i/PS7/ps7_0_axi_periph/xbar/inst/gen_samd.crossbar_samd/gen_slave_slots[0].gen_si_read.si_transactor_ar/gen_multi_thread.aid_match_70_carry_i_3/O
                         net (fo=1, routed)           0.000     5.869    system_i/PS7/ps7_0_axi_periph/xbar/inst/gen_samd.crossbar_samd/gen_slave_slots[0].gen_si_read.si_transactor_ar/gen_multi_thread.aid_match_70_carry_i_3_n_0
    SLICE_X0Y37          CARRY4 (Prop_carry4_S[1]_CO[3])
                                                      0.533     6.402 f  system_i/PS7/ps7_0_axi_periph/xbar/inst/gen_samd.crossbar_samd/gen_slave_slots[0].gen_si_read.si_transactor_ar/gen_multi_thread.aid_match_70_carry/CO[3]
                         net (fo=2, routed)           1.062     7.463    system_i/PS7/ps7_0_axi_periph/xbar/inst/gen_samd.crossbar_samd/gen_slave_slots[0].gen_si_read.si_transactor_ar/gen_multi_thread.aid_match_70
    SLICE_X3Y35          LUT5 (Prop_lut5_I0_O)        0.124     7.587 f  system_i/PS7/ps7_0_axi_periph/xbar/inst/gen_samd.crossbar_samd/gen_slave_slots[0].gen_si_read.si_transactor_ar/gen_no_arbiter.s_ready_i[0]_i_13/O
                         net (fo=3, routed)           0.815     8.402    system_i/PS7/ps7_0_axi_periph/xbar/inst/gen_samd.crossbar_samd/gen_slave_slots[0].gen_si_read.si_transactor_ar/gen_no_arbiter.s_ready_i[0]_i_13_n_0
    SLICE_X2Y33          LUT6 (Prop_lut6_I3_O)        0.124     8.526 f  system_i/PS7/ps7_0_axi_periph/xbar/inst/gen_samd.crossbar_samd/gen_slave_slots[0].gen_si_read.si_transactor_ar/gen_multi_thread.active_target[57]_i_5__0/O
                         net (fo=8, routed)           0.756     9.283    system_i/PS7/ps7_0_axi_periph/xbar/inst/gen_samd.crossbar_samd/gen_slave_slots[0].gen_si_read.si_transactor_ar/gen_multi_thread.active_target[57]_i_5__0_n_0
    SLICE_X3Y35          LUT5 (Prop_lut5_I3_O)        0.124     9.407 r  system_i/PS7/ps7_0_axi_periph/xbar/inst/gen_samd.crossbar_samd/gen_slave_slots[0].gen_si_read.si_transactor_ar/gen_multi_thread.active_target[49]_i_1__0/O
                         net (fo=17, routed)          0.330     9.737    system_i/PS7/ps7_0_axi_periph/xbar/inst/gen_samd.crossbar_samd/gen_slave_slots[0].gen_si_read.si_transactor_ar/gen_multi_thread.arbiter_resp_inst/gen_multi_thread.cmd_push_6
    SLICE_X2Y36          LUT4 (Prop_lut4_I0_O)        0.124     9.861 r  system_i/PS7/ps7_0_axi_periph/xbar/inst/gen_samd.crossbar_samd/gen_slave_slots[0].gen_si_read.si_transactor_ar/gen_multi_thread.arbiter_resp_inst/gen_multi_thread.active_cnt[51]_i_1__0/O
                         net (fo=4, routed)           0.332    10.193    system_i/PS7/ps7_0_axi_periph/xbar/inst/gen_samd.crossbar_samd/gen_slave_slots[0].gen_si_read.si_transactor_ar/gen_multi_thread.arbiter_resp_inst_n_12
    SLICE_X3Y37          FDRE                                         r  system_i/PS7/ps7_0_axi_periph/xbar/inst/gen_samd.crossbar_samd/gen_slave_slots[0].gen_si_read.si_transactor_ar/gen_multi_thread.active_cnt_reg[48]/CE
  -------------------------------------------------------------------    -------------------

                         (clock clk_fpga_0 rise edge)
                                                      8.000     8.000 r  
    PS7_X0Y0             PS7                          0.000     8.000 r  system_i/PS7/processing_system7_0/inst/PS7_i/FCLKCLK[0]
                         net (fo=1, routed)           1.101     9.101    system_i/PS7/processing_system7_0/inst/FCLK_CLK_unbuffered[0]
    BUFGCTRL_X0Y0        BUFG (Prop_bufg_I_O)         0.091     9.192 r  system_i/PS7/processing_system7_0/inst/buffer_fclk_clk_0.FCLK_CLK_0_BUFG/O
                         net (fo=1497, routed)        1.547    10.740    system_i/PS7/ps7_0_axi_periph/xbar/inst/gen_samd.crossbar_samd/gen_slave_slots[0].gen_si_read.si_transactor_ar/aclk
    SLICE_X3Y37          FDRE                                         r  system_i/PS7/ps7_0_axi_periph/xbar/inst/gen_samd.crossbar_samd/gen_slave_slots[0].gen_si_read.si_transactor_ar/gen_multi_thread.active_cnt_reg[48]/C
                         clock pessimism              0.230    10.970    
                         clock uncertainty           -0.125    10.845    
    SLICE_X3Y37          FDRE (Setup_fdre_C_CE)      -0.205    10.640    system_i/PS7/ps7_0_axi_periph/xbar/inst/gen_samd.crossbar_samd/gen_slave_slots[0].gen_si_read.si_transactor_ar/gen_multi_thread.active_cnt_reg[48]
  -------------------------------------------------------------------
                         required time                         10.640    
                         arrival time                         -10.193    
  -------------------------------------------------------------------
                         slack                                  0.447    





Min Delay Paths
--------------------------------------------------------------------------------------
Slack (MET) :             0.030ns  (arrival time - required time)
  Source:                 system_i/axi_gpio_0/U0/gpio_core_1/Dual.gpio_OE_reg[9]/C
                            (rising edge-triggered cell FDSE clocked by clk_fpga_0  {rise@0.000ns fall@4.000ns period=8.000ns})
  Destination:            system_i/axi_gpio_0/U0/gpio_core_1/Dual.ALLIN0_ND_G0.READ_REG_GEN[9].reg1_reg[9]/D
                            (rising edge-triggered cell FDRE clocked by clk_fpga_0  {rise@0.000ns fall@4.000ns period=8.000ns})
  Path Group:             clk_fpga_0
  Path Type:              Hold (Min at Fast Process Corner)
  Requirement:            0.000ns  (clk_fpga_0 rise@0.000ns - clk_fpga_0 rise@0.000ns)
  Data Path Delay:        0.384ns  (logic 0.226ns (58.848%)  route 0.158ns (41.152%))
  Logic Levels:           1  (LUT5=1)
  Clock Path Skew:        0.262ns (DCD - SCD - CPR)
    Destination Clock Delay (DCD):    1.197ns
    Source Clock Delay      (SCD):    0.901ns
    Clock Pessimism Removal (CPR):    0.034ns

    Location             Delay type                Incr(ns)  Path(ns)    Netlist Resource(s)
  -------------------------------------------------------------------    -------------------
                         (clock clk_fpga_0 rise edge)
                                                      0.000     0.000 r  
    PS7_X0Y0             PS7                          0.000     0.000 r  system_i/PS7/processing_system7_0/inst/PS7_i/FCLKCLK[0]
                         net (fo=1, routed)           0.315     0.315    system_i/PS7/processing_system7_0/inst/FCLK_CLK_unbuffered[0]
    BUFGCTRL_X0Y0        BUFG (Prop_bufg_I_O)         0.026     0.341 r  system_i/PS7/processing_system7_0/inst/buffer_fclk_clk_0.FCLK_CLK_0_BUFG/O
                         net (fo=1497, routed)        0.560     0.901    system_i/axi_gpio_0/U0/gpio_core_1/s_axi_aclk
    SLICE_X21Y44         FDSE                                         r  system_i/axi_gpio_0/U0/gpio_core_1/Dual.gpio_OE_reg[9]/C
  -------------------------------------------------------------------    -------------------
    SLICE_X21Y44         FDSE (Prop_fdse_C_Q)         0.128     1.029 r  system_i/axi_gpio_0/U0/gpio_core_1/Dual.gpio_OE_reg[9]/Q
                         net (fo=1, routed)           0.158     1.187    system_i/axi_gpio_0/U0/gpio_core_1/gpio_io_t[22]
    SLICE_X22Y42         LUT5 (Prop_lut5_I4_O)        0.098     1.285 r  system_i/axi_gpio_0/U0/gpio_core_1/Dual.ALLIN0_ND_G0.READ_REG_GEN[9].reg1[9]_i_1/O
                         net (fo=1, routed)           0.000     1.285    system_i/axi_gpio_0/U0/gpio_core_1/Dual.ALLIN0_ND_G0.READ_REG_GEN[9].reg1[9]_i_1_n_0
    SLICE_X22Y42         FDRE                                         r  system_i/axi_gpio_0/U0/gpio_core_1/Dual.ALLIN0_ND_G0.READ_REG_GEN[9].reg1_reg[9]/D
  -------------------------------------------------------------------    -------------------

                         (clock clk_fpga_0 rise edge)
                                                      0.000     0.000 r  
    PS7_X0Y0             PS7                          0.000     0.000 r  system_i/PS7/processing_system7_0/inst/PS7_i/FCLKCLK[0]
                         net (fo=1, routed)           0.341     0.341    system_i/PS7/processing_system7_0/inst/FCLK_CLK_unbuffered[0]
    BUFGCTRL_X0Y0        BUFG (Prop_bufg_I_O)         0.029     0.370 r  system_i/PS7/processing_system7_0/inst/buffer_fclk_clk_0.FCLK_CLK_0_BUFG/O
                         net (fo=1497, routed)        0.827     1.197    system_i/axi_gpio_0/U0/gpio_core_1/s_axi_aclk
    SLICE_X22Y42         FDRE                                         r  system_i/axi_gpio_0/U0/gpio_core_1/Dual.ALLIN0_ND_G0.READ_REG_GEN[9].reg1_reg[9]/C
                         clock pessimism             -0.034     1.163    
    SLICE_X22Y42         FDRE (Hold_fdre_C_D)         0.092     1.255    system_i/axi_gpio_0/U0/gpio_core_1/Dual.ALLIN0_ND_G0.READ_REG_GEN[9].reg1_reg[9]
  -------------------------------------------------------------------
                         required time                         -1.255    
                         arrival time                           1.285    
  -------------------------------------------------------------------
                         slack                                  0.030    

Slack (MET) :             0.048ns  (arrival time - required time)
  Source:                 system_i/axi_gpio_0/U0/gpio_core_1/Dual.ALLOUT1_ND_G2.READ_REG2_GEN[13].reg3_reg[31]/C
                            (rising edge-triggered cell FDRE clocked by clk_fpga_0  {rise@0.000ns fall@4.000ns period=8.000ns})
  Destination:            system_i/axi_gpio_0/U0/ip2bus_data_i_D1_reg[31]/D
                            (rising edge-triggered cell FDRE clocked by clk_fpga_0  {rise@0.000ns fall@4.000ns period=8.000ns})
  Path Group:             clk_fpga_0
  Path Type:              Hold (Min at Fast Process Corner)
  Requirement:            0.000ns  (clk_fpga_0 rise@0.000ns - clk_fpga_0 rise@0.000ns)
  Data Path Delay:        0.407ns  (logic 0.227ns (55.807%)  route 0.180ns (44.193%))
  Logic Levels:           1  (LUT5=1)
  Clock Path Skew:        0.266ns (DCD - SCD - CPR)
    Destination Clock Delay (DCD):    1.200ns
    Source Clock Delay      (SCD):    0.900ns
    Clock Pessimism Removal (CPR):    0.034ns

    Location             Delay type                Incr(ns)  Path(ns)    Netlist Resource(s)
  -------------------------------------------------------------------    -------------------
                         (clock clk_fpga_0 rise edge)
                                                      0.000     0.000 r  
    PS7_X0Y0             PS7                          0.000     0.000 r  system_i/PS7/processing_system7_0/inst/PS7_i/FCLKCLK[0]
                         net (fo=1, routed)           0.315     0.315    system_i/PS7/processing_system7_0/inst/FCLK_CLK_unbuffered[0]
    BUFGCTRL_X0Y0        BUFG (Prop_bufg_I_O)         0.026     0.341 r  system_i/PS7/processing_system7_0/inst/buffer_fclk_clk_0.FCLK_CLK_0_BUFG/O
                         net (fo=1497, routed)        0.559     0.900    system_i/axi_gpio_0/U0/gpio_core_1/s_axi_aclk
    SLICE_X22Y41         FDRE                                         r  system_i/axi_gpio_0/U0/gpio_core_1/Dual.ALLOUT1_ND_G2.READ_REG2_GEN[13].reg3_reg[31]/C
  -------------------------------------------------------------------    -------------------
    SLICE_X22Y41         FDRE (Prop_fdre_C_Q)         0.128     1.028 r  system_i/axi_gpio_0/U0/gpio_core_1/Dual.ALLOUT1_ND_G2.READ_REG2_GEN[13].reg3_reg[31]/Q
                         net (fo=1, routed)           0.180     1.207    system_i/axi_gpio_0/U0/AXI_LITE_IPIF_I/I_SLAVE_ATTACHMENT/I_DECODER/reg3[0]
    SLICE_X18Y41         LUT5 (Prop_lut5_I3_O)        0.099     1.306 r  system_i/axi_gpio_0/U0/AXI_LITE_IPIF_I/I_SLAVE_ATTACHMENT/I_DECODER/ip2bus_data_i_D1[31]_i_1/O
                         net (fo=1, routed)           0.000     1.306    system_i/axi_gpio_0/U0/ip2bus_data[31]
    SLICE_X18Y41         FDRE                                         r  system_i/axi_gpio_0/U0/ip2bus_data_i_D1_reg[31]/D
  -------------------------------------------------------------------    -------------------

                         (clock clk_fpga_0 rise edge)
                                                      0.000     0.000 r  
    PS7_X0Y0             PS7                          0.000     0.000 r  system_i/PS7/processing_system7_0/inst/PS7_i/FCLKCLK[0]
                         net (fo=1, routed)           0.341     0.341    system_i/PS7/processing_system7_0/inst/FCLK_CLK_unbuffered[0]
    BUFGCTRL_X0Y0        BUFG (Prop_bufg_I_O)         0.029     0.370 r  system_i/PS7/processing_system7_0/inst/buffer_fclk_clk_0.FCLK_CLK_0_BUFG/O
                         net (fo=1497, routed)        0.830     1.200    system_i/axi_gpio_0/U0/s_axi_aclk
    SLICE_X18Y41         FDRE                                         r  system_i/axi_gpio_0/U0/ip2bus_data_i_D1_reg[31]/C
                         clock pessimism             -0.034     1.166    
    SLICE_X18Y41         FDRE (Hold_fdre_C_D)         0.092     1.258    system_i/axi_gpio_0/U0/ip2bus_data_i_D1_reg[31]
  -------------------------------------------------------------------
                         required time                         -1.258    
                         arrival time                           1.306    
  -------------------------------------------------------------------
                         slack                                  0.048    

Slack (MET) :             0.052ns  (arrival time - required time)
  Source:                 system_i/axi_gpio_0/U0/gpio_core_1/Dual.gpio_OE_reg[2]/C
                            (rising edge-triggered cell FDSE clocked by clk_fpga_0  {rise@0.000ns fall@4.000ns period=8.000ns})
  Destination:            system_i/axi_gpio_0/U0/gpio_core_1/Dual.ALLIN0_ND_G0.READ_REG_GEN[2].reg1_reg[2]/D
                            (rising edge-triggered cell FDRE clocked by clk_fpga_0  {rise@0.000ns fall@4.000ns period=8.000ns})
  Path Group:             clk_fpga_0
  Path Type:              Hold (Min at Fast Process Corner)
  Requirement:            0.000ns  (clk_fpga_0 rise@0.000ns - clk_fpga_0 rise@0.000ns)
  Data Path Delay:        0.406ns  (logic 0.186ns (45.795%)  route 0.220ns (54.205%))
  Logic Levels:           1  (LUT5=1)
  Clock Path Skew:        0.262ns (DCD - SCD - CPR)
    Destination Clock Delay (DCD):    1.197ns
    Source Clock Delay      (SCD):    0.901ns
    Clock Pessimism Removal (CPR):    0.034ns

    Location             Delay type                Incr(ns)  Path(ns)    Netlist Resource(s)
  -------------------------------------------------------------------    -------------------
                         (clock clk_fpga_0 rise edge)
                                                      0.000     0.000 r  
    PS7_X0Y0             PS7                          0.000     0.000 r  system_i/PS7/processing_system7_0/inst/PS7_i/FCLKCLK[0]
                         net (fo=1, routed)           0.315     0.315    system_i/PS7/processing_system7_0/inst/FCLK_CLK_unbuffered[0]
    BUFGCTRL_X0Y0        BUFG (Prop_bufg_I_O)         0.026     0.341 r  system_i/PS7/processing_system7_0/inst/buffer_fclk_clk_0.FCLK_CLK_0_BUFG/O
                         net (fo=1497, routed)        0.560     0.901    system_i/axi_gpio_0/U0/gpio_core_1/s_axi_aclk
    SLICE_X21Y44         FDSE                                         r  system_i/axi_gpio_0/U0/gpio_core_1/Dual.gpio_OE_reg[2]/C
  -------------------------------------------------------------------    -------------------
    SLICE_X21Y44         FDSE (Prop_fdse_C_Q)         0.141     1.042 r  system_i/axi_gpio_0/U0/gpio_core_1/Dual.gpio_OE_reg[2]/Q
                         net (fo=1, routed)           0.220     1.262    system_i/axi_gpio_0/U0/gpio_core_1/gpio_io_t[29]
    SLICE_X22Y42         LUT5 (Prop_lut5_I4_O)        0.045     1.307 r  system_i/axi_gpio_0/U0/gpio_core_1/Dual.ALLIN0_ND_G0.READ_REG_GEN[2].reg1[2]_i_1/O
                         net (fo=1, routed)           0.000     1.307    system_i/axi_gpio_0/U0/gpio_core_1/Dual.ALLIN0_ND_G0.READ_REG_GEN[2].reg1[2]_i_1_n_0
    SLICE_X22Y42         FDRE                                         r  system_i/axi_gpio_0/U0/gpio_core_1/Dual.ALLIN0_ND_G0.READ_REG_GEN[2].reg1_reg[2]/D
  -------------------------------------------------------------------    -------------------

                         (clock clk_fpga_0 rise edge)
                                                      0.000     0.000 r  
    PS7_X0Y0             PS7                          0.000     0.000 r  system_i/PS7/processing_system7_0/inst/PS7_i/FCLKCLK[0]
                         net (fo=1, routed)           0.341     0.341    system_i/PS7/processing_system7_0/inst/FCLK_CLK_unbuffered[0]
    BUFGCTRL_X0Y0        BUFG (Prop_bufg_I_O)         0.029     0.370 r  system_i/PS7/processing_system7_0/inst/buffer_fclk_clk_0.FCLK_CLK_0_BUFG/O
                         net (fo=1497, routed)        0.827     1.197    system_i/axi_gpio_0/U0/gpio_core_1/s_axi_aclk
    SLICE_X22Y42         FDRE                                         r  system_i/axi_gpio_0/U0/gpio_core_1/Dual.ALLIN0_ND_G0.READ_REG_GEN[2].reg1_reg[2]/C
                         clock pessimism             -0.034     1.163    
    SLICE_X22Y42         FDRE (Hold_fdre_C_D)         0.092     1.255    system_i/axi_gpio_0/U0/gpio_core_1/Dual.ALLIN0_ND_G0.READ_REG_GEN[2].reg1_reg[2]
  -------------------------------------------------------------------
                         required time                         -1.255    
                         arrival time                           1.307    
  -------------------------------------------------------------------
                         slack                                  0.052    

Slack (MET) :             0.058ns  (arrival time - required time)
  Source:                 system_i/axi_gpio_0/U0/gpio_core_1/Dual.gpio_Data_In_reg[30]/C
                            (rising edge-triggered cell FDRE clocked by clk_fpga_0  {rise@0.000ns fall@4.000ns period=8.000ns})
  Destination:            system_i/axi_gpio_0/U0/gpio_core_1/Dual.ALLIN0_ND_G0.READ_REG_GEN[30].reg1_reg[30]/D
                            (rising edge-triggered cell FDRE clocked by clk_fpga_0  {rise@0.000ns fall@4.000ns period=8.000ns})
  Path Group:             clk_fpga_0
  Path Type:              Hold (Min at Fast Process Corner)
  Requirement:            0.000ns  (clk_fpga_0 rise@0.000ns - clk_fpga_0 rise@0.000ns)
  Data Path Delay:        0.419ns  (logic 0.209ns (49.906%)  route 0.210ns (50.094%))
  Logic Levels:           1  (LUT5=1)
  Clock Path Skew:        0.268ns (DCD - SCD - CPR)
    Destination Clock Delay (DCD):    1.199ns
    Source Clock Delay      (SCD):    0.897ns
    Clock Pessimism Removal (CPR):    0.034ns

    Location             Delay type                Incr(ns)  Path(ns)    Netlist Resource(s)
  -------------------------------------------------------------------    -------------------
                         (clock clk_fpga_0 rise edge)
                                                      0.000     0.000 r  
    PS7_X0Y0             PS7                          0.000     0.000 r  system_i/PS7/processing_system7_0/inst/PS7_i/FCLKCLK[0]
                         net (fo=1, routed)           0.315     0.315    system_i/PS7/processing_system7_0/inst/FCLK_CLK_unbuffered[0]
    BUFGCTRL_X0Y0        BUFG (Prop_bufg_I_O)         0.026     0.341 r  system_i/PS7/processing_system7_0/inst/buffer_fclk_clk_0.FCLK_CLK_0_BUFG/O
                         net (fo=1497, routed)        0.556     0.897    system_i/axi_gpio_0/U0/gpio_core_1/s_axi_aclk
    SLICE_X24Y36         FDRE                                         r  system_i/axi_gpio_0/U0/gpio_core_1/Dual.gpio_Data_In_reg[30]/C
  -------------------------------------------------------------------    -------------------
    SLICE_X24Y36         FDRE (Prop_fdre_C_Q)         0.164     1.061 r  system_i/axi_gpio_0/U0/gpio_core_1/Dual.gpio_Data_In_reg[30]/Q
                         net (fo=1, routed)           0.210     1.270    system_i/axi_gpio_0/U0/gpio_core_1/gpio_Data_In[30]
    SLICE_X21Y41         LUT5 (Prop_lut5_I0_O)        0.045     1.315 r  system_i/axi_gpio_0/U0/gpio_core_1/Dual.ALLIN0_ND_G0.READ_REG_GEN[30].reg1[30]_i_1/O
                         net (fo=1, routed)           0.000     1.315    system_i/axi_gpio_0/U0/gpio_core_1/p_0_in
    SLICE_X21Y41         FDRE                                         r  system_i/axi_gpio_0/U0/gpio_core_1/Dual.ALLIN0_ND_G0.READ_REG_GEN[30].reg1_reg[30]/D
  -------------------------------------------------------------------    -------------------

                         (clock clk_fpga_0 rise edge)
                                                      0.000     0.000 r  
    PS7_X0Y0             PS7                          0.000     0.000 r  system_i/PS7/processing_system7_0/inst/PS7_i/FCLKCLK[0]
                         net (fo=1, routed)           0.341     0.341    system_i/PS7/processing_system7_0/inst/FCLK_CLK_unbuffered[0]
    BUFGCTRL_X0Y0        BUFG (Prop_bufg_I_O)         0.029     0.370 r  system_i/PS7/processing_system7_0/inst/buffer_fclk_clk_0.FCLK_CLK_0_BUFG/O
                         net (fo=1497, routed)        0.829     1.199    system_i/axi_gpio_0/U0/gpio_core_1/s_axi_aclk
    SLICE_X21Y41         FDRE                                         r  system_i/axi_gpio_0/U0/gpio_core_1/Dual.ALLIN0_ND_G0.READ_REG_GEN[30].reg1_reg[30]/C
                         clock pessimism             -0.034     1.165    
    SLICE_X21Y41         FDRE (Hold_fdre_C_D)         0.092     1.257    system_i/axi_gpio_0/U0/gpio_core_1/Dual.ALLIN0_ND_G0.READ_REG_GEN[30].reg1_reg[30]
  -------------------------------------------------------------------
                         required time                         -1.257    
                         arrival time                           1.315    
  -------------------------------------------------------------------
                         slack                                  0.058    

Slack (MET) :             0.067ns  (arrival time - required time)
  Source:                 system_i/axi_gpio_0/U0/AXI_LITE_IPIF_I/I_SLAVE_ATTACHMENT/s_axi_rdata_i_reg[0]/C
                            (rising edge-triggered cell FDRE clocked by clk_fpga_0  {rise@0.000ns fall@4.000ns period=8.000ns})
  Destination:            system_i/PS7/ps7_0_axi_periph/m00_couplers/auto_pc/inst/gen_axilite.gen_b2s_conv.axilite_b2s/RD.r_channel_0/rd_data_fifo_0/memory_reg[31][0]_srl32/D
                            (rising edge-triggered cell SRLC32E clocked by clk_fpga_0  {rise@0.000ns fall@4.000ns period=8.000ns})
  Path Group:             clk_fpga_0
  Path Type:              Hold (Min at Fast Process Corner)
  Requirement:            0.000ns  (clk_fpga_0 rise@0.000ns - clk_fpga_0 rise@0.000ns)
  Data Path Delay:        0.197ns  (logic 0.141ns (71.611%)  route 0.056ns (28.389%))
  Logic Levels:           0  
  Clock Path Skew:        0.013ns (DCD - SCD - CPR)
    Destination Clock Delay (DCD):    1.200ns
    Source Clock Delay      (SCD):    0.903ns
    Clock Pessimism Removal (CPR):    0.284ns

    Location             Delay type                Incr(ns)  Path(ns)    Netlist Resource(s)
  -------------------------------------------------------------------    -------------------
                         (clock clk_fpga_0 rise edge)
                                                      0.000     0.000 r  
    PS7_X0Y0             PS7                          0.000     0.000 r  system_i/PS7/processing_system7_0/inst/PS7_i/FCLKCLK[0]
                         net (fo=1, routed)           0.315     0.315    system_i/PS7/processing_system7_0/inst/FCLK_CLK_unbuffered[0]
    BUFGCTRL_X0Y0        BUFG (Prop_bufg_I_O)         0.026     0.341 r  system_i/PS7/processing_system7_0/inst/buffer_fclk_clk_0.FCLK_CLK_0_BUFG/O
                         net (fo=1497, routed)        0.562     0.903    system_i/axi_gpio_0/U0/AXI_LITE_IPIF_I/I_SLAVE_ATTACHMENT/s_axi_aclk
    SLICE_X17Y41         FDRE                                         r  system_i/axi_gpio_0/U0/AXI_LITE_IPIF_I/I_SLAVE_ATTACHMENT/s_axi_rdata_i_reg[0]/C
  -------------------------------------------------------------------    -------------------
    SLICE_X17Y41         FDRE (Prop_fdre_C_Q)         0.141     1.044 r  system_i/axi_gpio_0/U0/AXI_LITE_IPIF_I/I_SLAVE_ATTACHMENT/s_axi_rdata_i_reg[0]/Q
                         net (fo=1, routed)           0.056     1.099    system_i/PS7/ps7_0_axi_periph/m00_couplers/auto_pc/inst/gen_axilite.gen_b2s_conv.axilite_b2s/RD.r_channel_0/rd_data_fifo_0/in[0]
    SLICE_X16Y41         SRLC32E                                      r  system_i/PS7/ps7_0_axi_periph/m00_couplers/auto_pc/inst/gen_axilite.gen_b2s_conv.axilite_b2s/RD.r_channel_0/rd_data_fifo_0/memory_reg[31][0]_srl32/D
  -------------------------------------------------------------------    -------------------

                         (clock clk_fpga_0 rise edge)
                                                      0.000     0.000 r  
    PS7_X0Y0             PS7                          0.000     0.000 r  system_i/PS7/processing_system7_0/inst/PS7_i/FCLKCLK[0]
                         net (fo=1, routed)           0.341     0.341    system_i/PS7/processing_system7_0/inst/FCLK_CLK_unbuffered[0]
    BUFGCTRL_X0Y0        BUFG (Prop_bufg_I_O)         0.029     0.370 r  system_i/PS7/processing_system7_0/inst/buffer_fclk_clk_0.FCLK_CLK_0_BUFG/O
                         net (fo=1497, routed)        0.830     1.200    system_i/PS7/ps7_0_axi_periph/m00_couplers/auto_pc/inst/gen_axilite.gen_b2s_conv.axilite_b2s/RD.r_channel_0/rd_data_fifo_0/aclk
    SLICE_X16Y41         SRLC32E                                      r  system_i/PS7/ps7_0_axi_periph/m00_couplers/auto_pc/inst/gen_axilite.gen_b2s_conv.axilite_b2s/RD.r_channel_0/rd_data_fifo_0/memory_reg[31][0]_srl32/CLK
                         clock pessimism             -0.284     0.916    
    SLICE_X16Y41         SRLC32E (Hold_srlc32e_CLK_D)
                                                      0.117     1.033    system_i/PS7/ps7_0_axi_periph/m00_couplers/auto_pc/inst/gen_axilite.gen_b2s_conv.axilite_b2s/RD.r_channel_0/rd_data_fifo_0/memory_reg[31][0]_srl32
  -------------------------------------------------------------------
                         required time                         -1.033    
                         arrival time                           1.099    
  -------------------------------------------------------------------
                         slack                                  0.067    

Slack (MET) :             0.084ns  (arrival time - required time)
  Source:                 system_i/PS7/rst_ps7_0_125M/U0/ACTIVE_LOW_PR_OUT_DFF[0].FDRE_PER_N/C
                            (rising edge-triggered cell FDRE clocked by clk_fpga_0  {rise@0.000ns fall@4.000ns period=8.000ns})
  Destination:            system_i/axi_gpio_0/U0/AXI_LITE_IPIF_I/I_SLAVE_ATTACHMENT/I_DECODER/MEM_DECODE_GEN[0].cs_out_i_reg[0]/D
                            (rising edge-triggered cell FDRE clocked by clk_fpga_0  {rise@0.000ns fall@4.000ns period=8.000ns})
  Path Group:             clk_fpga_0
  Path Type:              Hold (Min at Fast Process Corner)
  Requirement:            0.000ns  (clk_fpga_0 rise@0.000ns - clk_fpga_0 rise@0.000ns)
  Data Path Delay:        0.445ns  (logic 0.186ns (41.790%)  route 0.259ns (58.210%))
  Logic Levels:           1  (LUT5=1)
  Clock Path Skew:        0.269ns (DCD - SCD - CPR)
    Destination Clock Delay (DCD):    1.201ns
    Source Clock Delay      (SCD):    0.903ns
    Clock Pessimism Removal (CPR):    0.029ns

    Location             Delay type                Incr(ns)  Path(ns)    Netlist Resource(s)
  -------------------------------------------------------------------    -------------------
                         (clock clk_fpga_0 rise edge)
                                                      0.000     0.000 r  
    PS7_X0Y0             PS7                          0.000     0.000 r  system_i/PS7/processing_system7_0/inst/PS7_i/FCLKCLK[0]
                         net (fo=1, routed)           0.315     0.315    system_i/PS7/processing_system7_0/inst/FCLK_CLK_unbuffered[0]
    BUFGCTRL_X0Y0        BUFG (Prop_bufg_I_O)         0.026     0.341 r  system_i/PS7/processing_system7_0/inst/buffer_fclk_clk_0.FCLK_CLK_0_BUFG/O
                         net (fo=1497, routed)        0.562     0.903    system_i/PS7/rst_ps7_0_125M/U0/slowest_sync_clk
    SLICE_X18Y51         FDRE                                         r  system_i/PS7/rst_ps7_0_125M/U0/ACTIVE_LOW_PR_OUT_DFF[0].FDRE_PER_N/C
  -------------------------------------------------------------------    -------------------
    SLICE_X18Y51         FDRE (Prop_fdre_C_Q)         0.141     1.044 r  system_i/PS7/rst_ps7_0_125M/U0/ACTIVE_LOW_PR_OUT_DFF[0].FDRE_PER_N/Q
                         net (fo=9, routed)           0.259     1.303    system_i/axi_gpio_0/U0/AXI_LITE_IPIF_I/I_SLAVE_ATTACHMENT/I_DECODER/s_axi_aresetn
    SLICE_X15Y45         LUT5 (Prop_lut5_I2_O)        0.045     1.348 r  system_i/axi_gpio_0/U0/AXI_LITE_IPIF_I/I_SLAVE_ATTACHMENT/I_DECODER/MEM_DECODE_GEN[0].cs_out_i[0]_i_1/O
                         net (fo=1, routed)           0.000     1.348    system_i/axi_gpio_0/U0/AXI_LITE_IPIF_I/I_SLAVE_ATTACHMENT/I_DECODER/MEM_DECODE_GEN[0].cs_out_i[0]_i_1_n_0
    SLICE_X15Y45         FDRE                                         r  system_i/axi_gpio_0/U0/AXI_LITE_IPIF_I/I_SLAVE_ATTACHMENT/I_DECODER/MEM_DECODE_GEN[0].cs_out_i_reg[0]/D
  -------------------------------------------------------------------    -------------------

                         (clock clk_fpga_0 rise edge)
                                                      0.000     0.000 r  
    PS7_X0Y0             PS7                          0.000     0.000 r  system_i/PS7/processing_system7_0/inst/PS7_i/FCLKCLK[0]
                         net (fo=1, routed)           0.341     0.341    system_i/PS7/processing_system7_0/inst/FCLK_CLK_unbuffered[0]
    BUFGCTRL_X0Y0        BUFG (Prop_bufg_I_O)         0.029     0.370 r  system_i/PS7/processing_system7_0/inst/buffer_fclk_clk_0.FCLK_CLK_0_BUFG/O
                         net (fo=1497, routed)        0.831     1.201    system_i/axi_gpio_0/U0/AXI_LITE_IPIF_I/I_SLAVE_ATTACHMENT/I_DECODER/s_axi_aclk
    SLICE_X15Y45         FDRE                                         r  system_i/axi_gpio_0/U0/AXI_LITE_IPIF_I/I_SLAVE_ATTACHMENT/I_DECODER/MEM_DECODE_GEN[0].cs_out_i_reg[0]/C
                         clock pessimism             -0.029     1.172    
    SLICE_X15Y45         FDRE (Hold_fdre_C_D)         0.092     1.264    system_i/axi_gpio_0/U0/AXI_LITE_IPIF_I/I_SLAVE_ATTACHMENT/I_DECODER/MEM_DECODE_GEN[0].cs_out_i_reg[0]
  -------------------------------------------------------------------
                         required time                         -1.264    
                         arrival time                           1.348    
  -------------------------------------------------------------------
                         slack                                  0.084    

Slack (MET) :             0.086ns  (arrival time - required time)
  Source:                 system_i/PS7/ps7_0_axi_periph/m00_couplers/auto_pc/inst/gen_axilite.gen_b2s_conv.axilite_b2s/RD.r_channel_0/r_arid_r_reg[5]/C
                            (rising edge-triggered cell FDRE clocked by clk_fpga_0  {rise@0.000ns fall@4.000ns period=8.000ns})
  Destination:            system_i/PS7/ps7_0_axi_periph/m00_couplers/auto_pc/inst/gen_axilite.gen_b2s_conv.axilite_b2s/RD.r_channel_0/transaction_fifo_0/memory_reg[31][6]_srl32/D
                            (rising edge-triggered cell SRLC32E clocked by clk_fpga_0  {rise@0.000ns fall@4.000ns period=8.000ns})
  Path Group:             clk_fpga_0
  Path Type:              Hold (Min at Fast Process Corner)
  Requirement:            0.000ns  (clk_fpga_0 rise@0.000ns - clk_fpga_0 rise@0.000ns)
  Data Path Delay:        0.232ns  (logic 0.128ns (55.169%)  route 0.104ns (44.831%))
  Logic Levels:           0  
  Clock Path Skew:        0.016ns (DCD - SCD - CPR)
    Destination Clock Delay (DCD):    1.202ns
    Source Clock Delay      (SCD):    0.905ns
    Clock Pessimism Removal (CPR):    0.281ns

    Location             Delay type                Incr(ns)  Path(ns)    Netlist Resource(s)
  -------------------------------------------------------------------    -------------------
                         (clock clk_fpga_0 rise edge)
                                                      0.000     0.000 r  
    PS7_X0Y0             PS7                          0.000     0.000 r  system_i/PS7/processing_system7_0/inst/PS7_i/FCLKCLK[0]
                         net (fo=1, routed)           0.315     0.315    system_i/PS7/processing_system7_0/inst/FCLK_CLK_unbuffered[0]
    BUFGCTRL_X0Y0        BUFG (Prop_bufg_I_O)         0.026     0.341 r  system_i/PS7/processing_system7_0/inst/buffer_fclk_clk_0.FCLK_CLK_0_BUFG/O
                         net (fo=1497, routed)        0.564     0.905    system_i/PS7/ps7_0_axi_periph/m00_couplers/auto_pc/inst/gen_axilite.gen_b2s_conv.axilite_b2s/RD.r_channel_0/aclk
    SLICE_X11Y38         FDRE                                         r  system_i/PS7/ps7_0_axi_periph/m00_couplers/auto_pc/inst/gen_axilite.gen_b2s_conv.axilite_b2s/RD.r_channel_0/r_arid_r_reg[5]/C
  -------------------------------------------------------------------    -------------------
    SLICE_X11Y38         FDRE (Prop_fdre_C_Q)         0.128     1.033 r  system_i/PS7/ps7_0_axi_periph/m00_couplers/auto_pc/inst/gen_axilite.gen_b2s_conv.axilite_b2s/RD.r_channel_0/r_arid_r_reg[5]/Q
                         net (fo=1, routed)           0.104     1.137    system_i/PS7/ps7_0_axi_periph/m00_couplers/auto_pc/inst/gen_axilite.gen_b2s_conv.axilite_b2s/RD.r_channel_0/transaction_fifo_0/in[6]
    SLICE_X12Y39         SRLC32E                                      r  system_i/PS7/ps7_0_axi_periph/m00_couplers/auto_pc/inst/gen_axilite.gen_b2s_conv.axilite_b2s/RD.r_channel_0/transaction_fifo_0/memory_reg[31][6]_srl32/D
  -------------------------------------------------------------------    -------------------

                         (clock clk_fpga_0 rise edge)
                                                      0.000     0.000 r  
    PS7_X0Y0             PS7                          0.000     0.000 r  system_i/PS7/processing_system7_0/inst/PS7_i/FCLKCLK[0]
                         net (fo=1, routed)           0.341     0.341    system_i/PS7/processing_system7_0/inst/FCLK_CLK_unbuffered[0]
    BUFGCTRL_X0Y0        BUFG (Prop_bufg_I_O)         0.029     0.370 r  system_i/PS7/processing_system7_0/inst/buffer_fclk_clk_0.FCLK_CLK_0_BUFG/O
                         net (fo=1497, routed)        0.832     1.202    system_i/PS7/ps7_0_axi_periph/m00_couplers/auto_pc/inst/gen_axilite.gen_b2s_conv.axilite_b2s/RD.r_channel_0/transaction_fifo_0/aclk
    SLICE_X12Y39         SRLC32E                                      r  system_i/PS7/ps7_0_axi_periph/m00_couplers/auto_pc/inst/gen_axilite.gen_b2s_conv.axilite_b2s/RD.r_channel_0/transaction_fifo_0/memory_reg[31][6]_srl32/CLK
                         clock pessimism             -0.281     0.921    
    SLICE_X12Y39         SRLC32E (Hold_srlc32e_CLK_D)
                                                      0.130     1.051    system_i/PS7/ps7_0_axi_periph/m00_couplers/auto_pc/inst/gen_axilite.gen_b2s_conv.axilite_b2s/RD.r_channel_0/transaction_fifo_0/memory_reg[31][6]_srl32
  -------------------------------------------------------------------
                         required time                         -1.051    
                         arrival time                           1.137    
  -------------------------------------------------------------------
                         slack                                  0.086    

Slack (MET) :             0.096ns  (arrival time - required time)
  Source:                 system_i/axi_gpio_0/U0/AXI_LITE_IPIF_I/I_SLAVE_ATTACHMENT/s_axi_rdata_i_reg[4]/C
                            (rising edge-triggered cell FDRE clocked by clk_fpga_0  {rise@0.000ns fall@4.000ns period=8.000ns})
  Destination:            system_i/PS7/ps7_0_axi_periph/m00_couplers/auto_pc/inst/gen_axilite.gen_b2s_conv.axilite_b2s/RD.r_channel_0/rd_data_fifo_0/memory_reg[31][4]_srl32/D
                            (rising edge-triggered cell SRLC32E clocked by clk_fpga_0  {rise@0.000ns fall@4.000ns period=8.000ns})
  Path Group:             clk_fpga_0
  Path Type:              Hold (Min at Fast Process Corner)
  Requirement:            0.000ns  (clk_fpga_0 rise@0.000ns - clk_fpga_0 rise@0.000ns)
  Data Path Delay:        0.242ns  (logic 0.128ns (52.946%)  route 0.114ns (47.054%))
  Logic Levels:           0  
  Clock Path Skew:        0.016ns (DCD - SCD - CPR)
    Destination Clock Delay (DCD):    1.200ns
    Source Clock Delay      (SCD):    0.903ns
    Clock Pessimism Removal (CPR):    0.281ns

    Location             Delay type                Incr(ns)  Path(ns)    Netlist Resource(s)
  -------------------------------------------------------------------    -------------------
                         (clock clk_fpga_0 rise edge)
                                                      0.000     0.000 r  
    PS7_X0Y0             PS7                          0.000     0.000 r  system_i/PS7/processing_system7_0/inst/PS7_i/FCLKCLK[0]
                         net (fo=1, routed)           0.315     0.315    system_i/PS7/processing_system7_0/inst/FCLK_CLK_unbuffered[0]
    BUFGCTRL_X0Y0        BUFG (Prop_bufg_I_O)         0.026     0.341 r  system_i/PS7/processing_system7_0/inst/buffer_fclk_clk_0.FCLK_CLK_0_BUFG/O
                         net (fo=1497, routed)        0.562     0.903    system_i/axi_gpio_0/U0/AXI_LITE_IPIF_I/I_SLAVE_ATTACHMENT/s_axi_aclk
    SLICE_X17Y41         FDRE                                         r  system_i/axi_gpio_0/U0/AXI_LITE_IPIF_I/I_SLAVE_ATTACHMENT/s_axi_rdata_i_reg[4]/C
  -------------------------------------------------------------------    -------------------
    SLICE_X17Y41         FDRE (Prop_fdre_C_Q)         0.128     1.031 r  system_i/axi_gpio_0/U0/AXI_LITE_IPIF_I/I_SLAVE_ATTACHMENT/s_axi_rdata_i_reg[4]/Q
                         net (fo=1, routed)           0.114     1.144    system_i/PS7/ps7_0_axi_periph/m00_couplers/auto_pc/inst/gen_axilite.gen_b2s_conv.axilite_b2s/RD.r_channel_0/rd_data_fifo_0/in[4]
    SLICE_X16Y40         SRLC32E                                      r  system_i/PS7/ps7_0_axi_periph/m00_couplers/auto_pc/inst/gen_axilite.gen_b2s_conv.axilite_b2s/RD.r_channel_0/rd_data_fifo_0/memory_reg[31][4]_srl32/D
  -------------------------------------------------------------------    -------------------

                         (clock clk_fpga_0 rise edge)
                                                      0.000     0.000 r  
    PS7_X0Y0             PS7                          0.000     0.000 r  system_i/PS7/processing_system7_0/inst/PS7_i/FCLKCLK[0]
                         net (fo=1, routed)           0.341     0.341    system_i/PS7/processing_system7_0/inst/FCLK_CLK_unbuffered[0]
    BUFGCTRL_X0Y0        BUFG (Prop_bufg_I_O)         0.029     0.370 r  system_i/PS7/processing_system7_0/inst/buffer_fclk_clk_0.FCLK_CLK_0_BUFG/O
                         net (fo=1497, routed)        0.830     1.200    system_i/PS7/ps7_0_axi_periph/m00_couplers/auto_pc/inst/gen_axilite.gen_b2s_conv.axilite_b2s/RD.r_channel_0/rd_data_fifo_0/aclk
    SLICE_X16Y40         SRLC32E                                      r  system_i/PS7/ps7_0_axi_periph/m00_couplers/auto_pc/inst/gen_axilite.gen_b2s_conv.axilite_b2s/RD.r_channel_0/rd_data_fifo_0/memory_reg[31][4]_srl32/CLK
                         clock pessimism             -0.281     0.919    
    SLICE_X16Y40         SRLC32E (Hold_srlc32e_CLK_D)
                                                      0.130     1.049    system_i/PS7/ps7_0_axi_periph/m00_couplers/auto_pc/inst/gen_axilite.gen_b2s_conv.axilite_b2s/RD.r_channel_0/rd_data_fifo_0/memory_reg[31][4]_srl32
  -------------------------------------------------------------------
                         required time                         -1.049    
                         arrival time                           1.144    
  -------------------------------------------------------------------
                         slack                                  0.096    

Slack (MET) :             0.098ns  (arrival time - required time)
  Source:                 system_i/axi_gpio_0/U0/AXI_LITE_IPIF_I/I_SLAVE_ATTACHMENT/s_axi_rdata_i_reg[7]/C
                            (rising edge-triggered cell FDRE clocked by clk_fpga_0  {rise@0.000ns fall@4.000ns period=8.000ns})
  Destination:            system_i/PS7/ps7_0_axi_periph/m00_couplers/auto_pc/inst/gen_axilite.gen_b2s_conv.axilite_b2s/RD.r_channel_0/rd_data_fifo_0/memory_reg[31][7]_srl32/D
                            (rising edge-triggered cell SRLC32E clocked by clk_fpga_0  {rise@0.000ns fall@4.000ns period=8.000ns})
  Path Group:             clk_fpga_0
  Path Type:              Hold (Min at Fast Process Corner)
  Requirement:            0.000ns  (clk_fpga_0 rise@0.000ns - clk_fpga_0 rise@0.000ns)
  Data Path Delay:        0.241ns  (logic 0.128ns (53.025%)  route 0.113ns (46.975%))
  Logic Levels:           0  
  Clock Path Skew:        0.013ns (DCD - SCD - CPR)
    Destination Clock Delay (DCD):    1.200ns
    Source Clock Delay      (SCD):    0.903ns
    Clock Pessimism Removal (CPR):    0.284ns

    Location             Delay type                Incr(ns)  Path(ns)    Netlist Resource(s)
  -------------------------------------------------------------------    -------------------
                         (clock clk_fpga_0 rise edge)
                                                      0.000     0.000 r  
    PS7_X0Y0             PS7                          0.000     0.000 r  system_i/PS7/processing_system7_0/inst/PS7_i/FCLKCLK[0]
                         net (fo=1, routed)           0.315     0.315    system_i/PS7/processing_system7_0/inst/FCLK_CLK_unbuffered[0]
    BUFGCTRL_X0Y0        BUFG (Prop_bufg_I_O)         0.026     0.341 r  system_i/PS7/processing_system7_0/inst/buffer_fclk_clk_0.FCLK_CLK_0_BUFG/O
                         net (fo=1497, routed)        0.562     0.903    system_i/axi_gpio_0/U0/AXI_LITE_IPIF_I/I_SLAVE_ATTACHMENT/s_axi_aclk
    SLICE_X17Y41         FDRE                                         r  system_i/axi_gpio_0/U0/AXI_LITE_IPIF_I/I_SLAVE_ATTACHMENT/s_axi_rdata_i_reg[7]/C
  -------------------------------------------------------------------    -------------------
    SLICE_X17Y41         FDRE (Prop_fdre_C_Q)         0.128     1.031 r  system_i/axi_gpio_0/U0/AXI_LITE_IPIF_I/I_SLAVE_ATTACHMENT/s_axi_rdata_i_reg[7]/Q
                         net (fo=1, routed)           0.113     1.144    system_i/PS7/ps7_0_axi_periph/m00_couplers/auto_pc/inst/gen_axilite.gen_b2s_conv.axilite_b2s/RD.r_channel_0/rd_data_fifo_0/in[7]
    SLICE_X16Y41         SRLC32E                                      r  system_i/PS7/ps7_0_axi_periph/m00_couplers/auto_pc/inst/gen_axilite.gen_b2s_conv.axilite_b2s/RD.r_channel_0/rd_data_fifo_0/memory_reg[31][7]_srl32/D
  -------------------------------------------------------------------    -------------------

                         (clock clk_fpga_0 rise edge)
                                                      0.000     0.000 r  
    PS7_X0Y0             PS7                          0.000     0.000 r  system_i/PS7/processing_system7_0/inst/PS7_i/FCLKCLK[0]
                         net (fo=1, routed)           0.341     0.341    system_i/PS7/processing_system7_0/inst/FCLK_CLK_unbuffered[0]
    BUFGCTRL_X0Y0        BUFG (Prop_bufg_I_O)         0.029     0.370 r  system_i/PS7/processing_system7_0/inst/buffer_fclk_clk_0.FCLK_CLK_0_BUFG/O
                         net (fo=1497, routed)        0.830     1.200    system_i/PS7/ps7_0_axi_periph/m00_couplers/auto_pc/inst/gen_axilite.gen_b2s_conv.axilite_b2s/RD.r_channel_0/rd_data_fifo_0/aclk
    SLICE_X16Y41         SRLC32E                                      r  system_i/PS7/ps7_0_axi_periph/m00_couplers/auto_pc/inst/gen_axilite.gen_b2s_conv.axilite_b2s/RD.r_channel_0/rd_data_fifo_0/memory_reg[31][7]_srl32/CLK
                         clock pessimism             -0.284     0.916    
    SLICE_X16Y41         SRLC32E (Hold_srlc32e_CLK_D)
                                                      0.130     1.046    system_i/PS7/ps7_0_axi_periph/m00_couplers/auto_pc/inst/gen_axilite.gen_b2s_conv.axilite_b2s/RD.r_channel_0/rd_data_fifo_0/memory_reg[31][7]_srl32
  -------------------------------------------------------------------
                         required time                         -1.046    
                         arrival time                           1.144    
  -------------------------------------------------------------------
                         slack                                  0.098    

Slack (MET) :             0.102ns  (arrival time - required time)
  Source:                 system_i/axi_gpio_0/U0/AXI_LITE_IPIF_I/I_SLAVE_ATTACHMENT/s_axi_rdata_i_reg[12]/C
                            (rising edge-triggered cell FDRE clocked by clk_fpga_0  {rise@0.000ns fall@4.000ns period=8.000ns})
  Destination:            system_i/PS7/ps7_0_axi_periph/m00_couplers/auto_pc/inst/gen_axilite.gen_b2s_conv.axilite_b2s/RD.r_channel_0/rd_data_fifo_0/memory_reg[31][12]_srl32/D
                            (rising edge-triggered cell SRLC32E clocked by clk_fpga_0  {rise@0.000ns fall@4.000ns period=8.000ns})
  Path Group:             clk_fpga_0
  Path Type:              Hold (Min at Fast Process Corner)
  Requirement:            0.000ns  (clk_fpga_0 rise@0.000ns - clk_fpga_0 rise@0.000ns)
  Data Path Delay:        0.255ns  (logic 0.141ns (55.264%)  route 0.114ns (44.736%))
  Logic Levels:           0  
  Clock Path Skew:        0.036ns (DCD - SCD - CPR)
    Destination Clock Delay (DCD):    1.201ns
    Source Clock Delay      (SCD):    0.903ns
    Clock Pessimism Removal (CPR):    0.262ns

    Location             Delay type                Incr(ns)  Path(ns)    Netlist Resource(s)
  -------------------------------------------------------------------    -------------------
                         (clock clk_fpga_0 rise edge)
                                                      0.000     0.000 r  
    PS7_X0Y0             PS7                          0.000     0.000 r  system_i/PS7/processing_system7_0/inst/PS7_i/FCLKCLK[0]
                         net (fo=1, routed)           0.315     0.315    system_i/PS7/processing_system7_0/inst/FCLK_CLK_unbuffered[0]
    BUFGCTRL_X0Y0        BUFG (Prop_bufg_I_O)         0.026     0.341 r  system_i/PS7/processing_system7_0/inst/buffer_fclk_clk_0.FCLK_CLK_0_BUFG/O
                         net (fo=1497, routed)        0.562     0.903    system_i/axi_gpio_0/U0/AXI_LITE_IPIF_I/I_SLAVE_ATTACHMENT/s_axi_aclk
    SLICE_X15Y42         FDRE                                         r  system_i/axi_gpio_0/U0/AXI_LITE_IPIF_I/I_SLAVE_ATTACHMENT/s_axi_rdata_i_reg[12]/C
  -------------------------------------------------------------------    -------------------
    SLICE_X15Y42         FDRE (Prop_fdre_C_Q)         0.141     1.044 r  system_i/axi_gpio_0/U0/AXI_LITE_IPIF_I/I_SLAVE_ATTACHMENT/s_axi_rdata_i_reg[12]/Q
                         net (fo=1, routed)           0.114     1.158    system_i/PS7/ps7_0_axi_periph/m00_couplers/auto_pc/inst/gen_axilite.gen_b2s_conv.axilite_b2s/RD.r_channel_0/rd_data_fifo_0/in[12]
    SLICE_X16Y43         SRLC32E                                      r  system_i/PS7/ps7_0_axi_periph/m00_couplers/auto_pc/inst/gen_axilite.gen_b2s_conv.axilite_b2s/RD.r_channel_0/rd_data_fifo_0/memory_reg[31][12]_srl32/D
  -------------------------------------------------------------------    -------------------

                         (clock clk_fpga_0 rise edge)
                                                      0.000     0.000 r  
    PS7_X0Y0             PS7                          0.000     0.000 r  system_i/PS7/processing_system7_0/inst/PS7_i/FCLKCLK[0]
                         net (fo=1, routed)           0.341     0.341    system_i/PS7/processing_system7_0/inst/FCLK_CLK_unbuffered[0]
    BUFGCTRL_X0Y0        BUFG (Prop_bufg_I_O)         0.029     0.370 r  system_i/PS7/processing_system7_0/inst/buffer_fclk_clk_0.FCLK_CLK_0_BUFG/O
                         net (fo=1497, routed)        0.831     1.201    system_i/PS7/ps7_0_axi_periph/m00_couplers/auto_pc/inst/gen_axilite.gen_b2s_conv.axilite_b2s/RD.r_channel_0/rd_data_fifo_0/aclk
    SLICE_X16Y43         SRLC32E                                      r  system_i/PS7/ps7_0_axi_periph/m00_couplers/auto_pc/inst/gen_axilite.gen_b2s_conv.axilite_b2s/RD.r_channel_0/rd_data_fifo_0/memory_reg[31][12]_srl32/CLK
                         clock pessimism             -0.262     0.939    
    SLICE_X16Y43         SRLC32E (Hold_srlc32e_CLK_D)
                                                      0.117     1.056    system_i/PS7/ps7_0_axi_periph/m00_couplers/auto_pc/inst/gen_axilite.gen_b2s_conv.axilite_b2s/RD.r_channel_0/rd_data_fifo_0/memory_reg[31][12]_srl32
  -------------------------------------------------------------------
                         required time                         -1.055    
                         arrival time                           1.158    
  -------------------------------------------------------------------
                         slack                                  0.102    





Pulse Width Checks
--------------------------------------------------------------------------------------
Clock Name:         clk_fpga_0
Waveform(ns):       { 0.000 4.000 }
Period(ns):         8.000
Sources:            { system_i/PS7/processing_system7_0/inst/PS7_i/FCLKCLK[0] }

Check Type        Corner  Lib Pin      Reference Pin  Required(ns)  Actual(ns)  Slack(ns)  Location       Pin
Min Period        n/a     BUFG/I       n/a            2.155         8.000       5.845      BUFGCTRL_X0Y0  system_i/PS7/processing_system7_0/inst/buffer_fclk_clk_0.FCLK_CLK_0_BUFG/I
Min Period        n/a     FDRE/C       n/a            1.000         8.000       7.000      SLICE_X10Y54   system_i/PS7/ps7_0_axi_periph/m00_couplers/auto_pc/inst/gen_axilite.gen_b2s_conv.axilite_b2s/SI_REG/b.b_pipe/m_payload_i_reg[5]/C
Min Period        n/a     FDRE/C       n/a            1.000         8.000       7.000      SLICE_X11Y54   system_i/PS7/ps7_0_axi_periph/m00_couplers/auto_pc/inst/gen_axilite.gen_b2s_conv.axilite_b2s/SI_REG/b.b_pipe/m_payload_i_reg[6]/C
Min Period        n/a     FDRE/C       n/a            1.000         8.000       7.000      SLICE_X11Y54   system_i/PS7/ps7_0_axi_periph/m00_couplers/auto_pc/inst/gen_axilite.gen_b2s_conv.axilite_b2s/SI_REG/b.b_pipe/m_payload_i_reg[7]/C
Min Period        n/a     FDRE/C       n/a            1.000         8.000       7.000      SLICE_X11Y54   system_i/PS7/ps7_0_axi_periph/m00_couplers/auto_pc/inst/gen_axilite.gen_b2s_conv.axilite_b2s/SI_REG/b.b_pipe/m_payload_i_reg[8]/C
Min Period        n/a     FDRE/C       n/a            1.000         8.000       7.000      SLICE_X11Y54   system_i/PS7/ps7_0_axi_periph/m00_couplers/auto_pc/inst/gen_axilite.gen_b2s_conv.axilite_b2s/SI_REG/b.b_pipe/m_payload_i_reg[9]/C
Min Period        n/a     FDRE/C       n/a            1.000         8.000       7.000      SLICE_X11Y50   system_i/PS7/ps7_0_axi_periph/m00_couplers/auto_pc/inst/gen_axilite.gen_b2s_conv.axilite_b2s/SI_REG/b.b_pipe/m_valid_i_reg/C
Min Period        n/a     FDRE/C       n/a            1.000         8.000       7.000      SLICE_X13Y50   system_i/PS7/ps7_0_axi_periph/m00_couplers/auto_pc/inst/gen_axilite.gen_b2s_conv.axilite_b2s/SI_REG/b.b_pipe/s_ready_i_reg/C
Min Period        n/a     FDRE/C       n/a            1.000         8.000       7.000      SLICE_X11Y53   system_i/PS7/ps7_0_axi_periph/m00_couplers/auto_pc/inst/gen_axilite.gen_b2s_conv.axilite_b2s/SI_REG/b.b_pipe/skid_buffer_reg[0]/C
Min Period        n/a     FDRE/C       n/a            1.000         8.000       7.000      SLICE_X11Y53   system_i/PS7/ps7_0_axi_periph/m00_couplers/auto_pc/inst/gen_axilite.gen_b2s_conv.axilite_b2s/SI_REG/b.b_pipe/skid_buffer_reg[10]/C
Low Pulse Width   Fast    SRLC32E/CLK  n/a            0.980         4.000       3.020      SLICE_X12Y40   system_i/PS7/ps7_0_axi_periph/m00_couplers/auto_pc/inst/gen_axilite.gen_b2s_conv.axilite_b2s/RD.r_channel_0/transaction_fifo_0/memory_reg[31][12]_srl32/CLK
Low Pulse Width   Fast    SRLC32E/CLK  n/a            0.980         4.000       3.020      SLICE_X12Y40   system_i/PS7/ps7_0_axi_periph/m00_couplers/auto_pc/inst/gen_axilite.gen_b2s_conv.axilite_b2s/RD.r_channel_0/transaction_fifo_0/memory_reg[31][7]_srl32/CLK
Low Pulse Width   Fast    SRLC32E/CLK  n/a            0.980         4.000       3.020      SLICE_X12Y40   system_i/PS7/ps7_0_axi_periph/m00_couplers/auto_pc/inst/gen_axilite.gen_b2s_conv.axilite_b2s/RD.r_channel_0/transaction_fifo_0/memory_reg[31][8]_srl32/CLK
Low Pulse Width   Fast    SRLC32E/CLK  n/a            0.980         4.000       3.020      SLICE_X12Y41   system_i/PS7/ps7_0_axi_periph/m00_couplers/auto_pc/inst/gen_axilite.gen_b2s_conv.axilite_b2s/RD.r_channel_0/transaction_fifo_0/memory_reg[31][9]_srl32/CLK
Low Pulse Width   Slow    SRL16E/CLK   n/a            0.980         4.000       3.020      SLICE_X12Y50   system_i/PS7/ps7_0_axi_periph/m00_couplers/auto_pc/inst/gen_axilite.gen_b2s_conv.axilite_b2s/WR.b_channel_0/bid_fifo_0/memory_reg[3][0]_srl4/CLK
Low Pulse Width   Slow    SRL16E/CLK   n/a            0.980         4.000       3.020      SLICE_X12Y55   system_i/PS7/ps7_0_axi_periph/m00_couplers/auto_pc/inst/gen_axilite.gen_b2s_conv.axilite_b2s/WR.b_channel_0/bid_fifo_0/memory_reg[3][10]_srl4/CLK
Low Pulse Width   Slow    SRL16E/CLK   n/a            0.980         4.000       3.020      SLICE_X12Y55   system_i/PS7/ps7_0_axi_periph/m00_couplers/auto_pc/inst/gen_axilite.gen_b2s_conv.axilite_b2s/WR.b_channel_0/bid_fifo_0/memory_reg[3][11]_srl4/CLK
Low Pulse Width   Slow    SRL16E/CLK   n/a            0.980         4.000       3.020      SLICE_X12Y55   system_i/PS7/ps7_0_axi_periph/m00_couplers/auto_pc/inst/gen_axilite.gen_b2s_conv.axilite_b2s/WR.b_channel_0/bid_fifo_0/memory_reg[3][12]_srl4/CLK
Low Pulse Width   Slow    SRL16E/CLK   n/a            0.980         4.000       3.020      SLICE_X12Y55   system_i/PS7/ps7_0_axi_periph/m00_couplers/auto_pc/inst/gen_axilite.gen_b2s_conv.axilite_b2s/WR.b_channel_0/bid_fifo_0/memory_reg[3][13]_srl4/CLK
Low Pulse Width   Slow    SRL16E/CLK   n/a            0.980         4.000       3.020      SLICE_X12Y55   system_i/PS7/ps7_0_axi_periph/m00_couplers/auto_pc/inst/gen_axilite.gen_b2s_conv.axilite_b2s/WR.b_channel_0/bid_fifo_0/memory_reg[3][14]_srl4/CLK
High Pulse Width  Fast    SRLC32E/CLK  n/a            0.980         4.000       3.020      SLICE_X12Y38   system_i/PS7/ps7_0_axi_periph/m00_couplers/auto_pc/inst/gen_axilite.gen_b2s_conv.axilite_b2s/RD.r_channel_0/transaction_fifo_0/memory_reg[31][11]_srl32/CLK
High Pulse Width  Fast    SRLC32E/CLK  n/a            0.980         4.000       3.020      SLICE_X12Y38   system_i/PS7/ps7_0_axi_periph/m00_couplers/auto_pc/inst/gen_axilite.gen_b2s_conv.axilite_b2s/RD.r_channel_0/transaction_fifo_0/memory_reg[31][1]_srl32/CLK
High Pulse Width  Fast    SRLC32E/CLK  n/a            0.980         4.000       3.020      SLICE_X12Y38   system_i/PS7/ps7_0_axi_periph/m00_couplers/auto_pc/inst/gen_axilite.gen_b2s_conv.axilite_b2s/RD.r_channel_0/transaction_fifo_0/memory_reg[31][2]_srl32/CLK
High Pulse Width  Fast    SRLC32E/CLK  n/a            0.980         4.000       3.020      SLICE_X12Y38   system_i/PS7/ps7_0_axi_periph/m00_couplers/auto_pc/inst/gen_axilite.gen_b2s_conv.axilite_b2s/RD.r_channel_0/transaction_fifo_0/memory_reg[31][3]_srl32/CLK
High Pulse Width  Fast    SRLC32E/CLK  n/a            0.980         4.000       3.020      SLICE_X12Y39   system_i/PS7/ps7_0_axi_periph/m00_couplers/auto_pc/inst/gen_axilite.gen_b2s_conv.axilite_b2s/RD.r_channel_0/transaction_fifo_0/memory_reg[31][4]_srl32/CLK
High Pulse Width  Fast    SRLC32E/CLK  n/a            0.980         4.000       3.020      SLICE_X12Y39   system_i/PS7/ps7_0_axi_periph/m00_couplers/auto_pc/inst/gen_axilite.gen_b2s_conv.axilite_b2s/RD.r_channel_0/transaction_fifo_0/memory_reg[31][5]_srl32/CLK
High Pulse Width  Fast    SRLC32E/CLK  n/a            0.980         4.000       3.020      SLICE_X12Y39   system_i/PS7/ps7_0_axi_periph/m00_couplers/auto_pc/inst/gen_axilite.gen_b2s_conv.axilite_b2s/RD.r_channel_0/transaction_fifo_0/memory_reg[31][6]_srl32/CLK
High Pulse Width  Slow    SRL16E/CLK   n/a            0.980         4.000       3.020      SLICE_X12Y55   system_i/PS7/ps7_0_axi_periph/m00_couplers/auto_pc/inst/gen_axilite.gen_b2s_conv.axilite_b2s/WR.b_channel_0/bid_fifo_0/memory_reg[3][10]_srl4/CLK
High Pulse Width  Slow    SRL16E/CLK   n/a            0.980         4.000       3.020      SLICE_X12Y55   system_i/PS7/ps7_0_axi_periph/m00_couplers/auto_pc/inst/gen_axilite.gen_b2s_conv.axilite_b2s/WR.b_channel_0/bid_fifo_0/memory_reg[3][11]_srl4/CLK
High Pulse Width  Slow    SRL16E/CLK   n/a            0.980         4.000       3.020      SLICE_X12Y55   system_i/PS7/ps7_0_axi_periph/m00_couplers/auto_pc/inst/gen_axilite.gen_b2s_conv.axilite_b2s/WR.b_channel_0/bid_fifo_0/memory_reg[3][12]_srl4/CLK



---------------------------------------------------------------------------------------------------
From Clock:  system_i/signal_gen/clk_wiz_0/inst/clk_in1
  To Clock:  system_i/signal_gen/clk_wiz_0/inst/clk_in1

Setup :           NA  Failing Endpoints,  Worst Slack           NA  ,  Total Violation           NA
Hold  :           NA  Failing Endpoints,  Worst Slack           NA  ,  Total Violation           NA
PW    :            0  Failing Endpoints,  Worst Slack        2.000ns,  Total Violation        0.000ns
---------------------------------------------------------------------------------------------------


Pulse Width Checks
--------------------------------------------------------------------------------------
Clock Name:         system_i/signal_gen/clk_wiz_0/inst/clk_in1
Waveform(ns):       { 0.000 4.000 }
Period(ns):         8.000
Sources:            { system_i/signal_gen/clk_wiz_0/inst/clk_in1 }

Check Type        Corner  Lib Pin            Reference Pin  Required(ns)  Actual(ns)  Slack(ns)  Location         Pin
Min Period        n/a     MMCME2_ADV/CLKIN1  n/a            1.249         8.000       6.751      MMCME2_ADV_X0Y0  system_i/signal_gen/clk_wiz_0/inst/mmcm_adv_inst/CLKIN1
Max Period        n/a     MMCME2_ADV/CLKIN1  n/a            100.000       8.000       92.000     MMCME2_ADV_X0Y0  system_i/signal_gen/clk_wiz_0/inst/mmcm_adv_inst/CLKIN1
Low Pulse Width   Slow    MMCME2_ADV/CLKIN1  n/a            2.000         4.000       2.000      MMCME2_ADV_X0Y0  system_i/signal_gen/clk_wiz_0/inst/mmcm_adv_inst/CLKIN1
Low Pulse Width   Fast    MMCME2_ADV/CLKIN1  n/a            2.000         4.000       2.000      MMCME2_ADV_X0Y0  system_i/signal_gen/clk_wiz_0/inst/mmcm_adv_inst/CLKIN1
High Pulse Width  Slow    MMCME2_ADV/CLKIN1  n/a            2.000         4.000       2.000      MMCME2_ADV_X0Y0  system_i/signal_gen/clk_wiz_0/inst/mmcm_adv_inst/CLKIN1
High Pulse Width  Fast    MMCME2_ADV/CLKIN1  n/a            2.000         4.000       2.000      MMCME2_ADV_X0Y0  system_i/signal_gen/clk_wiz_0/inst/mmcm_adv_inst/CLKIN1



---------------------------------------------------------------------------------------------------
From Clock:  clk_out1_system_clk_wiz_0_0
  To Clock:  clk_out1_system_clk_wiz_0_0

Setup :           NA  Failing Endpoints,  Worst Slack           NA  ,  Total Violation           NA
Hold  :           NA  Failing Endpoints,  Worst Slack           NA  ,  Total Violation           NA
PW    :            0  Failing Endpoints,  Worst Slack        7.845ns,  Total Violation        0.000ns
---------------------------------------------------------------------------------------------------


Pulse Width Checks
--------------------------------------------------------------------------------------
Clock Name:         clk_out1_system_clk_wiz_0_0
Waveform(ns):       { 0.000 5.000 }
Period(ns):         10.000
Sources:            { system_i/signal_gen/clk_wiz_0/inst/mmcm_adv_inst/CLKOUT0 }

Check Type  Corner  Lib Pin             Reference Pin  Required(ns)  Actual(ns)  Slack(ns)  Location         Pin
Min Period  n/a     BUFG/I              n/a            2.155         10.000      7.845      BUFGCTRL_X0Y2    system_i/signal_gen/clk_wiz_0/inst/clkout1_buf/I
Min Period  n/a     ODDR/C              n/a            1.474         10.000      8.526      OLOGIC_X0Y83     system_i/signal_gen/axis_red_pitaya_dac_0/inst/ODDR_clk/C
Min Period  n/a     ODDR/C              n/a            1.474         10.000      8.526      OLOGIC_X0Y84     system_i/signal_gen/axis_red_pitaya_dac_0/inst/ODDR_wrt/C
Min Period  n/a     MMCME2_ADV/CLKOUT0  n/a            1.249         10.000      8.751      MMCME2_ADV_X0Y0  system_i/signal_gen/clk_wiz_0/inst/mmcm_adv_inst/CLKOUT0
Max Period  n/a     MMCME2_ADV/CLKOUT0  n/a            213.360       10.000      203.360    MMCME2_ADV_X0Y0  system_i/signal_gen/clk_wiz_0/inst/mmcm_adv_inst/CLKOUT0



---------------------------------------------------------------------------------------------------
From Clock:  clkfbout_system_clk_wiz_0_0
  To Clock:  clkfbout_system_clk_wiz_0_0

Setup :           NA  Failing Endpoints,  Worst Slack           NA  ,  Total Violation           NA
Hold  :           NA  Failing Endpoints,  Worst Slack           NA  ,  Total Violation           NA
PW    :            0  Failing Endpoints,  Worst Slack        5.845ns,  Total Violation        0.000ns
---------------------------------------------------------------------------------------------------


Pulse Width Checks
--------------------------------------------------------------------------------------
Clock Name:         clkfbout_system_clk_wiz_0_0
Waveform(ns):       { 0.000 4.000 }
Period(ns):         8.000
Sources:            { system_i/signal_gen/clk_wiz_0/inst/mmcm_adv_inst/CLKFBOUT }

Check Type  Corner  Lib Pin              Reference Pin  Required(ns)  Actual(ns)  Slack(ns)  Location         Pin
Min Period  n/a     BUFG/I               n/a            2.155         8.000       5.845      BUFGCTRL_X0Y3    system_i/signal_gen/clk_wiz_0/inst/clkf_buf/I
Min Period  n/a     MMCME2_ADV/CLKFBOUT  n/a            1.249         8.000       6.751      MMCME2_ADV_X0Y0  system_i/signal_gen/clk_wiz_0/inst/mmcm_adv_inst/CLKFBOUT
Min Period  n/a     MMCME2_ADV/CLKFBIN   n/a            1.249         8.000       6.751      MMCME2_ADV_X0Y0  system_i/signal_gen/clk_wiz_0/inst/mmcm_adv_inst/CLKFBIN
Max Period  n/a     MMCME2_ADV/CLKFBIN   n/a            100.000       8.000       92.000     MMCME2_ADV_X0Y0  system_i/signal_gen/clk_wiz_0/inst/mmcm_adv_inst/CLKFBIN
Max Period  n/a     MMCME2_ADV/CLKFBOUT  n/a            213.360       8.000       205.360    MMCME2_ADV_X0Y0  system_i/signal_gen/clk_wiz_0/inst/mmcm_adv_inst/CLKFBOUT



---------------------------------------------------------------------------------------------------
From Clock:  clk_fpga_0
  To Clock:  adc_clk

Setup :            0  Failing Endpoints,  Worst Slack        3.277ns,  Total Violation        0.000ns
Hold  :            0  Failing Endpoints,  Worst Slack        0.725ns,  Total Violation        0.000ns
---------------------------------------------------------------------------------------------------


Max Delay Paths
--------------------------------------------------------------------------------------
Slack (MET) :             3.277ns  (required time - arrival time)
  Source:                 system_i/axi_gpio_0/U0/gpio_core_1/Dual.gpio2_Data_Out_reg[1]/C
                            (rising edge-triggered cell FDRE clocked by clk_fpga_0  {rise@0.000ns fall@4.000ns period=8.000ns})
  Destination:            system_i/signal_gen/axis_red_pitaya_dac_0/inst/int_dat_a_reg_reg[12]/D
                            (rising edge-triggered cell FDRE clocked by adc_clk  {rise@0.000ns fall@4.000ns period=8.000ns})
  Path Group:             adc_clk
  Path Type:              Setup (Max at Slow Process Corner)
  Requirement:            8.000ns  (adc_clk rise@8.000ns - clk_fpga_0 rise@0.000ns)
  Data Path Delay:        6.166ns  (logic 1.075ns (17.436%)  route 5.091ns (82.564%))
  Logic Levels:           2  (LUT1=2)
  Clock Path Skew:        1.491ns (DCD - SCD + CPR)
    Destination Clock Delay (DCD):    4.468ns = ( 12.468 - 8.000 ) 
    Source Clock Delay      (SCD):    2.977ns
    Clock Pessimism Removal (CPR):    0.000ns
  Clock Uncertainty:      0.125ns  ((TSJ^2 + TIJ^2)^1/2 + DJ) / 2 + PE
    Total System Jitter     (TSJ):    0.071ns
    Total Input Jitter      (TIJ):    0.240ns
    Discrete Jitter          (DJ):    0.000ns
    Phase Error              (PE):    0.000ns
  Clock Domain Crossing:  Inter clock paths are considered valid unless explicitly excluded by timing constraints such as set_clock_groups or set_false_path.

    Location             Delay type                Incr(ns)  Path(ns)    Netlist Resource(s)
  -------------------------------------------------------------------    -------------------
                         (clock clk_fpga_0 rise edge)
                                                      0.000     0.000 r  
    PS7_X0Y0             PS7                          0.000     0.000 r  system_i/PS7/processing_system7_0/inst/PS7_i/FCLKCLK[0]
                         net (fo=1, routed)           1.207     1.207    system_i/PS7/processing_system7_0/inst/FCLK_CLK_unbuffered[0]
    BUFGCTRL_X0Y0        BUFG (Prop_bufg_I_O)         0.101     1.308 r  system_i/PS7/processing_system7_0/inst/buffer_fclk_clk_0.FCLK_CLK_0_BUFG/O
                         net (fo=1497, routed)        1.669     2.977    system_i/axi_gpio_0/U0/gpio_core_1/s_axi_aclk
    SLICE_X23Y44         FDRE                                         r  system_i/axi_gpio_0/U0/gpio_core_1/Dual.gpio2_Data_Out_reg[1]/C
  -------------------------------------------------------------------    -------------------
    SLICE_X23Y44         FDRE (Prop_fdre_C_Q)         0.419     3.396 f  system_i/axi_gpio_0/U0/gpio_core_1/Dual.gpio2_Data_Out_reg[1]/Q
                         net (fo=2, routed)           1.897     5.293    system_i/axi_gpio_0/U0/gpio_core_1/gpio2_io_o[12]
    SLICE_X9Y44          LUT1 (Prop_lut1_I0_O)        0.329     5.622 f  system_i/axi_gpio_0/U0/gpio_core_1/gpio2_io_o[12]_hold_fix/O
                         net (fo=1, routed)           3.194     8.816    system_i/signal_gen/axis_red_pitaya_dac_0/inst/gpio2_io_o[12]_hold_fix_1_alias
    SLICE_X42Y68         LUT1 (Prop_lut1_I0_O)        0.327     9.143 r  system_i/signal_gen/axis_red_pitaya_dac_0/inst/int_dat_a_reg[12]_i_1/O
                         net (fo=1, routed)           0.000     9.143    system_i/signal_gen/axis_red_pitaya_dac_0/inst/p_1_out[12]
    SLICE_X42Y68         FDRE                                         r  system_i/signal_gen/axis_red_pitaya_dac_0/inst/int_dat_a_reg_reg[12]/D
  -------------------------------------------------------------------    -------------------

                         (clock adc_clk rise edge)    8.000     8.000 r  
    U18                                               0.000     8.000 r  adc_clk_p_i (IN)
                         net (fo=0)                   0.000     8.000    system_i/DataAcquisition/axis_red_pitaya_adc_0/inst/adc_clk_p
    U18                  IBUFDS (Prop_ibufds_I_O)     0.940     8.940 r  system_i/DataAcquisition/axis_red_pitaya_adc_0/inst/adc_clk_inst0/O
                         net (fo=1, routed)           1.880    10.820    system_i/DataAcquisition/axis_red_pitaya_adc_0/inst/int_clk0
    BUFGCTRL_X0Y1        BUFG (Prop_bufg_I_O)         0.092    10.912 r  system_i/DataAcquisition/axis_red_pitaya_adc_0/inst/adc_clk_inst/O
                         net (fo=204, routed)         1.556    12.468    system_i/signal_gen/axis_red_pitaya_dac_0/inst/aclk
    SLICE_X42Y68         FDRE                                         r  system_i/signal_gen/axis_red_pitaya_dac_0/inst/int_dat_a_reg_reg[12]/C
                         clock pessimism              0.000    12.468    
                         clock uncertainty           -0.125    12.343    
    SLICE_X42Y68         FDRE (Setup_fdre_C_D)        0.077    12.420    system_i/signal_gen/axis_red_pitaya_dac_0/inst/int_dat_a_reg_reg[12]
  -------------------------------------------------------------------
                         required time                         12.420    
                         arrival time                          -9.143    
  -------------------------------------------------------------------
                         slack                                  3.277    

Slack (MET) :             3.537ns  (required time - arrival time)
  Source:                 system_i/axi_gpio_0/U0/gpio_core_1/Dual.gpio2_Data_Out_reg[4]/C
                            (rising edge-triggered cell FDRE clocked by clk_fpga_0  {rise@0.000ns fall@4.000ns period=8.000ns})
  Destination:            system_i/signal_gen/axis_red_pitaya_dac_0/inst/int_dat_a_reg_reg[9]/D
                            (rising edge-triggered cell FDRE clocked by adc_clk  {rise@0.000ns fall@4.000ns period=8.000ns})
  Path Group:             adc_clk
  Path Type:              Setup (Max at Slow Process Corner)
  Requirement:            8.000ns  (adc_clk rise@8.000ns - clk_fpga_0 rise@0.000ns)
  Data Path Delay:        5.915ns  (logic 1.072ns (18.123%)  route 4.843ns (81.877%))
  Logic Levels:           2  (LUT1=2)
  Clock Path Skew:        1.499ns (DCD - SCD + CPR)
    Destination Clock Delay (DCD):    4.476ns = ( 12.476 - 8.000 ) 
    Source Clock Delay      (SCD):    2.977ns
    Clock Pessimism Removal (CPR):    0.000ns
  Clock Uncertainty:      0.125ns  ((TSJ^2 + TIJ^2)^1/2 + DJ) / 2 + PE
    Total System Jitter     (TSJ):    0.071ns
    Total Input Jitter      (TIJ):    0.240ns
    Discrete Jitter          (DJ):    0.000ns
    Phase Error              (PE):    0.000ns
  Clock Domain Crossing:  Inter clock paths are considered valid unless explicitly excluded by timing constraints such as set_clock_groups or set_false_path.

    Location             Delay type                Incr(ns)  Path(ns)    Netlist Resource(s)
  -------------------------------------------------------------------    -------------------
                         (clock clk_fpga_0 rise edge)
                                                      0.000     0.000 r  
    PS7_X0Y0             PS7                          0.000     0.000 r  system_i/PS7/processing_system7_0/inst/PS7_i/FCLKCLK[0]
                         net (fo=1, routed)           1.207     1.207    system_i/PS7/processing_system7_0/inst/FCLK_CLK_unbuffered[0]
    BUFGCTRL_X0Y0        BUFG (Prop_bufg_I_O)         0.101     1.308 r  system_i/PS7/processing_system7_0/inst/buffer_fclk_clk_0.FCLK_CLK_0_BUFG/O
                         net (fo=1497, routed)        1.669     2.977    system_i/axi_gpio_0/U0/gpio_core_1/s_axi_aclk
    SLICE_X23Y44         FDRE                                         r  system_i/axi_gpio_0/U0/gpio_core_1/Dual.gpio2_Data_Out_reg[4]/C
  -------------------------------------------------------------------    -------------------
    SLICE_X23Y44         FDRE (Prop_fdre_C_Q)         0.419     3.396 f  system_i/axi_gpio_0/U0/gpio_core_1/Dual.gpio2_Data_Out_reg[4]/Q
                         net (fo=2, routed)           2.125     5.521    system_i/axi_gpio_0/U0/gpio_core_1/gpio2_io_o[9]
    SLICE_X7Y44          LUT1 (Prop_lut1_I0_O)        0.321     5.842 f  system_i/axi_gpio_0/U0/gpio_core_1/gpio2_io_o[9]_hold_fix/O
                         net (fo=1, routed)           2.719     8.560    system_i/signal_gen/axis_red_pitaya_dac_0/inst/gpio2_io_o[9]_hold_fix_1_alias
    SLICE_X42Y59         LUT1 (Prop_lut1_I0_O)        0.332     8.892 r  system_i/signal_gen/axis_red_pitaya_dac_0/inst/int_dat_a_reg[9]_i_1/O
                         net (fo=1, routed)           0.000     8.892    system_i/signal_gen/axis_red_pitaya_dac_0/inst/p_1_out[9]
    SLICE_X42Y59         FDRE                                         r  system_i/signal_gen/axis_red_pitaya_dac_0/inst/int_dat_a_reg_reg[9]/D
  -------------------------------------------------------------------    -------------------

                         (clock adc_clk rise edge)    8.000     8.000 r  
    U18                                               0.000     8.000 r  adc_clk_p_i (IN)
                         net (fo=0)                   0.000     8.000    system_i/DataAcquisition/axis_red_pitaya_adc_0/inst/adc_clk_p
    U18                  IBUFDS (Prop_ibufds_I_O)     0.940     8.940 r  system_i/DataAcquisition/axis_red_pitaya_adc_0/inst/adc_clk_inst0/O
                         net (fo=1, routed)           1.880    10.820    system_i/DataAcquisition/axis_red_pitaya_adc_0/inst/int_clk0
    BUFGCTRL_X0Y1        BUFG (Prop_bufg_I_O)         0.092    10.912 r  system_i/DataAcquisition/axis_red_pitaya_adc_0/inst/adc_clk_inst/O
                         net (fo=204, routed)         1.564    12.476    system_i/signal_gen/axis_red_pitaya_dac_0/inst/aclk
    SLICE_X42Y59         FDRE                                         r  system_i/signal_gen/axis_red_pitaya_dac_0/inst/int_dat_a_reg_reg[9]/C
                         clock pessimism              0.000    12.476    
                         clock uncertainty           -0.125    12.351    
    SLICE_X42Y59         FDRE (Setup_fdre_C_D)        0.079    12.430    system_i/signal_gen/axis_red_pitaya_dac_0/inst/int_dat_a_reg_reg[9]
  -------------------------------------------------------------------
                         required time                         12.430    
                         arrival time                          -8.892    
  -------------------------------------------------------------------
                         slack                                  3.537    

Slack (MET) :             3.837ns  (required time - arrival time)
  Source:                 system_i/axi_gpio_0/U0/gpio_core_1/Dual.gpio2_Data_Out_reg[8]/C
                            (rising edge-triggered cell FDRE clocked by clk_fpga_0  {rise@0.000ns fall@4.000ns period=8.000ns})
  Destination:            system_i/signal_gen/axis_red_pitaya_dac_0/inst/int_dat_a_reg_reg[5]/D
                            (rising edge-triggered cell FDRE clocked by adc_clk  {rise@0.000ns fall@4.000ns period=8.000ns})
  Path Group:             adc_clk
  Path Type:              Setup (Max at Slow Process Corner)
  Requirement:            8.000ns  (adc_clk rise@8.000ns - clk_fpga_0 rise@0.000ns)
  Data Path Delay:        5.609ns  (logic 1.131ns (20.163%)  route 4.478ns (79.837%))
  Logic Levels:           2  (LUT1=2)
  Clock Path Skew:        1.495ns (DCD - SCD + CPR)
    Destination Clock Delay (DCD):    4.476ns = ( 12.476 - 8.000 ) 
    Source Clock Delay      (SCD):    2.981ns
    Clock Pessimism Removal (CPR):    0.000ns
  Clock Uncertainty:      0.125ns  ((TSJ^2 + TIJ^2)^1/2 + DJ) / 2 + PE
    Total System Jitter     (TSJ):    0.071ns
    Total Input Jitter      (TIJ):    0.240ns
    Discrete Jitter          (DJ):    0.000ns
    Phase Error              (PE):    0.000ns
  Clock Domain Crossing:  Inter clock paths are considered valid unless explicitly excluded by timing constraints such as set_clock_groups or set_false_path.

    Location             Delay type                Incr(ns)  Path(ns)    Netlist Resource(s)
  -------------------------------------------------------------------    -------------------
                         (clock clk_fpga_0 rise edge)
                                                      0.000     0.000 r  
    PS7_X0Y0             PS7                          0.000     0.000 r  system_i/PS7/processing_system7_0/inst/PS7_i/FCLKCLK[0]
                         net (fo=1, routed)           1.207     1.207    system_i/PS7/processing_system7_0/inst/FCLK_CLK_unbuffered[0]
    BUFGCTRL_X0Y0        BUFG (Prop_bufg_I_O)         0.101     1.308 r  system_i/PS7/processing_system7_0/inst/buffer_fclk_clk_0.FCLK_CLK_0_BUFG/O
                         net (fo=1497, routed)        1.673     2.981    system_i/axi_gpio_0/U0/gpio_core_1/s_axi_aclk
    SLICE_X20Y44         FDRE                                         r  system_i/axi_gpio_0/U0/gpio_core_1/Dual.gpio2_Data_Out_reg[8]/C
  -------------------------------------------------------------------    -------------------
    SLICE_X20Y44         FDRE (Prop_fdre_C_Q)         0.478     3.459 f  system_i/axi_gpio_0/U0/gpio_core_1/Dual.gpio2_Data_Out_reg[8]/Q
                         net (fo=2, routed)           1.813     5.272    system_i/axi_gpio_0/U0/gpio_core_1/gpio2_io_o[5]
    SLICE_X5Y44          LUT1 (Prop_lut1_I0_O)        0.326     5.598 f  system_i/axi_gpio_0/U0/gpio_core_1/gpio2_io_o[5]_hold_fix/O
                         net (fo=1, routed)           2.665     8.263    system_i/signal_gen/axis_red_pitaya_dac_0/inst/gpio2_io_o[5]_hold_fix_1_alias
    SLICE_X42Y59         LUT1 (Prop_lut1_I0_O)        0.327     8.590 r  system_i/signal_gen/axis_red_pitaya_dac_0/inst/int_dat_a_reg[5]_i_1/O
                         net (fo=1, routed)           0.000     8.590    system_i/signal_gen/axis_red_pitaya_dac_0/inst/p_1_out[5]
    SLICE_X42Y59         FDRE                                         r  system_i/signal_gen/axis_red_pitaya_dac_0/inst/int_dat_a_reg_reg[5]/D
  -------------------------------------------------------------------    -------------------

                         (clock adc_clk rise edge)    8.000     8.000 r  
    U18                                               0.000     8.000 r  adc_clk_p_i (IN)
                         net (fo=0)                   0.000     8.000    system_i/DataAcquisition/axis_red_pitaya_adc_0/inst/adc_clk_p
    U18                  IBUFDS (Prop_ibufds_I_O)     0.940     8.940 r  system_i/DataAcquisition/axis_red_pitaya_adc_0/inst/adc_clk_inst0/O
                         net (fo=1, routed)           1.880    10.820    system_i/DataAcquisition/axis_red_pitaya_adc_0/inst/int_clk0
    BUFGCTRL_X0Y1        BUFG (Prop_bufg_I_O)         0.092    10.912 r  system_i/DataAcquisition/axis_red_pitaya_adc_0/inst/adc_clk_inst/O
                         net (fo=204, routed)         1.564    12.476    system_i/signal_gen/axis_red_pitaya_dac_0/inst/aclk
    SLICE_X42Y59         FDRE                                         r  system_i/signal_gen/axis_red_pitaya_dac_0/inst/int_dat_a_reg_reg[5]/C
                         clock pessimism              0.000    12.476    
                         clock uncertainty           -0.125    12.351    
    SLICE_X42Y59         FDRE (Setup_fdre_C_D)        0.077    12.428    system_i/signal_gen/axis_red_pitaya_dac_0/inst/int_dat_a_reg_reg[5]
  -------------------------------------------------------------------
                         required time                         12.428    
                         arrival time                          -8.590    
  -------------------------------------------------------------------
                         slack                                  3.837    

Slack (MET) :             4.005ns  (required time - arrival time)
  Source:                 system_i/axi_gpio_0/U0/gpio_core_1/Dual.gpio2_Data_Out_reg[2]/C
                            (rising edge-triggered cell FDRE clocked by clk_fpga_0  {rise@0.000ns fall@4.000ns period=8.000ns})
  Destination:            system_i/signal_gen/axis_red_pitaya_dac_0/inst/int_dat_a_reg_reg[11]/D
                            (rising edge-triggered cell FDRE clocked by adc_clk  {rise@0.000ns fall@4.000ns period=8.000ns})
  Path Group:             adc_clk
  Path Type:              Setup (Max at Slow Process Corner)
  Requirement:            8.000ns  (adc_clk rise@8.000ns - clk_fpga_0 rise@0.000ns)
  Data Path Delay:        5.446ns  (logic 0.999ns (18.345%)  route 4.447ns (81.655%))
  Logic Levels:           2  (LUT1=2)
  Clock Path Skew:        1.495ns (DCD - SCD + CPR)
    Destination Clock Delay (DCD):    4.476ns = ( 12.476 - 8.000 ) 
    Source Clock Delay      (SCD):    2.981ns
    Clock Pessimism Removal (CPR):    0.000ns
  Clock Uncertainty:      0.125ns  ((TSJ^2 + TIJ^2)^1/2 + DJ) / 2 + PE
    Total System Jitter     (TSJ):    0.071ns
    Total Input Jitter      (TIJ):    0.240ns
    Discrete Jitter          (DJ):    0.000ns
    Phase Error              (PE):    0.000ns
  Clock Domain Crossing:  Inter clock paths are considered valid unless explicitly excluded by timing constraints such as set_clock_groups or set_false_path.

    Location             Delay type                Incr(ns)  Path(ns)    Netlist Resource(s)
  -------------------------------------------------------------------    -------------------
                         (clock clk_fpga_0 rise edge)
                                                      0.000     0.000 r  
    PS7_X0Y0             PS7                          0.000     0.000 r  system_i/PS7/processing_system7_0/inst/PS7_i/FCLKCLK[0]
                         net (fo=1, routed)           1.207     1.207    system_i/PS7/processing_system7_0/inst/FCLK_CLK_unbuffered[0]
    BUFGCTRL_X0Y0        BUFG (Prop_bufg_I_O)         0.101     1.308 r  system_i/PS7/processing_system7_0/inst/buffer_fclk_clk_0.FCLK_CLK_0_BUFG/O
                         net (fo=1497, routed)        1.673     2.981    system_i/axi_gpio_0/U0/gpio_core_1/s_axi_aclk
    SLICE_X20Y44         FDRE                                         r  system_i/axi_gpio_0/U0/gpio_core_1/Dual.gpio2_Data_Out_reg[2]/C
  -------------------------------------------------------------------    -------------------
    SLICE_X20Y44         FDRE (Prop_fdre_C_Q)         0.518     3.499 f  system_i/axi_gpio_0/U0/gpio_core_1/Dual.gpio2_Data_Out_reg[2]/Q
                         net (fo=2, routed)           1.869     5.368    system_i/axi_gpio_0/U0/gpio_core_1/gpio2_io_o[11]
    SLICE_X7Y44          LUT1 (Prop_lut1_I0_O)        0.154     5.522 f  system_i/axi_gpio_0/U0/gpio_core_1/gpio2_io_o[11]_hold_fix/O
                         net (fo=1, routed)           2.577     8.100    system_i/signal_gen/axis_red_pitaya_dac_0/inst/gpio2_io_o[11]_hold_fix_1_alias
    SLICE_X42Y60         LUT1 (Prop_lut1_I0_O)        0.327     8.427 r  system_i/signal_gen/axis_red_pitaya_dac_0/inst/int_dat_a_reg[11]_i_1/O
                         net (fo=1, routed)           0.000     8.427    system_i/signal_gen/axis_red_pitaya_dac_0/inst/p_1_out[11]
    SLICE_X42Y60         FDRE                                         r  system_i/signal_gen/axis_red_pitaya_dac_0/inst/int_dat_a_reg_reg[11]/D
  -------------------------------------------------------------------    -------------------

                         (clock adc_clk rise edge)    8.000     8.000 r  
    U18                                               0.000     8.000 r  adc_clk_p_i (IN)
                         net (fo=0)                   0.000     8.000    system_i/DataAcquisition/axis_red_pitaya_adc_0/inst/adc_clk_p
    U18                  IBUFDS (Prop_ibufds_I_O)     0.940     8.940 r  system_i/DataAcquisition/axis_red_pitaya_adc_0/inst/adc_clk_inst0/O
                         net (fo=1, routed)           1.880    10.820    system_i/DataAcquisition/axis_red_pitaya_adc_0/inst/int_clk0
    BUFGCTRL_X0Y1        BUFG (Prop_bufg_I_O)         0.092    10.912 r  system_i/DataAcquisition/axis_red_pitaya_adc_0/inst/adc_clk_inst/O
                         net (fo=204, routed)         1.564    12.476    system_i/signal_gen/axis_red_pitaya_dac_0/inst/aclk
    SLICE_X42Y60         FDRE                                         r  system_i/signal_gen/axis_red_pitaya_dac_0/inst/int_dat_a_reg_reg[11]/C
                         clock pessimism              0.000    12.476    
                         clock uncertainty           -0.125    12.351    
    SLICE_X42Y60         FDRE (Setup_fdre_C_D)        0.081    12.432    system_i/signal_gen/axis_red_pitaya_dac_0/inst/int_dat_a_reg_reg[11]
  -------------------------------------------------------------------
                         required time                         12.432    
                         arrival time                          -8.427    
  -------------------------------------------------------------------
                         slack                                  4.005    

Slack (MET) :             4.021ns  (required time - arrival time)
  Source:                 system_i/axi_gpio_0/U0/gpio_core_1/Dual.gpio2_Data_Out_reg[9]/C
                            (rising edge-triggered cell FDRE clocked by clk_fpga_0  {rise@0.000ns fall@4.000ns period=8.000ns})
  Destination:            system_i/signal_gen/axis_red_pitaya_dac_0/inst/int_dat_a_reg_reg[4]/D
                            (rising edge-triggered cell FDRE clocked by adc_clk  {rise@0.000ns fall@4.000ns period=8.000ns})
  Path Group:             adc_clk
  Path Type:              Setup (Max at Slow Process Corner)
  Requirement:            8.000ns  (adc_clk rise@8.000ns - clk_fpga_0 rise@0.000ns)
  Data Path Delay:        5.425ns  (logic 1.133ns (20.887%)  route 4.292ns (79.113%))
  Logic Levels:           2  (LUT1=2)
  Clock Path Skew:        1.492ns (DCD - SCD + CPR)
    Destination Clock Delay (DCD):    4.473ns = ( 12.473 - 8.000 ) 
    Source Clock Delay      (SCD):    2.981ns
    Clock Pessimism Removal (CPR):    0.000ns
  Clock Uncertainty:      0.125ns  ((TSJ^2 + TIJ^2)^1/2 + DJ) / 2 + PE
    Total System Jitter     (TSJ):    0.071ns
    Total Input Jitter      (TIJ):    0.240ns
    Discrete Jitter          (DJ):    0.000ns
    Phase Error              (PE):    0.000ns
  Clock Domain Crossing:  Inter clock paths are considered valid unless explicitly excluded by timing constraints such as set_clock_groups or set_false_path.

    Location             Delay type                Incr(ns)  Path(ns)    Netlist Resource(s)
  -------------------------------------------------------------------    -------------------
                         (clock clk_fpga_0 rise edge)
                                                      0.000     0.000 r  
    PS7_X0Y0             PS7                          0.000     0.000 r  system_i/PS7/processing_system7_0/inst/PS7_i/FCLKCLK[0]
                         net (fo=1, routed)           1.207     1.207    system_i/PS7/processing_system7_0/inst/FCLK_CLK_unbuffered[0]
    BUFGCTRL_X0Y0        BUFG (Prop_bufg_I_O)         0.101     1.308 r  system_i/PS7/processing_system7_0/inst/buffer_fclk_clk_0.FCLK_CLK_0_BUFG/O
                         net (fo=1497, routed)        1.673     2.981    system_i/axi_gpio_0/U0/gpio_core_1/s_axi_aclk
    SLICE_X20Y44         FDRE                                         r  system_i/axi_gpio_0/U0/gpio_core_1/Dual.gpio2_Data_Out_reg[9]/C
  -------------------------------------------------------------------    -------------------
    SLICE_X20Y44         FDRE (Prop_fdre_C_Q)         0.478     3.459 f  system_i/axi_gpio_0/U0/gpio_core_1/Dual.gpio2_Data_Out_reg[9]/Q
                         net (fo=2, routed)           1.738     5.197    system_i/axi_gpio_0/U0/gpio_core_1/gpio2_io_o[4]
    SLICE_X9Y44          LUT1 (Prop_lut1_I0_O)        0.323     5.520 f  system_i/axi_gpio_0/U0/gpio_core_1/gpio2_io_o[4]_hold_fix/O
                         net (fo=1, routed)           2.553     8.074    system_i/signal_gen/axis_red_pitaya_dac_0/inst/gpio2_io_o[4]_hold_fix_1_alias
    SLICE_X42Y64         LUT1 (Prop_lut1_I0_O)        0.332     8.406 r  system_i/signal_gen/axis_red_pitaya_dac_0/inst/int_dat_a_reg[4]_i_1/O
                         net (fo=1, routed)           0.000     8.406    system_i/signal_gen/axis_red_pitaya_dac_0/inst/p_1_out[4]
    SLICE_X42Y64         FDRE                                         r  system_i/signal_gen/axis_red_pitaya_dac_0/inst/int_dat_a_reg_reg[4]/D
  -------------------------------------------------------------------    -------------------

                         (clock adc_clk rise edge)    8.000     8.000 r  
    U18                                               0.000     8.000 r  adc_clk_p_i (IN)
                         net (fo=0)                   0.000     8.000    system_i/DataAcquisition/axis_red_pitaya_adc_0/inst/adc_clk_p
    U18                  IBUFDS (Prop_ibufds_I_O)     0.940     8.940 r  system_i/DataAcquisition/axis_red_pitaya_adc_0/inst/adc_clk_inst0/O
                         net (fo=1, routed)           1.880    10.820    system_i/DataAcquisition/axis_red_pitaya_adc_0/inst/int_clk0
    BUFGCTRL_X0Y1        BUFG (Prop_bufg_I_O)         0.092    10.912 r  system_i/DataAcquisition/axis_red_pitaya_adc_0/inst/adc_clk_inst/O
                         net (fo=204, routed)         1.561    12.473    system_i/signal_gen/axis_red_pitaya_dac_0/inst/aclk
    SLICE_X42Y64         FDRE                                         r  system_i/signal_gen/axis_red_pitaya_dac_0/inst/int_dat_a_reg_reg[4]/C
                         clock pessimism              0.000    12.473    
                         clock uncertainty           -0.125    12.348    
    SLICE_X42Y64         FDRE (Setup_fdre_C_D)        0.079    12.427    system_i/signal_gen/axis_red_pitaya_dac_0/inst/int_dat_a_reg_reg[4]
  -------------------------------------------------------------------
                         required time                         12.427    
                         arrival time                          -8.406    
  -------------------------------------------------------------------
                         slack                                  4.021    

Slack (MET) :             4.247ns  (required time - arrival time)
  Source:                 system_i/axi_gpio_0/U0/gpio_core_1/Dual.gpio2_Data_Out_reg[3]/C
                            (rising edge-triggered cell FDRE clocked by clk_fpga_0  {rise@0.000ns fall@4.000ns period=8.000ns})
  Destination:            system_i/signal_gen/axis_red_pitaya_dac_0/inst/int_dat_a_reg_reg[10]/D
                            (rising edge-triggered cell FDRE clocked by adc_clk  {rise@0.000ns fall@4.000ns period=8.000ns})
  Path Group:             adc_clk
  Path Type:              Setup (Max at Slow Process Corner)
  Requirement:            8.000ns  (adc_clk rise@8.000ns - clk_fpga_0 rise@0.000ns)
  Data Path Delay:        5.200ns  (logic 0.996ns (19.155%)  route 4.204ns (80.845%))
  Logic Levels:           2  (LUT1=2)
  Clock Path Skew:        1.495ns (DCD - SCD + CPR)
    Destination Clock Delay (DCD):    4.476ns = ( 12.476 - 8.000 ) 
    Source Clock Delay      (SCD):    2.981ns
    Clock Pessimism Removal (CPR):    0.000ns
  Clock Uncertainty:      0.125ns  ((TSJ^2 + TIJ^2)^1/2 + DJ) / 2 + PE
    Total System Jitter     (TSJ):    0.071ns
    Total Input Jitter      (TIJ):    0.240ns
    Discrete Jitter          (DJ):    0.000ns
    Phase Error              (PE):    0.000ns
  Clock Domain Crossing:  Inter clock paths are considered valid unless explicitly excluded by timing constraints such as set_clock_groups or set_false_path.

    Location             Delay type                Incr(ns)  Path(ns)    Netlist Resource(s)
  -------------------------------------------------------------------    -------------------
                         (clock clk_fpga_0 rise edge)
                                                      0.000     0.000 r  
    PS7_X0Y0             PS7                          0.000     0.000 r  system_i/PS7/processing_system7_0/inst/PS7_i/FCLKCLK[0]
                         net (fo=1, routed)           1.207     1.207    system_i/PS7/processing_system7_0/inst/FCLK_CLK_unbuffered[0]
    BUFGCTRL_X0Y0        BUFG (Prop_bufg_I_O)         0.101     1.308 r  system_i/PS7/processing_system7_0/inst/buffer_fclk_clk_0.FCLK_CLK_0_BUFG/O
                         net (fo=1497, routed)        1.673     2.981    system_i/axi_gpio_0/U0/gpio_core_1/s_axi_aclk
    SLICE_X20Y44         FDRE                                         r  system_i/axi_gpio_0/U0/gpio_core_1/Dual.gpio2_Data_Out_reg[3]/C
  -------------------------------------------------------------------    -------------------
    SLICE_X20Y44         FDRE (Prop_fdre_C_Q)         0.518     3.499 f  system_i/axi_gpio_0/U0/gpio_core_1/Dual.gpio2_Data_Out_reg[3]/Q
                         net (fo=2, routed)           1.989     5.488    system_i/axi_gpio_0/U0/gpio_core_1/gpio2_io_o[10]
    SLICE_X3Y60          LUT1 (Prop_lut1_I0_O)        0.152     5.640 f  system_i/axi_gpio_0/U0/gpio_core_1/gpio2_io_o[10]_hold_fix/O
                         net (fo=1, routed)           2.214     7.855    system_i/signal_gen/axis_red_pitaya_dac_0/inst/gpio2_io_o[10]_hold_fix_1_alias
    SLICE_X42Y60         LUT1 (Prop_lut1_I0_O)        0.326     8.181 r  system_i/signal_gen/axis_red_pitaya_dac_0/inst/int_dat_a_reg[10]_i_1/O
                         net (fo=1, routed)           0.000     8.181    system_i/signal_gen/axis_red_pitaya_dac_0/inst/p_1_out[10]
    SLICE_X42Y60         FDRE                                         r  system_i/signal_gen/axis_red_pitaya_dac_0/inst/int_dat_a_reg_reg[10]/D
  -------------------------------------------------------------------    -------------------

                         (clock adc_clk rise edge)    8.000     8.000 r  
    U18                                               0.000     8.000 r  adc_clk_p_i (IN)
                         net (fo=0)                   0.000     8.000    system_i/DataAcquisition/axis_red_pitaya_adc_0/inst/adc_clk_p
    U18                  IBUFDS (Prop_ibufds_I_O)     0.940     8.940 r  system_i/DataAcquisition/axis_red_pitaya_adc_0/inst/adc_clk_inst0/O
                         net (fo=1, routed)           1.880    10.820    system_i/DataAcquisition/axis_red_pitaya_adc_0/inst/int_clk0
    BUFGCTRL_X0Y1        BUFG (Prop_bufg_I_O)         0.092    10.912 r  system_i/DataAcquisition/axis_red_pitaya_adc_0/inst/adc_clk_inst/O
                         net (fo=204, routed)         1.564    12.476    system_i/signal_gen/axis_red_pitaya_dac_0/inst/aclk
    SLICE_X42Y60         FDRE                                         r  system_i/signal_gen/axis_red_pitaya_dac_0/inst/int_dat_a_reg_reg[10]/C
                         clock pessimism              0.000    12.476    
                         clock uncertainty           -0.125    12.351    
    SLICE_X42Y60         FDRE (Setup_fdre_C_D)        0.077    12.428    system_i/signal_gen/axis_red_pitaya_dac_0/inst/int_dat_a_reg_reg[10]
  -------------------------------------------------------------------
                         required time                         12.428    
                         arrival time                          -8.181    
  -------------------------------------------------------------------
                         slack                                  4.247    

Slack (MET) :             4.254ns  (required time - arrival time)
  Source:                 system_i/axi_gpio_0/U0/gpio_core_1/Dual.gpio2_Data_Out_reg[6]/C
                            (rising edge-triggered cell FDRE clocked by clk_fpga_0  {rise@0.000ns fall@4.000ns period=8.000ns})
  Destination:            system_i/signal_gen/axis_red_pitaya_dac_0/inst/int_dat_a_reg_reg[7]/D
                            (rising edge-triggered cell FDRE clocked by adc_clk  {rise@0.000ns fall@4.000ns period=8.000ns})
  Path Group:             adc_clk
  Path Type:              Setup (Max at Slow Process Corner)
  Requirement:            8.000ns  (adc_clk rise@8.000ns - clk_fpga_0 rise@0.000ns)
  Data Path Delay:        5.199ns  (logic 1.070ns (20.582%)  route 4.129ns (79.418%))
  Logic Levels:           2  (LUT1=2)
  Clock Path Skew:        1.499ns (DCD - SCD + CPR)
    Destination Clock Delay (DCD):    4.476ns = ( 12.476 - 8.000 ) 
    Source Clock Delay      (SCD):    2.977ns
    Clock Pessimism Removal (CPR):    0.000ns
  Clock Uncertainty:      0.125ns  ((TSJ^2 + TIJ^2)^1/2 + DJ) / 2 + PE
    Total System Jitter     (TSJ):    0.071ns
    Total Input Jitter      (TIJ):    0.240ns
    Discrete Jitter          (DJ):    0.000ns
    Phase Error              (PE):    0.000ns
  Clock Domain Crossing:  Inter clock paths are considered valid unless explicitly excluded by timing constraints such as set_clock_groups or set_false_path.

    Location             Delay type                Incr(ns)  Path(ns)    Netlist Resource(s)
  -------------------------------------------------------------------    -------------------
                         (clock clk_fpga_0 rise edge)
                                                      0.000     0.000 r  
    PS7_X0Y0             PS7                          0.000     0.000 r  system_i/PS7/processing_system7_0/inst/PS7_i/FCLKCLK[0]
                         net (fo=1, routed)           1.207     1.207    system_i/PS7/processing_system7_0/inst/FCLK_CLK_unbuffered[0]
    BUFGCTRL_X0Y0        BUFG (Prop_bufg_I_O)         0.101     1.308 r  system_i/PS7/processing_system7_0/inst/buffer_fclk_clk_0.FCLK_CLK_0_BUFG/O
                         net (fo=1497, routed)        1.669     2.977    system_i/axi_gpio_0/U0/gpio_core_1/s_axi_aclk
    SLICE_X23Y44         FDRE                                         r  system_i/axi_gpio_0/U0/gpio_core_1/Dual.gpio2_Data_Out_reg[6]/C
  -------------------------------------------------------------------    -------------------
    SLICE_X23Y44         FDRE (Prop_fdre_C_Q)         0.419     3.396 f  system_i/axi_gpio_0/U0/gpio_core_1/Dual.gpio2_Data_Out_reg[6]/Q
                         net (fo=2, routed)           1.793     5.189    system_i/axi_gpio_0/U0/gpio_core_1/gpio2_io_o[7]
    SLICE_X9Y44          LUT1 (Prop_lut1_I0_O)        0.325     5.514 f  system_i/axi_gpio_0/U0/gpio_core_1/gpio2_io_o[7]_hold_fix/O
                         net (fo=1, routed)           2.335     7.850    system_i/signal_gen/axis_red_pitaya_dac_0/inst/gpio2_io_o[7]_hold_fix_1_alias
    SLICE_X42Y60         LUT1 (Prop_lut1_I0_O)        0.326     8.176 r  system_i/signal_gen/axis_red_pitaya_dac_0/inst/int_dat_a_reg[7]_i_1/O
                         net (fo=1, routed)           0.000     8.176    system_i/signal_gen/axis_red_pitaya_dac_0/inst/p_1_out[7]
    SLICE_X42Y60         FDRE                                         r  system_i/signal_gen/axis_red_pitaya_dac_0/inst/int_dat_a_reg_reg[7]/D
  -------------------------------------------------------------------    -------------------

                         (clock adc_clk rise edge)    8.000     8.000 r  
    U18                                               0.000     8.000 r  adc_clk_p_i (IN)
                         net (fo=0)                   0.000     8.000    system_i/DataAcquisition/axis_red_pitaya_adc_0/inst/adc_clk_p
    U18                  IBUFDS (Prop_ibufds_I_O)     0.940     8.940 r  system_i/DataAcquisition/axis_red_pitaya_adc_0/inst/adc_clk_inst0/O
                         net (fo=1, routed)           1.880    10.820    system_i/DataAcquisition/axis_red_pitaya_adc_0/inst/int_clk0
    BUFGCTRL_X0Y1        BUFG (Prop_bufg_I_O)         0.092    10.912 r  system_i/DataAcquisition/axis_red_pitaya_adc_0/inst/adc_clk_inst/O
                         net (fo=204, routed)         1.564    12.476    system_i/signal_gen/axis_red_pitaya_dac_0/inst/aclk
    SLICE_X42Y60         FDRE                                         r  system_i/signal_gen/axis_red_pitaya_dac_0/inst/int_dat_a_reg_reg[7]/C
                         clock pessimism              0.000    12.476    
                         clock uncertainty           -0.125    12.351    
    SLICE_X42Y60         FDRE (Setup_fdre_C_D)        0.079    12.430    system_i/signal_gen/axis_red_pitaya_dac_0/inst/int_dat_a_reg_reg[7]
  -------------------------------------------------------------------
                         required time                         12.430    
                         arrival time                          -8.176    
  -------------------------------------------------------------------
                         slack                                  4.254    

Slack (MET) :             4.258ns  (required time - arrival time)
  Source:                 system_i/axi_gpio_0/U0/gpio_core_1/Dual.gpio2_Data_Out_reg[7]/C
                            (rising edge-triggered cell FDRE clocked by clk_fpga_0  {rise@0.000ns fall@4.000ns period=8.000ns})
  Destination:            system_i/signal_gen/axis_red_pitaya_dac_0/inst/int_dat_a_reg_reg[6]/D
                            (rising edge-triggered cell FDRE clocked by adc_clk  {rise@0.000ns fall@4.000ns period=8.000ns})
  Path Group:             adc_clk
  Path Type:              Setup (Max at Slow Process Corner)
  Requirement:            8.000ns  (adc_clk rise@8.000ns - clk_fpga_0 rise@0.000ns)
  Data Path Delay:        5.192ns  (logic 1.136ns (21.878%)  route 4.056ns (78.122%))
  Logic Levels:           2  (LUT1=2)
  Clock Path Skew:        1.495ns (DCD - SCD + CPR)
    Destination Clock Delay (DCD):    4.476ns = ( 12.476 - 8.000 ) 
    Source Clock Delay      (SCD):    2.981ns
    Clock Pessimism Removal (CPR):    0.000ns
  Clock Uncertainty:      0.125ns  ((TSJ^2 + TIJ^2)^1/2 + DJ) / 2 + PE
    Total System Jitter     (TSJ):    0.071ns
    Total Input Jitter      (TIJ):    0.240ns
    Discrete Jitter          (DJ):    0.000ns
    Phase Error              (PE):    0.000ns
  Clock Domain Crossing:  Inter clock paths are considered valid unless explicitly excluded by timing constraints such as set_clock_groups or set_false_path.

    Location             Delay type                Incr(ns)  Path(ns)    Netlist Resource(s)
  -------------------------------------------------------------------    -------------------
                         (clock clk_fpga_0 rise edge)
                                                      0.000     0.000 r  
    PS7_X0Y0             PS7                          0.000     0.000 r  system_i/PS7/processing_system7_0/inst/PS7_i/FCLKCLK[0]
                         net (fo=1, routed)           1.207     1.207    system_i/PS7/processing_system7_0/inst/FCLK_CLK_unbuffered[0]
    BUFGCTRL_X0Y0        BUFG (Prop_bufg_I_O)         0.101     1.308 r  system_i/PS7/processing_system7_0/inst/buffer_fclk_clk_0.FCLK_CLK_0_BUFG/O
                         net (fo=1497, routed)        1.673     2.981    system_i/axi_gpio_0/U0/gpio_core_1/s_axi_aclk
    SLICE_X20Y44         FDRE                                         r  system_i/axi_gpio_0/U0/gpio_core_1/Dual.gpio2_Data_Out_reg[7]/C
  -------------------------------------------------------------------    -------------------
    SLICE_X20Y44         FDRE (Prop_fdre_C_Q)         0.478     3.459 f  system_i/axi_gpio_0/U0/gpio_core_1/Dual.gpio2_Data_Out_reg[7]/Q
                         net (fo=2, routed)           1.390     4.849    system_i/axi_gpio_0/U0/gpio_core_1/gpio2_io_o[6]
    SLICE_X5Y44          LUT1 (Prop_lut1_I0_O)        0.326     5.175 f  system_i/axi_gpio_0/U0/gpio_core_1/gpio2_io_o[6]_hold_fix/O
                         net (fo=1, routed)           2.666     7.841    system_i/signal_gen/axis_red_pitaya_dac_0/inst/gpio2_io_o[6]_hold_fix_1_alias
    SLICE_X42Y59         LUT1 (Prop_lut1_I0_O)        0.332     8.173 r  system_i/signal_gen/axis_red_pitaya_dac_0/inst/int_dat_a_reg[6]_i_1/O
                         net (fo=1, routed)           0.000     8.173    system_i/signal_gen/axis_red_pitaya_dac_0/inst/p_1_out[6]
    SLICE_X42Y59         FDRE                                         r  system_i/signal_gen/axis_red_pitaya_dac_0/inst/int_dat_a_reg_reg[6]/D
  -------------------------------------------------------------------    -------------------

                         (clock adc_clk rise edge)    8.000     8.000 r  
    U18                                               0.000     8.000 r  adc_clk_p_i (IN)
                         net (fo=0)                   0.000     8.000    system_i/DataAcquisition/axis_red_pitaya_adc_0/inst/adc_clk_p
    U18                  IBUFDS (Prop_ibufds_I_O)     0.940     8.940 r  system_i/DataAcquisition/axis_red_pitaya_adc_0/inst/adc_clk_inst0/O
                         net (fo=1, routed)           1.880    10.820    system_i/DataAcquisition/axis_red_pitaya_adc_0/inst/int_clk0
    BUFGCTRL_X0Y1        BUFG (Prop_bufg_I_O)         0.092    10.912 r  system_i/DataAcquisition/axis_red_pitaya_adc_0/inst/adc_clk_inst/O
                         net (fo=204, routed)         1.564    12.476    system_i/signal_gen/axis_red_pitaya_dac_0/inst/aclk
    SLICE_X42Y59         FDRE                                         r  system_i/signal_gen/axis_red_pitaya_dac_0/inst/int_dat_a_reg_reg[6]/C
                         clock pessimism              0.000    12.476    
                         clock uncertainty           -0.125    12.351    
    SLICE_X42Y59         FDRE (Setup_fdre_C_D)        0.081    12.432    system_i/signal_gen/axis_red_pitaya_dac_0/inst/int_dat_a_reg_reg[6]
  -------------------------------------------------------------------
                         required time                         12.432    
                         arrival time                          -8.173    
  -------------------------------------------------------------------
                         slack                                  4.258    

Slack (MET) :             4.369ns  (required time - arrival time)
  Source:                 system_i/axi_gpio_0/U0/gpio_core_1/Dual.gpio2_Data_Out_reg[12]/C
                            (rising edge-triggered cell FDRE clocked by clk_fpga_0  {rise@0.000ns fall@4.000ns period=8.000ns})
  Destination:            system_i/signal_gen/axis_red_pitaya_dac_0/inst/int_dat_a_reg_reg[1]/D
                            (rising edge-triggered cell FDRE clocked by adc_clk  {rise@0.000ns fall@4.000ns period=8.000ns})
  Path Group:             adc_clk
  Path Type:              Setup (Max at Slow Process Corner)
  Requirement:            8.000ns  (adc_clk rise@8.000ns - clk_fpga_0 rise@0.000ns)
  Data Path Delay:        5.079ns  (logic 0.934ns (18.389%)  route 4.145ns (81.611%))
  Logic Levels:           2  (LUT1=2)
  Clock Path Skew:        1.496ns (DCD - SCD + CPR)
    Destination Clock Delay (DCD):    4.473ns = ( 12.473 - 8.000 ) 
    Source Clock Delay      (SCD):    2.977ns
    Clock Pessimism Removal (CPR):    0.000ns
  Clock Uncertainty:      0.125ns  ((TSJ^2 + TIJ^2)^1/2 + DJ) / 2 + PE
    Total System Jitter     (TSJ):    0.071ns
    Total Input Jitter      (TIJ):    0.240ns
    Discrete Jitter          (DJ):    0.000ns
    Phase Error              (PE):    0.000ns
  Clock Domain Crossing:  Inter clock paths are considered valid unless explicitly excluded by timing constraints such as set_clock_groups or set_false_path.

    Location             Delay type                Incr(ns)  Path(ns)    Netlist Resource(s)
  -------------------------------------------------------------------    -------------------
                         (clock clk_fpga_0 rise edge)
                                                      0.000     0.000 r  
    PS7_X0Y0             PS7                          0.000     0.000 r  system_i/PS7/processing_system7_0/inst/PS7_i/FCLKCLK[0]
                         net (fo=1, routed)           1.207     1.207    system_i/PS7/processing_system7_0/inst/FCLK_CLK_unbuffered[0]
    BUFGCTRL_X0Y0        BUFG (Prop_bufg_I_O)         0.101     1.308 r  system_i/PS7/processing_system7_0/inst/buffer_fclk_clk_0.FCLK_CLK_0_BUFG/O
                         net (fo=1497, routed)        1.669     2.977    system_i/axi_gpio_0/U0/gpio_core_1/s_axi_aclk
    SLICE_X23Y44         FDRE                                         r  system_i/axi_gpio_0/U0/gpio_core_1/Dual.gpio2_Data_Out_reg[12]/C
  -------------------------------------------------------------------    -------------------
    SLICE_X23Y44         FDRE (Prop_fdre_C_Q)         0.456     3.433 f  system_i/axi_gpio_0/U0/gpio_core_1/Dual.gpio2_Data_Out_reg[12]/Q
                         net (fo=2, routed)           1.852     5.285    system_i/axi_gpio_0/U0/gpio_core_1/gpio2_io_o[1]
    SLICE_X5Y44          LUT1 (Prop_lut1_I0_O)        0.152     5.437 f  system_i/axi_gpio_0/U0/gpio_core_1/gpio2_io_o[1]_hold_fix/O
                         net (fo=1, routed)           2.293     7.730    system_i/signal_gen/axis_red_pitaya_dac_0/inst/gpio2_io_o[1]_hold_fix_1_alias
    SLICE_X42Y64         LUT1 (Prop_lut1_I0_O)        0.326     8.056 r  system_i/signal_gen/axis_red_pitaya_dac_0/inst/int_dat_a_reg[1]_i_1/O
                         net (fo=1, routed)           0.000     8.056    system_i/signal_gen/axis_red_pitaya_dac_0/inst/p_1_out[1]
    SLICE_X42Y64         FDRE                                         r  system_i/signal_gen/axis_red_pitaya_dac_0/inst/int_dat_a_reg_reg[1]/D
  -------------------------------------------------------------------    -------------------

                         (clock adc_clk rise edge)    8.000     8.000 r  
    U18                                               0.000     8.000 r  adc_clk_p_i (IN)
                         net (fo=0)                   0.000     8.000    system_i/DataAcquisition/axis_red_pitaya_adc_0/inst/adc_clk_p
    U18                  IBUFDS (Prop_ibufds_I_O)     0.940     8.940 r  system_i/DataAcquisition/axis_red_pitaya_adc_0/inst/adc_clk_inst0/O
                         net (fo=1, routed)           1.880    10.820    system_i/DataAcquisition/axis_red_pitaya_adc_0/inst/int_clk0
    BUFGCTRL_X0Y1        BUFG (Prop_bufg_I_O)         0.092    10.912 r  system_i/DataAcquisition/axis_red_pitaya_adc_0/inst/adc_clk_inst/O
                         net (fo=204, routed)         1.561    12.473    system_i/signal_gen/axis_red_pitaya_dac_0/inst/aclk
    SLICE_X42Y64         FDRE                                         r  system_i/signal_gen/axis_red_pitaya_dac_0/inst/int_dat_a_reg_reg[1]/C
                         clock pessimism              0.000    12.473    
                         clock uncertainty           -0.125    12.348    
    SLICE_X42Y64         FDRE (Setup_fdre_C_D)        0.077    12.425    system_i/signal_gen/axis_red_pitaya_dac_0/inst/int_dat_a_reg_reg[1]
  -------------------------------------------------------------------
                         required time                         12.425    
                         arrival time                          -8.056    
  -------------------------------------------------------------------
                         slack                                  4.369    

Slack (MET) :             4.443ns  (required time - arrival time)
  Source:                 system_i/axi_gpio_0/U0/gpio_core_1/Dual.gpio2_Data_Out_reg[5]/C
                            (rising edge-triggered cell FDRE clocked by clk_fpga_0  {rise@0.000ns fall@4.000ns period=8.000ns})
  Destination:            system_i/signal_gen/axis_red_pitaya_dac_0/inst/int_dat_a_reg_reg[8]/D
                            (rising edge-triggered cell FDRE clocked by adc_clk  {rise@0.000ns fall@4.000ns period=8.000ns})
  Path Group:             adc_clk
  Path Type:              Setup (Max at Slow Process Corner)
  Requirement:            8.000ns  (adc_clk rise@8.000ns - clk_fpga_0 rise@0.000ns)
  Data Path Delay:        5.005ns  (logic 0.996ns (19.898%)  route 4.009ns (80.102%))
  Logic Levels:           2  (LUT1=2)
  Clock Path Skew:        1.495ns (DCD - SCD + CPR)
    Destination Clock Delay (DCD):    4.476ns = ( 12.476 - 8.000 ) 
    Source Clock Delay      (SCD):    2.981ns
    Clock Pessimism Removal (CPR):    0.000ns
  Clock Uncertainty:      0.125ns  ((TSJ^2 + TIJ^2)^1/2 + DJ) / 2 + PE
    Total System Jitter     (TSJ):    0.071ns
    Total Input Jitter      (TIJ):    0.240ns
    Discrete Jitter          (DJ):    0.000ns
    Phase Error              (PE):    0.000ns
  Clock Domain Crossing:  Inter clock paths are considered valid unless explicitly excluded by timing constraints such as set_clock_groups or set_false_path.

    Location             Delay type                Incr(ns)  Path(ns)    Netlist Resource(s)
  -------------------------------------------------------------------    -------------------
                         (clock clk_fpga_0 rise edge)
                                                      0.000     0.000 r  
    PS7_X0Y0             PS7                          0.000     0.000 r  system_i/PS7/processing_system7_0/inst/PS7_i/FCLKCLK[0]
                         net (fo=1, routed)           1.207     1.207    system_i/PS7/processing_system7_0/inst/FCLK_CLK_unbuffered[0]
    BUFGCTRL_X0Y0        BUFG (Prop_bufg_I_O)         0.101     1.308 r  system_i/PS7/processing_system7_0/inst/buffer_fclk_clk_0.FCLK_CLK_0_BUFG/O
                         net (fo=1497, routed)        1.673     2.981    system_i/axi_gpio_0/U0/gpio_core_1/s_axi_aclk
    SLICE_X20Y44         FDRE                                         r  system_i/axi_gpio_0/U0/gpio_core_1/Dual.gpio2_Data_Out_reg[5]/C
  -------------------------------------------------------------------    -------------------
    SLICE_X20Y44         FDRE (Prop_fdre_C_Q)         0.518     3.499 f  system_i/axi_gpio_0/U0/gpio_core_1/Dual.gpio2_Data_Out_reg[5]/Q
                         net (fo=2, routed)           1.891     5.390    system_i/axi_gpio_0/U0/gpio_core_1/gpio2_io_o[8]
    SLICE_X1Y60          LUT1 (Prop_lut1_I0_O)        0.152     5.542 f  system_i/axi_gpio_0/U0/gpio_core_1/gpio2_io_o[8]_hold_fix/O
                         net (fo=1, routed)           2.118     7.660    system_i/signal_gen/axis_red_pitaya_dac_0/inst/gpio2_io_o[8]_hold_fix_1_alias
    SLICE_X42Y60         LUT1 (Prop_lut1_I0_O)        0.326     7.986 r  system_i/signal_gen/axis_red_pitaya_dac_0/inst/int_dat_a_reg[8]_i_1/O
                         net (fo=1, routed)           0.000     7.986    system_i/signal_gen/axis_red_pitaya_dac_0/inst/p_1_out[8]
    SLICE_X42Y60         FDRE                                         r  system_i/signal_gen/axis_red_pitaya_dac_0/inst/int_dat_a_reg_reg[8]/D
  -------------------------------------------------------------------    -------------------

                         (clock adc_clk rise edge)    8.000     8.000 r  
    U18                                               0.000     8.000 r  adc_clk_p_i (IN)
                         net (fo=0)                   0.000     8.000    system_i/DataAcquisition/axis_red_pitaya_adc_0/inst/adc_clk_p
    U18                  IBUFDS (Prop_ibufds_I_O)     0.940     8.940 r  system_i/DataAcquisition/axis_red_pitaya_adc_0/inst/adc_clk_inst0/O
                         net (fo=1, routed)           1.880    10.820    system_i/DataAcquisition/axis_red_pitaya_adc_0/inst/int_clk0
    BUFGCTRL_X0Y1        BUFG (Prop_bufg_I_O)         0.092    10.912 r  system_i/DataAcquisition/axis_red_pitaya_adc_0/inst/adc_clk_inst/O
                         net (fo=204, routed)         1.564    12.476    system_i/signal_gen/axis_red_pitaya_dac_0/inst/aclk
    SLICE_X42Y60         FDRE                                         r  system_i/signal_gen/axis_red_pitaya_dac_0/inst/int_dat_a_reg_reg[8]/C
                         clock pessimism              0.000    12.476    
                         clock uncertainty           -0.125    12.351    
    SLICE_X42Y60         FDRE (Setup_fdre_C_D)        0.079    12.430    system_i/signal_gen/axis_red_pitaya_dac_0/inst/int_dat_a_reg_reg[8]
  -------------------------------------------------------------------
                         required time                         12.430    
                         arrival time                          -7.986    
  -------------------------------------------------------------------
                         slack                                  4.443    





Min Delay Paths
--------------------------------------------------------------------------------------
Slack (MET) :             0.725ns  (arrival time - required time)
  Source:                 system_i/axi_gpio_0/U0/gpio_core_1/Dual.gpio2_Data_Out_reg[5]/C
                            (rising edge-triggered cell FDRE clocked by clk_fpga_0  {rise@0.000ns fall@4.000ns period=8.000ns})
  Destination:            system_i/signal_gen/axis_red_pitaya_dac_0/inst/int_dat_a_reg_reg[8]/D
                            (rising edge-triggered cell FDRE clocked by adc_clk  {rise@0.000ns fall@4.000ns period=8.000ns})
  Path Group:             adc_clk
  Path Type:              Hold (Min at Fast Process Corner)
  Requirement:            0.000ns  (adc_clk rise@0.000ns - clk_fpga_0 rise@0.000ns)
  Data Path Delay:        2.074ns  (logic 0.315ns (15.185%)  route 1.759ns (84.815%))
  Logic Levels:           2  (LUT1=2)
  Clock Path Skew:        1.103ns (DCD - SCD - CPR)
    Destination Clock Delay (DCD):    2.004ns
    Source Clock Delay      (SCD):    0.901ns
    Clock Pessimism Removal (CPR):    -0.000ns
  Clock Uncertainty:      0.125ns  ((TSJ^2 + TIJ^2)^1/2 + DJ) / 2 + PE
    Total System Jitter     (TSJ):    0.071ns
    Total Input Jitter      (TIJ):    0.240ns
    Discrete Jitter          (DJ):    0.000ns
    Phase Error              (PE):    0.000ns
  Clock Domain Crossing:  Inter clock paths are considered valid unless explicitly excluded by timing constraints such as set_clock_groups or set_false_path.

    Location             Delay type                Incr(ns)  Path(ns)    Netlist Resource(s)
  -------------------------------------------------------------------    -------------------
                         (clock clk_fpga_0 rise edge)
                                                      0.000     0.000 r  
    PS7_X0Y0             PS7                          0.000     0.000 r  system_i/PS7/processing_system7_0/inst/PS7_i/FCLKCLK[0]
                         net (fo=1, routed)           0.315     0.315    system_i/PS7/processing_system7_0/inst/FCLK_CLK_unbuffered[0]
    BUFGCTRL_X0Y0        BUFG (Prop_bufg_I_O)         0.026     0.341 r  system_i/PS7/processing_system7_0/inst/buffer_fclk_clk_0.FCLK_CLK_0_BUFG/O
                         net (fo=1497, routed)        0.560     0.901    system_i/axi_gpio_0/U0/gpio_core_1/s_axi_aclk
    SLICE_X20Y44         FDRE                                         r  system_i/axi_gpio_0/U0/gpio_core_1/Dual.gpio2_Data_Out_reg[5]/C
  -------------------------------------------------------------------    -------------------
    SLICE_X20Y44         FDRE (Prop_fdre_C_Q)         0.164     1.065 f  system_i/axi_gpio_0/U0/gpio_core_1/Dual.gpio2_Data_Out_reg[5]/Q
                         net (fo=2, routed)           0.801     1.866    system_i/axi_gpio_0/U0/gpio_core_1/gpio2_io_o[8]
    SLICE_X1Y60          LUT1 (Prop_lut1_I0_O)        0.044     1.910 f  system_i/axi_gpio_0/U0/gpio_core_1/gpio2_io_o[8]_hold_fix/O
                         net (fo=1, routed)           0.958     2.868    system_i/signal_gen/axis_red_pitaya_dac_0/inst/gpio2_io_o[8]_hold_fix_1_alias
    SLICE_X42Y60         LUT1 (Prop_lut1_I0_O)        0.107     2.975 r  system_i/signal_gen/axis_red_pitaya_dac_0/inst/int_dat_a_reg[8]_i_1/O
                         net (fo=1, routed)           0.000     2.975    system_i/signal_gen/axis_red_pitaya_dac_0/inst/p_1_out[8]
    SLICE_X42Y60         FDRE                                         r  system_i/signal_gen/axis_red_pitaya_dac_0/inst/int_dat_a_reg_reg[8]/D
  -------------------------------------------------------------------    -------------------

                         (clock adc_clk rise edge)    0.000     0.000 r  
    U18                                               0.000     0.000 r  adc_clk_p_i (IN)
                         net (fo=0)                   0.000     0.000    system_i/DataAcquisition/axis_red_pitaya_adc_0/inst/adc_clk_p
    U18                  IBUFDS (Prop_ibufds_I_O)     0.433     0.433 r  system_i/DataAcquisition/axis_red_pitaya_adc_0/inst/adc_clk_inst0/O
                         net (fo=1, routed)           0.683     1.116    system_i/DataAcquisition/axis_red_pitaya_adc_0/inst/int_clk0
    BUFGCTRL_X0Y1        BUFG (Prop_bufg_I_O)         0.030     1.146 r  system_i/DataAcquisition/axis_red_pitaya_adc_0/inst/adc_clk_inst/O
                         net (fo=204, routed)         0.858     2.004    system_i/signal_gen/axis_red_pitaya_dac_0/inst/aclk
    SLICE_X42Y60         FDRE                                         r  system_i/signal_gen/axis_red_pitaya_dac_0/inst/int_dat_a_reg_reg[8]/C
                         clock pessimism              0.000     2.004    
                         clock uncertainty            0.125     2.129    
    SLICE_X42Y60         FDRE (Hold_fdre_C_D)         0.121     2.250    system_i/signal_gen/axis_red_pitaya_dac_0/inst/int_dat_a_reg_reg[8]
  -------------------------------------------------------------------
                         required time                         -2.250    
                         arrival time                           2.975    
  -------------------------------------------------------------------
                         slack                                  0.725    

Slack (MET) :             0.747ns  (arrival time - required time)
  Source:                 system_i/axi_gpio_0/U0/gpio_core_1/Dual.gpio2_Data_Out_reg[10]/C
                            (rising edge-triggered cell FDRE clocked by clk_fpga_0  {rise@0.000ns fall@4.000ns period=8.000ns})
  Destination:            system_i/signal_gen/axis_red_pitaya_dac_0/inst/int_dat_a_reg_reg[3]/D
                            (rising edge-triggered cell FDRE clocked by adc_clk  {rise@0.000ns fall@4.000ns period=8.000ns})
  Path Group:             adc_clk
  Path Type:              Hold (Min at Fast Process Corner)
  Requirement:            0.000ns  (adc_clk rise@0.000ns - clk_fpga_0 rise@0.000ns)
  Data Path Delay:        2.093ns  (logic 0.300ns (14.331%)  route 1.793ns (85.669%))
  Logic Levels:           2  (LUT1=2)
  Clock Path Skew:        1.100ns (DCD - SCD - CPR)
    Destination Clock Delay (DCD):    2.001ns
    Source Clock Delay      (SCD):    0.901ns
    Clock Pessimism Removal (CPR):    -0.000ns
  Clock Uncertainty:      0.125ns  ((TSJ^2 + TIJ^2)^1/2 + DJ) / 2 + PE
    Total System Jitter     (TSJ):    0.071ns
    Total Input Jitter      (TIJ):    0.240ns
    Discrete Jitter          (DJ):    0.000ns
    Phase Error              (PE):    0.000ns
  Clock Domain Crossing:  Inter clock paths are considered valid unless explicitly excluded by timing constraints such as set_clock_groups or set_false_path.

    Location             Delay type                Incr(ns)  Path(ns)    Netlist Resource(s)
  -------------------------------------------------------------------    -------------------
                         (clock clk_fpga_0 rise edge)
                                                      0.000     0.000 r  
    PS7_X0Y0             PS7                          0.000     0.000 r  system_i/PS7/processing_system7_0/inst/PS7_i/FCLKCLK[0]
                         net (fo=1, routed)           0.315     0.315    system_i/PS7/processing_system7_0/inst/FCLK_CLK_unbuffered[0]
    BUFGCTRL_X0Y0        BUFG (Prop_bufg_I_O)         0.026     0.341 r  system_i/PS7/processing_system7_0/inst/buffer_fclk_clk_0.FCLK_CLK_0_BUFG/O
                         net (fo=1497, routed)        0.560     0.901    system_i/axi_gpio_0/U0/gpio_core_1/s_axi_aclk
    SLICE_X23Y44         FDRE                                         r  system_i/axi_gpio_0/U0/gpio_core_1/Dual.gpio2_Data_Out_reg[10]/C
  -------------------------------------------------------------------    -------------------
    SLICE_X23Y44         FDRE (Prop_fdre_C_Q)         0.141     1.042 f  system_i/axi_gpio_0/U0/gpio_core_1/Dual.gpio2_Data_Out_reg[10]/Q
                         net (fo=2, routed)           0.870     1.911    system_i/axi_gpio_0/U0/gpio_core_1/gpio2_io_o[3]
    SLICE_X12Y64         LUT1 (Prop_lut1_I0_O)        0.048     1.959 f  system_i/axi_gpio_0/U0/gpio_core_1/gpio2_io_o[3]_hold_fix/O
                         net (fo=1, routed)           0.923     2.883    system_i/signal_gen/axis_red_pitaya_dac_0/inst/gpio2_io_o[3]_hold_fix_1_alias
    SLICE_X42Y64         LUT1 (Prop_lut1_I0_O)        0.111     2.994 r  system_i/signal_gen/axis_red_pitaya_dac_0/inst/int_dat_a_reg[3]_i_1/O
                         net (fo=1, routed)           0.000     2.994    system_i/signal_gen/axis_red_pitaya_dac_0/inst/p_1_out[3]
    SLICE_X42Y64         FDRE                                         r  system_i/signal_gen/axis_red_pitaya_dac_0/inst/int_dat_a_reg_reg[3]/D
  -------------------------------------------------------------------    -------------------

                         (clock adc_clk rise edge)    0.000     0.000 r  
    U18                                               0.000     0.000 r  adc_clk_p_i (IN)
                         net (fo=0)                   0.000     0.000    system_i/DataAcquisition/axis_red_pitaya_adc_0/inst/adc_clk_p
    U18                  IBUFDS (Prop_ibufds_I_O)     0.433     0.433 r  system_i/DataAcquisition/axis_red_pitaya_adc_0/inst/adc_clk_inst0/O
                         net (fo=1, routed)           0.683     1.116    system_i/DataAcquisition/axis_red_pitaya_adc_0/inst/int_clk0
    BUFGCTRL_X0Y1        BUFG (Prop_bufg_I_O)         0.030     1.146 r  system_i/DataAcquisition/axis_red_pitaya_adc_0/inst/adc_clk_inst/O
                         net (fo=204, routed)         0.855     2.001    system_i/signal_gen/axis_red_pitaya_dac_0/inst/aclk
    SLICE_X42Y64         FDRE                                         r  system_i/signal_gen/axis_red_pitaya_dac_0/inst/int_dat_a_reg_reg[3]/C
                         clock pessimism              0.000     2.001    
                         clock uncertainty            0.125     2.126    
    SLICE_X42Y64         FDRE (Hold_fdre_C_D)         0.121     2.247    system_i/signal_gen/axis_red_pitaya_dac_0/inst/int_dat_a_reg_reg[3]
  -------------------------------------------------------------------
                         required time                         -2.247    
                         arrival time                           2.994    
  -------------------------------------------------------------------
                         slack                                  0.747    

Slack (MET) :             0.790ns  (arrival time - required time)
  Source:                 system_i/axi_gpio_0/U0/gpio_core_1/Dual.gpio2_Data_Out_reg[6]/C
                            (rising edge-triggered cell FDRE clocked by clk_fpga_0  {rise@0.000ns fall@4.000ns period=8.000ns})
  Destination:            system_i/signal_gen/axis_red_pitaya_dac_0/inst/int_dat_a_reg_reg[7]/D
                            (rising edge-triggered cell FDRE clocked by adc_clk  {rise@0.000ns fall@4.000ns period=8.000ns})
  Path Group:             adc_clk
  Path Type:              Hold (Min at Fast Process Corner)
  Requirement:            0.000ns  (adc_clk rise@0.000ns - clk_fpga_0 rise@0.000ns)
  Data Path Delay:        2.140ns  (logic 0.332ns (15.516%)  route 1.808ns (84.484%))
  Logic Levels:           2  (LUT1=2)
  Clock Path Skew:        1.103ns (DCD - SCD - CPR)
    Destination Clock Delay (DCD):    2.004ns
    Source Clock Delay      (SCD):    0.901ns
    Clock Pessimism Removal (CPR):    -0.000ns
  Clock Uncertainty:      0.125ns  ((TSJ^2 + TIJ^2)^1/2 + DJ) / 2 + PE
    Total System Jitter     (TSJ):    0.071ns
    Total Input Jitter      (TIJ):    0.240ns
    Discrete Jitter          (DJ):    0.000ns
    Phase Error              (PE):    0.000ns
  Clock Domain Crossing:  Inter clock paths are considered valid unless explicitly excluded by timing constraints such as set_clock_groups or set_false_path.

    Location             Delay type                Incr(ns)  Path(ns)    Netlist Resource(s)
  -------------------------------------------------------------------    -------------------
                         (clock clk_fpga_0 rise edge)
                                                      0.000     0.000 r  
    PS7_X0Y0             PS7                          0.000     0.000 r  system_i/PS7/processing_system7_0/inst/PS7_i/FCLKCLK[0]
                         net (fo=1, routed)           0.315     0.315    system_i/PS7/processing_system7_0/inst/FCLK_CLK_unbuffered[0]
    BUFGCTRL_X0Y0        BUFG (Prop_bufg_I_O)         0.026     0.341 r  system_i/PS7/processing_system7_0/inst/buffer_fclk_clk_0.FCLK_CLK_0_BUFG/O
                         net (fo=1497, routed)        0.560     0.901    system_i/axi_gpio_0/U0/gpio_core_1/s_axi_aclk
    SLICE_X23Y44         FDRE                                         r  system_i/axi_gpio_0/U0/gpio_core_1/Dual.gpio2_Data_Out_reg[6]/C
  -------------------------------------------------------------------    -------------------
    SLICE_X23Y44         FDRE (Prop_fdre_C_Q)         0.128     1.029 f  system_i/axi_gpio_0/U0/gpio_core_1/Dual.gpio2_Data_Out_reg[6]/Q
                         net (fo=2, routed)           0.756     1.785    system_i/axi_gpio_0/U0/gpio_core_1/gpio2_io_o[7]
    SLICE_X9Y44          LUT1 (Prop_lut1_I0_O)        0.097     1.882 f  system_i/axi_gpio_0/U0/gpio_core_1/gpio2_io_o[7]_hold_fix/O
                         net (fo=1, routed)           1.051     2.933    system_i/signal_gen/axis_red_pitaya_dac_0/inst/gpio2_io_o[7]_hold_fix_1_alias
    SLICE_X42Y60         LUT1 (Prop_lut1_I0_O)        0.107     3.040 r  system_i/signal_gen/axis_red_pitaya_dac_0/inst/int_dat_a_reg[7]_i_1/O
                         net (fo=1, routed)           0.000     3.040    system_i/signal_gen/axis_red_pitaya_dac_0/inst/p_1_out[7]
    SLICE_X42Y60         FDRE                                         r  system_i/signal_gen/axis_red_pitaya_dac_0/inst/int_dat_a_reg_reg[7]/D
  -------------------------------------------------------------------    -------------------

                         (clock adc_clk rise edge)    0.000     0.000 r  
    U18                                               0.000     0.000 r  adc_clk_p_i (IN)
                         net (fo=0)                   0.000     0.000    system_i/DataAcquisition/axis_red_pitaya_adc_0/inst/adc_clk_p
    U18                  IBUFDS (Prop_ibufds_I_O)     0.433     0.433 r  system_i/DataAcquisition/axis_red_pitaya_adc_0/inst/adc_clk_inst0/O
                         net (fo=1, routed)           0.683     1.116    system_i/DataAcquisition/axis_red_pitaya_adc_0/inst/int_clk0
    BUFGCTRL_X0Y1        BUFG (Prop_bufg_I_O)         0.030     1.146 r  system_i/DataAcquisition/axis_red_pitaya_adc_0/inst/adc_clk_inst/O
                         net (fo=204, routed)         0.858     2.004    system_i/signal_gen/axis_red_pitaya_dac_0/inst/aclk
    SLICE_X42Y60         FDRE                                         r  system_i/signal_gen/axis_red_pitaya_dac_0/inst/int_dat_a_reg_reg[7]/C
                         clock pessimism              0.000     2.004    
                         clock uncertainty            0.125     2.129    
    SLICE_X42Y60         FDRE (Hold_fdre_C_D)         0.121     2.250    system_i/signal_gen/axis_red_pitaya_dac_0/inst/int_dat_a_reg_reg[7]
  -------------------------------------------------------------------
                         required time                         -2.250    
                         arrival time                           3.040    
  -------------------------------------------------------------------
                         slack                                  0.790    

Slack (MET) :             0.798ns  (arrival time - required time)
  Source:                 system_i/axi_gpio_0/U0/gpio_core_1/Dual.gpio2_Data_Out_reg[11]/C
                            (rising edge-triggered cell FDRE clocked by clk_fpga_0  {rise@0.000ns fall@4.000ns period=8.000ns})
  Destination:            system_i/signal_gen/axis_red_pitaya_dac_0/inst/int_dat_a_reg_reg[2]/D
                            (rising edge-triggered cell FDRE clocked by adc_clk  {rise@0.000ns fall@4.000ns period=8.000ns})
  Path Group:             adc_clk
  Path Type:              Hold (Min at Fast Process Corner)
  Requirement:            0.000ns  (adc_clk rise@0.000ns - clk_fpga_0 rise@0.000ns)
  Data Path Delay:        2.144ns  (logic 0.325ns (15.159%)  route 1.819ns (84.841%))
  Logic Levels:           2  (LUT1=2)
  Clock Path Skew:        1.100ns (DCD - SCD - CPR)
    Destination Clock Delay (DCD):    2.001ns
    Source Clock Delay      (SCD):    0.901ns
    Clock Pessimism Removal (CPR):    -0.000ns
  Clock Uncertainty:      0.125ns  ((TSJ^2 + TIJ^2)^1/2 + DJ) / 2 + PE
    Total System Jitter     (TSJ):    0.071ns
    Total Input Jitter      (TIJ):    0.240ns
    Discrete Jitter          (DJ):    0.000ns
    Phase Error              (PE):    0.000ns
  Clock Domain Crossing:  Inter clock paths are considered valid unless explicitly excluded by timing constraints such as set_clock_groups or set_false_path.

    Location             Delay type                Incr(ns)  Path(ns)    Netlist Resource(s)
  -------------------------------------------------------------------    -------------------
                         (clock clk_fpga_0 rise edge)
                                                      0.000     0.000 r  
    PS7_X0Y0             PS7                          0.000     0.000 r  system_i/PS7/processing_system7_0/inst/PS7_i/FCLKCLK[0]
                         net (fo=1, routed)           0.315     0.315    system_i/PS7/processing_system7_0/inst/FCLK_CLK_unbuffered[0]
    BUFGCTRL_X0Y0        BUFG (Prop_bufg_I_O)         0.026     0.341 r  system_i/PS7/processing_system7_0/inst/buffer_fclk_clk_0.FCLK_CLK_0_BUFG/O
                         net (fo=1497, routed)        0.560     0.901    system_i/axi_gpio_0/U0/gpio_core_1/s_axi_aclk
    SLICE_X20Y44         FDRE                                         r  system_i/axi_gpio_0/U0/gpio_core_1/Dual.gpio2_Data_Out_reg[11]/C
  -------------------------------------------------------------------    -------------------
    SLICE_X20Y44         FDRE (Prop_fdre_C_Q)         0.164     1.065 f  system_i/axi_gpio_0/U0/gpio_core_1/Dual.gpio2_Data_Out_reg[11]/Q
                         net (fo=2, routed)           0.560     1.624    system_i/axi_gpio_0/U0/gpio_core_1/gpio2_io_o[2]
    SLICE_X5Y44          LUT1 (Prop_lut1_I0_O)        0.049     1.673 f  system_i/axi_gpio_0/U0/gpio_core_1/gpio2_io_o[2]_hold_fix/O
                         net (fo=1, routed)           1.259     2.932    system_i/signal_gen/axis_red_pitaya_dac_0/inst/gpio2_io_o[2]_hold_fix_1_alias
    SLICE_X42Y64         LUT1 (Prop_lut1_I0_O)        0.112     3.044 r  system_i/signal_gen/axis_red_pitaya_dac_0/inst/int_dat_a_reg[2]_i_1/O
                         net (fo=1, routed)           0.000     3.044    system_i/signal_gen/axis_red_pitaya_dac_0/inst/p_1_out[2]
    SLICE_X42Y64         FDRE                                         r  system_i/signal_gen/axis_red_pitaya_dac_0/inst/int_dat_a_reg_reg[2]/D
  -------------------------------------------------------------------    -------------------

                         (clock adc_clk rise edge)    0.000     0.000 r  
    U18                                               0.000     0.000 r  adc_clk_p_i (IN)
                         net (fo=0)                   0.000     0.000    system_i/DataAcquisition/axis_red_pitaya_adc_0/inst/adc_clk_p
    U18                  IBUFDS (Prop_ibufds_I_O)     0.433     0.433 r  system_i/DataAcquisition/axis_red_pitaya_adc_0/inst/adc_clk_inst0/O
                         net (fo=1, routed)           0.683     1.116    system_i/DataAcquisition/axis_red_pitaya_adc_0/inst/int_clk0
    BUFGCTRL_X0Y1        BUFG (Prop_bufg_I_O)         0.030     1.146 r  system_i/DataAcquisition/axis_red_pitaya_adc_0/inst/adc_clk_inst/O
                         net (fo=204, routed)         0.855     2.001    system_i/signal_gen/axis_red_pitaya_dac_0/inst/aclk
    SLICE_X42Y64         FDRE                                         r  system_i/signal_gen/axis_red_pitaya_dac_0/inst/int_dat_a_reg_reg[2]/C
                         clock pessimism              0.000     2.001    
                         clock uncertainty            0.125     2.126    
    SLICE_X42Y64         FDRE (Hold_fdre_C_D)         0.121     2.247    system_i/signal_gen/axis_red_pitaya_dac_0/inst/int_dat_a_reg_reg[2]
  -------------------------------------------------------------------
                         required time                         -2.247    
                         arrival time                           3.044    
  -------------------------------------------------------------------
                         slack                                  0.798    

Slack (MET) :             0.798ns  (arrival time - required time)
  Source:                 system_i/axi_gpio_0/U0/gpio_core_1/Dual.gpio2_Data_Out_reg[9]/C
                            (rising edge-triggered cell FDRE clocked by clk_fpga_0  {rise@0.000ns fall@4.000ns period=8.000ns})
  Destination:            system_i/signal_gen/axis_red_pitaya_dac_0/inst/int_dat_a_reg_reg[4]/D
                            (rising edge-triggered cell FDRE clocked by adc_clk  {rise@0.000ns fall@4.000ns period=8.000ns})
  Path Group:             adc_clk
  Path Type:              Hold (Min at Fast Process Corner)
  Requirement:            0.000ns  (adc_clk rise@0.000ns - clk_fpga_0 rise@0.000ns)
  Data Path Delay:        2.145ns  (logic 0.357ns (16.647%)  route 1.788ns (83.353%))
  Logic Levels:           2  (LUT1=2)
  Clock Path Skew:        1.100ns (DCD - SCD - CPR)
    Destination Clock Delay (DCD):    2.001ns
    Source Clock Delay      (SCD):    0.901ns
    Clock Pessimism Removal (CPR):    -0.000ns
  Clock Uncertainty:      0.125ns  ((TSJ^2 + TIJ^2)^1/2 + DJ) / 2 + PE
    Total System Jitter     (TSJ):    0.071ns
    Total Input Jitter      (TIJ):    0.240ns
    Discrete Jitter          (DJ):    0.000ns
    Phase Error              (PE):    0.000ns
  Clock Domain Crossing:  Inter clock paths are considered valid unless explicitly excluded by timing constraints such as set_clock_groups or set_false_path.

    Location             Delay type                Incr(ns)  Path(ns)    Netlist Resource(s)
  -------------------------------------------------------------------    -------------------
                         (clock clk_fpga_0 rise edge)
                                                      0.000     0.000 r  
    PS7_X0Y0             PS7                          0.000     0.000 r  system_i/PS7/processing_system7_0/inst/PS7_i/FCLKCLK[0]
                         net (fo=1, routed)           0.315     0.315    system_i/PS7/processing_system7_0/inst/FCLK_CLK_unbuffered[0]
    BUFGCTRL_X0Y0        BUFG (Prop_bufg_I_O)         0.026     0.341 r  system_i/PS7/processing_system7_0/inst/buffer_fclk_clk_0.FCLK_CLK_0_BUFG/O
                         net (fo=1497, routed)        0.560     0.901    system_i/axi_gpio_0/U0/gpio_core_1/s_axi_aclk
    SLICE_X20Y44         FDRE                                         r  system_i/axi_gpio_0/U0/gpio_core_1/Dual.gpio2_Data_Out_reg[9]/C
  -------------------------------------------------------------------    -------------------
    SLICE_X20Y44         FDRE (Prop_fdre_C_Q)         0.148     1.049 f  system_i/axi_gpio_0/U0/gpio_core_1/Dual.gpio2_Data_Out_reg[9]/Q
                         net (fo=2, routed)           0.712     1.761    system_i/axi_gpio_0/U0/gpio_core_1/gpio2_io_o[4]
    SLICE_X9Y44          LUT1 (Prop_lut1_I0_O)        0.097     1.858 f  system_i/axi_gpio_0/U0/gpio_core_1/gpio2_io_o[4]_hold_fix/O
                         net (fo=1, routed)           1.075     2.933    system_i/signal_gen/axis_red_pitaya_dac_0/inst/gpio2_io_o[4]_hold_fix_1_alias
    SLICE_X42Y64         LUT1 (Prop_lut1_I0_O)        0.112     3.045 r  system_i/signal_gen/axis_red_pitaya_dac_0/inst/int_dat_a_reg[4]_i_1/O
                         net (fo=1, routed)           0.000     3.045    system_i/signal_gen/axis_red_pitaya_dac_0/inst/p_1_out[4]
    SLICE_X42Y64         FDRE                                         r  system_i/signal_gen/axis_red_pitaya_dac_0/inst/int_dat_a_reg_reg[4]/D
  -------------------------------------------------------------------    -------------------

                         (clock adc_clk rise edge)    0.000     0.000 r  
    U18                                               0.000     0.000 r  adc_clk_p_i (IN)
                         net (fo=0)                   0.000     0.000    system_i/DataAcquisition/axis_red_pitaya_adc_0/inst/adc_clk_p
    U18                  IBUFDS (Prop_ibufds_I_O)     0.433     0.433 r  system_i/DataAcquisition/axis_red_pitaya_adc_0/inst/adc_clk_inst0/O
                         net (fo=1, routed)           0.683     1.116    system_i/DataAcquisition/axis_red_pitaya_adc_0/inst/int_clk0
    BUFGCTRL_X0Y1        BUFG (Prop_bufg_I_O)         0.030     1.146 r  system_i/DataAcquisition/axis_red_pitaya_adc_0/inst/adc_clk_inst/O
                         net (fo=204, routed)         0.855     2.001    system_i/signal_gen/axis_red_pitaya_dac_0/inst/aclk
    SLICE_X42Y64         FDRE                                         r  system_i/signal_gen/axis_red_pitaya_dac_0/inst/int_dat_a_reg_reg[4]/C
                         clock pessimism              0.000     2.001    
                         clock uncertainty            0.125     2.126    
    SLICE_X42Y64         FDRE (Hold_fdre_C_D)         0.121     2.247    system_i/signal_gen/axis_red_pitaya_dac_0/inst/int_dat_a_reg_reg[4]
  -------------------------------------------------------------------
                         required time                         -2.247    
                         arrival time                           3.045    
  -------------------------------------------------------------------
                         slack                                  0.798    

Slack (MET) :             0.804ns  (arrival time - required time)
  Source:                 system_i/axi_gpio_0/U0/gpio_core_1/Dual.gpio2_Data_Out_reg[0]/C
                            (rising edge-triggered cell FDRE clocked by clk_fpga_0  {rise@0.000ns fall@4.000ns period=8.000ns})
  Destination:            system_i/signal_gen/axis_red_pitaya_dac_0/inst/int_dat_a_reg_reg[13]/D
                            (rising edge-triggered cell FDRE clocked by adc_clk  {rise@0.000ns fall@4.000ns period=8.000ns})
  Path Group:             adc_clk
  Path Type:              Hold (Min at Fast Process Corner)
  Requirement:            0.000ns  (adc_clk rise@0.000ns - clk_fpga_0 rise@0.000ns)
  Data Path Delay:        2.033ns  (logic 0.190ns (9.346%)  route 1.843ns (90.654%))
  Logic Levels:           1  (LUT1=1)
  Clock Path Skew:        1.100ns (DCD - SCD - CPR)
    Destination Clock Delay (DCD):    2.001ns
    Source Clock Delay      (SCD):    0.901ns
    Clock Pessimism Removal (CPR):    -0.000ns
  Clock Uncertainty:      0.125ns  ((TSJ^2 + TIJ^2)^1/2 + DJ) / 2 + PE
    Total System Jitter     (TSJ):    0.071ns
    Total Input Jitter      (TIJ):    0.240ns
    Discrete Jitter          (DJ):    0.000ns
    Phase Error              (PE):    0.000ns
  Clock Domain Crossing:  Inter clock paths are considered valid unless explicitly excluded by timing constraints such as set_clock_groups or set_false_path.

    Location             Delay type                Incr(ns)  Path(ns)    Netlist Resource(s)
  -------------------------------------------------------------------    -------------------
                         (clock clk_fpga_0 rise edge)
                                                      0.000     0.000 r  
    PS7_X0Y0             PS7                          0.000     0.000 r  system_i/PS7/processing_system7_0/inst/PS7_i/FCLKCLK[0]
                         net (fo=1, routed)           0.315     0.315    system_i/PS7/processing_system7_0/inst/FCLK_CLK_unbuffered[0]
    BUFGCTRL_X0Y0        BUFG (Prop_bufg_I_O)         0.026     0.341 r  system_i/PS7/processing_system7_0/inst/buffer_fclk_clk_0.FCLK_CLK_0_BUFG/O
                         net (fo=1497, routed)        0.560     0.901    system_i/axi_gpio_0/U0/gpio_core_1/s_axi_aclk
    SLICE_X23Y44         FDRE                                         r  system_i/axi_gpio_0/U0/gpio_core_1/Dual.gpio2_Data_Out_reg[0]/C
  -------------------------------------------------------------------    -------------------
    SLICE_X23Y44         FDRE (Prop_fdre_C_Q)         0.141     1.042 r  system_i/axi_gpio_0/U0/gpio_core_1/Dual.gpio2_Data_Out_reg[0]/Q
                         net (fo=2, routed)           0.625     1.666    system_i/axi_gpio_0/U0/gpio_core_1/gpio2_io_o[13]
    SLICE_X9Y44          LUT1 (Prop_lut1_I0_O)        0.049     1.715 r  system_i/axi_gpio_0/U0/gpio_core_1/gpio2_io_o[13]_hold_fix/O
                         net (fo=1, routed)           1.218     2.933    system_i/signal_gen/axis_red_pitaya_dac_0/inst/gpio2_io_o[13]_hold_fix_1_alias
    SLICE_X43Y64         FDRE                                         r  system_i/signal_gen/axis_red_pitaya_dac_0/inst/int_dat_a_reg_reg[13]/D
  -------------------------------------------------------------------    -------------------

                         (clock adc_clk rise edge)    0.000     0.000 r  
    U18                                               0.000     0.000 r  adc_clk_p_i (IN)
                         net (fo=0)                   0.000     0.000    system_i/DataAcquisition/axis_red_pitaya_adc_0/inst/adc_clk_p
    U18                  IBUFDS (Prop_ibufds_I_O)     0.433     0.433 r  system_i/DataAcquisition/axis_red_pitaya_adc_0/inst/adc_clk_inst0/O
                         net (fo=1, routed)           0.683     1.116    system_i/DataAcquisition/axis_red_pitaya_adc_0/inst/int_clk0
    BUFGCTRL_X0Y1        BUFG (Prop_bufg_I_O)         0.030     1.146 r  system_i/DataAcquisition/axis_red_pitaya_adc_0/inst/adc_clk_inst/O
                         net (fo=204, routed)         0.855     2.001    system_i/signal_gen/axis_red_pitaya_dac_0/inst/aclk
    SLICE_X43Y64         FDRE                                         r  system_i/signal_gen/axis_red_pitaya_dac_0/inst/int_dat_a_reg_reg[13]/C
                         clock pessimism              0.000     2.001    
                         clock uncertainty            0.125     2.126    
    SLICE_X43Y64         FDRE (Hold_fdre_C_D)         0.003     2.129    system_i/signal_gen/axis_red_pitaya_dac_0/inst/int_dat_a_reg_reg[13]
  -------------------------------------------------------------------
                         required time                         -2.129    
                         arrival time                           2.933    
  -------------------------------------------------------------------
                         slack                                  0.804    

Slack (MET) :             0.827ns  (arrival time - required time)
  Source:                 system_i/axi_gpio_0/U0/gpio_core_1/Dual.gpio2_Data_Out_reg[13]/C
                            (rising edge-triggered cell FDRE clocked by clk_fpga_0  {rise@0.000ns fall@4.000ns period=8.000ns})
  Destination:            system_i/signal_gen/axis_red_pitaya_dac_0/inst/int_dat_a_reg_reg[0]/D
                            (rising edge-triggered cell FDRE clocked by adc_clk  {rise@0.000ns fall@4.000ns period=8.000ns})
  Path Group:             adc_clk
  Path Type:              Hold (Min at Fast Process Corner)
  Requirement:            0.000ns  (adc_clk rise@0.000ns - clk_fpga_0 rise@0.000ns)
  Data Path Delay:        2.169ns  (logic 0.300ns (13.829%)  route 1.869ns (86.171%))
  Logic Levels:           2  (LUT1=2)
  Clock Path Skew:        1.096ns (DCD - SCD - CPR)
    Destination Clock Delay (DCD):    1.997ns
    Source Clock Delay      (SCD):    0.901ns
    Clock Pessimism Removal (CPR):    -0.000ns
  Clock Uncertainty:      0.125ns  ((TSJ^2 + TIJ^2)^1/2 + DJ) / 2 + PE
    Total System Jitter     (TSJ):    0.071ns
    Total Input Jitter      (TIJ):    0.240ns
    Discrete Jitter          (DJ):    0.000ns
    Phase Error              (PE):    0.000ns
  Clock Domain Crossing:  Inter clock paths are considered valid unless explicitly excluded by timing constraints such as set_clock_groups or set_false_path.

    Location             Delay type                Incr(ns)  Path(ns)    Netlist Resource(s)
  -------------------------------------------------------------------    -------------------
                         (clock clk_fpga_0 rise edge)
                                                      0.000     0.000 r  
    PS7_X0Y0             PS7                          0.000     0.000 r  system_i/PS7/processing_system7_0/inst/PS7_i/FCLKCLK[0]
                         net (fo=1, routed)           0.315     0.315    system_i/PS7/processing_system7_0/inst/FCLK_CLK_unbuffered[0]
    BUFGCTRL_X0Y0        BUFG (Prop_bufg_I_O)         0.026     0.341 r  system_i/PS7/processing_system7_0/inst/buffer_fclk_clk_0.FCLK_CLK_0_BUFG/O
                         net (fo=1497, routed)        0.560     0.901    system_i/axi_gpio_0/U0/gpio_core_1/s_axi_aclk
    SLICE_X23Y44         FDRE                                         r  system_i/axi_gpio_0/U0/gpio_core_1/Dual.gpio2_Data_Out_reg[13]/C
  -------------------------------------------------------------------    -------------------
    SLICE_X23Y44         FDRE (Prop_fdre_C_Q)         0.141     1.042 f  system_i/axi_gpio_0/U0/gpio_core_1/Dual.gpio2_Data_Out_reg[13]/Q
                         net (fo=2, routed)           0.629     1.670    system_i/axi_gpio_0/U0/gpio_core_1/gpio2_io_o[0]
    SLICE_X4Y44          LUT1 (Prop_lut1_I0_O)        0.048     1.718 f  system_i/axi_gpio_0/U0/gpio_core_1/gpio2_io_o[0]_hold_fix/O
                         net (fo=1, routed)           1.240     2.959    system_i/signal_gen/axis_red_pitaya_dac_0/inst/gpio2_io_o[0]_hold_fix_1_alias
    SLICE_X42Y68         LUT1 (Prop_lut1_I0_O)        0.111     3.070 r  system_i/signal_gen/axis_red_pitaya_dac_0/inst/int_dat_a_reg[0]_i_1/O
                         net (fo=1, routed)           0.000     3.070    system_i/signal_gen/axis_red_pitaya_dac_0/inst/p_1_out[0]
    SLICE_X42Y68         FDRE                                         r  system_i/signal_gen/axis_red_pitaya_dac_0/inst/int_dat_a_reg_reg[0]/D
  -------------------------------------------------------------------    -------------------

                         (clock adc_clk rise edge)    0.000     0.000 r  
    U18                                               0.000     0.000 r  adc_clk_p_i (IN)
                         net (fo=0)                   0.000     0.000    system_i/DataAcquisition/axis_red_pitaya_adc_0/inst/adc_clk_p
    U18                  IBUFDS (Prop_ibufds_I_O)     0.433     0.433 r  system_i/DataAcquisition/axis_red_pitaya_adc_0/inst/adc_clk_inst0/O
                         net (fo=1, routed)           0.683     1.116    system_i/DataAcquisition/axis_red_pitaya_adc_0/inst/int_clk0
    BUFGCTRL_X0Y1        BUFG (Prop_bufg_I_O)         0.030     1.146 r  system_i/DataAcquisition/axis_red_pitaya_adc_0/inst/adc_clk_inst/O
                         net (fo=204, routed)         0.851     1.997    system_i/signal_gen/axis_red_pitaya_dac_0/inst/aclk
    SLICE_X42Y68         FDRE                                         r  system_i/signal_gen/axis_red_pitaya_dac_0/inst/int_dat_a_reg_reg[0]/C
                         clock pessimism              0.000     1.997    
                         clock uncertainty            0.125     2.122    
    SLICE_X42Y68         FDRE (Hold_fdre_C_D)         0.121     2.243    system_i/signal_gen/axis_red_pitaya_dac_0/inst/int_dat_a_reg_reg[0]
  -------------------------------------------------------------------
                         required time                         -2.243    
                         arrival time                           3.070    
  -------------------------------------------------------------------
                         slack                                  0.827    

Slack (MET) :             0.863ns  (arrival time - required time)
  Source:                 system_i/axi_gpio_0/U0/gpio_core_1/Dual.gpio2_Data_Out_reg[2]/C
                            (rising edge-triggered cell FDRE clocked by clk_fpga_0  {rise@0.000ns fall@4.000ns period=8.000ns})
  Destination:            system_i/signal_gen/axis_red_pitaya_dac_0/inst/int_dat_a_reg_reg[11]/D
                            (rising edge-triggered cell FDRE clocked by adc_clk  {rise@0.000ns fall@4.000ns period=8.000ns})
  Path Group:             adc_clk
  Path Type:              Hold (Min at Fast Process Corner)
  Requirement:            0.000ns  (adc_clk rise@0.000ns - clk_fpga_0 rise@0.000ns)
  Data Path Delay:        2.213ns  (logic 0.317ns (14.327%)  route 1.896ns (85.673%))
  Logic Levels:           2  (LUT1=2)
  Clock Path Skew:        1.103ns (DCD - SCD - CPR)
    Destination Clock Delay (DCD):    2.004ns
    Source Clock Delay      (SCD):    0.901ns
    Clock Pessimism Removal (CPR):    -0.000ns
  Clock Uncertainty:      0.125ns  ((TSJ^2 + TIJ^2)^1/2 + DJ) / 2 + PE
    Total System Jitter     (TSJ):    0.071ns
    Total Input Jitter      (TIJ):    0.240ns
    Discrete Jitter          (DJ):    0.000ns
    Phase Error              (PE):    0.000ns
  Clock Domain Crossing:  Inter clock paths are considered valid unless explicitly excluded by timing constraints such as set_clock_groups or set_false_path.

    Location             Delay type                Incr(ns)  Path(ns)    Netlist Resource(s)
  -------------------------------------------------------------------    -------------------
                         (clock clk_fpga_0 rise edge)
                                                      0.000     0.000 r  
    PS7_X0Y0             PS7                          0.000     0.000 r  system_i/PS7/processing_system7_0/inst/PS7_i/FCLKCLK[0]
                         net (fo=1, routed)           0.315     0.315    system_i/PS7/processing_system7_0/inst/FCLK_CLK_unbuffered[0]
    BUFGCTRL_X0Y0        BUFG (Prop_bufg_I_O)         0.026     0.341 r  system_i/PS7/processing_system7_0/inst/buffer_fclk_clk_0.FCLK_CLK_0_BUFG/O
                         net (fo=1497, routed)        0.560     0.901    system_i/axi_gpio_0/U0/gpio_core_1/s_axi_aclk
    SLICE_X20Y44         FDRE                                         r  system_i/axi_gpio_0/U0/gpio_core_1/Dual.gpio2_Data_Out_reg[2]/C
  -------------------------------------------------------------------    -------------------
    SLICE_X20Y44         FDRE (Prop_fdre_C_Q)         0.164     1.065 f  system_i/axi_gpio_0/U0/gpio_core_1/Dual.gpio2_Data_Out_reg[2]/Q
                         net (fo=2, routed)           0.763     1.828    system_i/axi_gpio_0/U0/gpio_core_1/gpio2_io_o[11]
    SLICE_X7Y44          LUT1 (Prop_lut1_I0_O)        0.043     1.871 f  system_i/axi_gpio_0/U0/gpio_core_1/gpio2_io_o[11]_hold_fix/O
                         net (fo=1, routed)           1.132     3.003    system_i/signal_gen/axis_red_pitaya_dac_0/inst/gpio2_io_o[11]_hold_fix_1_alias
    SLICE_X42Y60         LUT1 (Prop_lut1_I0_O)        0.110     3.113 r  system_i/signal_gen/axis_red_pitaya_dac_0/inst/int_dat_a_reg[11]_i_1/O
                         net (fo=1, routed)           0.000     3.113    system_i/signal_gen/axis_red_pitaya_dac_0/inst/p_1_out[11]
    SLICE_X42Y60         FDRE                                         r  system_i/signal_gen/axis_red_pitaya_dac_0/inst/int_dat_a_reg_reg[11]/D
  -------------------------------------------------------------------    -------------------

                         (clock adc_clk rise edge)    0.000     0.000 r  
    U18                                               0.000     0.000 r  adc_clk_p_i (IN)
                         net (fo=0)                   0.000     0.000    system_i/DataAcquisition/axis_red_pitaya_adc_0/inst/adc_clk_p
    U18                  IBUFDS (Prop_ibufds_I_O)     0.433     0.433 r  system_i/DataAcquisition/axis_red_pitaya_adc_0/inst/adc_clk_inst0/O
                         net (fo=1, routed)           0.683     1.116    system_i/DataAcquisition/axis_red_pitaya_adc_0/inst/int_clk0
    BUFGCTRL_X0Y1        BUFG (Prop_bufg_I_O)         0.030     1.146 r  system_i/DataAcquisition/axis_red_pitaya_adc_0/inst/adc_clk_inst/O
                         net (fo=204, routed)         0.858     2.004    system_i/signal_gen/axis_red_pitaya_dac_0/inst/aclk
    SLICE_X42Y60         FDRE                                         r  system_i/signal_gen/axis_red_pitaya_dac_0/inst/int_dat_a_reg_reg[11]/C
                         clock pessimism              0.000     2.004    
                         clock uncertainty            0.125     2.129    
    SLICE_X42Y60         FDRE (Hold_fdre_C_D)         0.121     2.250    system_i/signal_gen/axis_red_pitaya_dac_0/inst/int_dat_a_reg_reg[11]
  -------------------------------------------------------------------
                         required time                         -2.250    
                         arrival time                           3.113    
  -------------------------------------------------------------------
                         slack                                  0.863    

Slack (MET) :             0.888ns  (arrival time - required time)
  Source:                 system_i/axi_gpio_0/U0/gpio_core_1/Dual.gpio2_Data_Out_reg[7]/C
                            (rising edge-triggered cell FDRE clocked by clk_fpga_0  {rise@0.000ns fall@4.000ns period=8.000ns})
  Destination:            system_i/signal_gen/axis_red_pitaya_dac_0/inst/int_dat_a_reg_reg[6]/D
                            (rising edge-triggered cell FDRE clocked by adc_clk  {rise@0.000ns fall@4.000ns period=8.000ns})
  Path Group:             adc_clk
  Path Type:              Hold (Min at Fast Process Corner)
  Requirement:            0.000ns  (adc_clk rise@0.000ns - clk_fpga_0 rise@0.000ns)
  Data Path Delay:        2.238ns  (logic 0.356ns (15.904%)  route 1.882ns (84.096%))
  Logic Levels:           2  (LUT1=2)
  Clock Path Skew:        1.104ns (DCD - SCD - CPR)
    Destination Clock Delay (DCD):    2.005ns
    Source Clock Delay      (SCD):    0.901ns
    Clock Pessimism Removal (CPR):    -0.000ns
  Clock Uncertainty:      0.125ns  ((TSJ^2 + TIJ^2)^1/2 + DJ) / 2 + PE
    Total System Jitter     (TSJ):    0.071ns
    Total Input Jitter      (TIJ):    0.240ns
    Discrete Jitter          (DJ):    0.000ns
    Phase Error              (PE):    0.000ns
  Clock Domain Crossing:  Inter clock paths are considered valid unless explicitly excluded by timing constraints such as set_clock_groups or set_false_path.

    Location             Delay type                Incr(ns)  Path(ns)    Netlist Resource(s)
  -------------------------------------------------------------------    -------------------
                         (clock clk_fpga_0 rise edge)
                                                      0.000     0.000 r  
    PS7_X0Y0             PS7                          0.000     0.000 r  system_i/PS7/processing_system7_0/inst/PS7_i/FCLKCLK[0]
                         net (fo=1, routed)           0.315     0.315    system_i/PS7/processing_system7_0/inst/FCLK_CLK_unbuffered[0]
    BUFGCTRL_X0Y0        BUFG (Prop_bufg_I_O)         0.026     0.341 r  system_i/PS7/processing_system7_0/inst/buffer_fclk_clk_0.FCLK_CLK_0_BUFG/O
                         net (fo=1497, routed)        0.560     0.901    system_i/axi_gpio_0/U0/gpio_core_1/s_axi_aclk
    SLICE_X20Y44         FDRE                                         r  system_i/axi_gpio_0/U0/gpio_core_1/Dual.gpio2_Data_Out_reg[7]/C
  -------------------------------------------------------------------    -------------------
    SLICE_X20Y44         FDRE (Prop_fdre_C_Q)         0.148     1.049 f  system_i/axi_gpio_0/U0/gpio_core_1/Dual.gpio2_Data_Out_reg[7]/Q
                         net (fo=2, routed)           0.643     1.692    system_i/axi_gpio_0/U0/gpio_core_1/gpio2_io_o[6]
    SLICE_X5Y44          LUT1 (Prop_lut1_I0_O)        0.096     1.788 f  system_i/axi_gpio_0/U0/gpio_core_1/gpio2_io_o[6]_hold_fix/O
                         net (fo=1, routed)           1.239     3.027    system_i/signal_gen/axis_red_pitaya_dac_0/inst/gpio2_io_o[6]_hold_fix_1_alias
    SLICE_X42Y59         LUT1 (Prop_lut1_I0_O)        0.112     3.139 r  system_i/signal_gen/axis_red_pitaya_dac_0/inst/int_dat_a_reg[6]_i_1/O
                         net (fo=1, routed)           0.000     3.139    system_i/signal_gen/axis_red_pitaya_dac_0/inst/p_1_out[6]
    SLICE_X42Y59         FDRE                                         r  system_i/signal_gen/axis_red_pitaya_dac_0/inst/int_dat_a_reg_reg[6]/D
  -------------------------------------------------------------------    -------------------

                         (clock adc_clk rise edge)    0.000     0.000 r  
    U18                                               0.000     0.000 r  adc_clk_p_i (IN)
                         net (fo=0)                   0.000     0.000    system_i/DataAcquisition/axis_red_pitaya_adc_0/inst/adc_clk_p
    U18                  IBUFDS (Prop_ibufds_I_O)     0.433     0.433 r  system_i/DataAcquisition/axis_red_pitaya_adc_0/inst/adc_clk_inst0/O
                         net (fo=1, routed)           0.683     1.116    system_i/DataAcquisition/axis_red_pitaya_adc_0/inst/int_clk0
    BUFGCTRL_X0Y1        BUFG (Prop_bufg_I_O)         0.030     1.146 r  system_i/DataAcquisition/axis_red_pitaya_adc_0/inst/adc_clk_inst/O
                         net (fo=204, routed)         0.859     2.005    system_i/signal_gen/axis_red_pitaya_dac_0/inst/aclk
    SLICE_X42Y59         FDRE                                         r  system_i/signal_gen/axis_red_pitaya_dac_0/inst/int_dat_a_reg_reg[6]/C
                         clock pessimism              0.000     2.005    
                         clock uncertainty            0.125     2.130    
    SLICE_X42Y59         FDRE (Hold_fdre_C_D)         0.121     2.251    system_i/signal_gen/axis_red_pitaya_dac_0/inst/int_dat_a_reg_reg[6]
  -------------------------------------------------------------------
                         required time                         -2.251    
                         arrival time                           3.139    
  -------------------------------------------------------------------
                         slack                                  0.888    

Slack (MET) :             0.891ns  (arrival time - required time)
  Source:                 system_i/axi_gpio_0/U0/gpio_core_1/Dual.gpio2_Data_Out_reg[12]/C
                            (rising edge-triggered cell FDRE clocked by clk_fpga_0  {rise@0.000ns fall@4.000ns period=8.000ns})
  Destination:            system_i/signal_gen/axis_red_pitaya_dac_0/inst/int_dat_a_reg_reg[1]/D
                            (rising edge-triggered cell FDRE clocked by adc_clk  {rise@0.000ns fall@4.000ns period=8.000ns})
  Path Group:             adc_clk
  Path Type:              Hold (Min at Fast Process Corner)
  Requirement:            0.000ns  (adc_clk rise@0.000ns - clk_fpga_0 rise@0.000ns)
  Data Path Delay:        2.236ns  (logic 0.292ns (13.059%)  route 1.944ns (86.941%))
  Logic Levels:           2  (LUT1=2)
  Clock Path Skew:        1.100ns (DCD - SCD - CPR)
    Destination Clock Delay (DCD):    2.001ns
    Source Clock Delay      (SCD):    0.901ns
    Clock Pessimism Removal (CPR):    -0.000ns
  Clock Uncertainty:      0.125ns  ((TSJ^2 + TIJ^2)^1/2 + DJ) / 2 + PE
    Total System Jitter     (TSJ):    0.071ns
    Total Input Jitter      (TIJ):    0.240ns
    Discrete Jitter          (DJ):    0.000ns
    Phase Error              (PE):    0.000ns
  Clock Domain Crossing:  Inter clock paths are considered valid unless explicitly excluded by timing constraints such as set_clock_groups or set_false_path.

    Location             Delay type                Incr(ns)  Path(ns)    Netlist Resource(s)
  -------------------------------------------------------------------    -------------------
                         (clock clk_fpga_0 rise edge)
                                                      0.000     0.000 r  
    PS7_X0Y0             PS7                          0.000     0.000 r  system_i/PS7/processing_system7_0/inst/PS7_i/FCLKCLK[0]
                         net (fo=1, routed)           0.315     0.315    system_i/PS7/processing_system7_0/inst/FCLK_CLK_unbuffered[0]
    BUFGCTRL_X0Y0        BUFG (Prop_bufg_I_O)         0.026     0.341 r  system_i/PS7/processing_system7_0/inst/buffer_fclk_clk_0.FCLK_CLK_0_BUFG/O
                         net (fo=1497, routed)        0.560     0.901    system_i/axi_gpio_0/U0/gpio_core_1/s_axi_aclk
    SLICE_X23Y44         FDRE                                         r  system_i/axi_gpio_0/U0/gpio_core_1/Dual.gpio2_Data_Out_reg[12]/C
  -------------------------------------------------------------------    -------------------
    SLICE_X23Y44         FDRE (Prop_fdre_C_Q)         0.141     1.042 f  system_i/axi_gpio_0/U0/gpio_core_1/Dual.gpio2_Data_Out_reg[12]/Q
                         net (fo=2, routed)           0.817     1.858    system_i/axi_gpio_0/U0/gpio_core_1/gpio2_io_o[1]
    SLICE_X5Y44          LUT1 (Prop_lut1_I0_O)        0.044     1.902 f  system_i/axi_gpio_0/U0/gpio_core_1/gpio2_io_o[1]_hold_fix/O
                         net (fo=1, routed)           1.127     3.030    system_i/signal_gen/axis_red_pitaya_dac_0/inst/gpio2_io_o[1]_hold_fix_1_alias
    SLICE_X42Y64         LUT1 (Prop_lut1_I0_O)        0.107     3.137 r  system_i/signal_gen/axis_red_pitaya_dac_0/inst/int_dat_a_reg[1]_i_1/O
                         net (fo=1, routed)           0.000     3.137    system_i/signal_gen/axis_red_pitaya_dac_0/inst/p_1_out[1]
    SLICE_X42Y64         FDRE                                         r  system_i/signal_gen/axis_red_pitaya_dac_0/inst/int_dat_a_reg_reg[1]/D
  -------------------------------------------------------------------    -------------------

                         (clock adc_clk rise edge)    0.000     0.000 r  
    U18                                               0.000     0.000 r  adc_clk_p_i (IN)
                         net (fo=0)                   0.000     0.000    system_i/DataAcquisition/axis_red_pitaya_adc_0/inst/adc_clk_p
    U18                  IBUFDS (Prop_ibufds_I_O)     0.433     0.433 r  system_i/DataAcquisition/axis_red_pitaya_adc_0/inst/adc_clk_inst0/O
                         net (fo=1, routed)           0.683     1.116    system_i/DataAcquisition/axis_red_pitaya_adc_0/inst/int_clk0
    BUFGCTRL_X0Y1        BUFG (Prop_bufg_I_O)         0.030     1.146 r  system_i/DataAcquisition/axis_red_pitaya_adc_0/inst/adc_clk_inst/O
                         net (fo=204, routed)         0.855     2.001    system_i/signal_gen/axis_red_pitaya_dac_0/inst/aclk
    SLICE_X42Y64         FDRE                                         r  system_i/signal_gen/axis_red_pitaya_dac_0/inst/int_dat_a_reg_reg[1]/C
                         clock pessimism              0.000     2.001    
                         clock uncertainty            0.125     2.126    
    SLICE_X42Y64         FDRE (Hold_fdre_C_D)         0.120     2.246    system_i/signal_gen/axis_red_pitaya_dac_0/inst/int_dat_a_reg_reg[1]
  -------------------------------------------------------------------
                         required time                         -2.246    
                         arrival time                           3.137    
  -------------------------------------------------------------------
                         slack                                  0.891    





