Copyright 1986-2020 Xilinx, Inc. All Rights Reserved.
-----------------------------------------------------------------------------------------------------------------------------------------------------------------------------------------------------------------
| Tool Version : Vivado v.2020.1 (win64) Build 2902540 Wed May 27 19:54:49 MDT 2020
| Date         : Mon May 26 17:43:53 2025
| Host         : DESKTOP-RDVR7FP running 64-bit major release  (build 9200)
| Command      : report_timing_summary -max_paths 10 -file system_wrapper_timing_summary_routed.rpt -pb system_wrapper_timing_summary_routed.pb -rpx system_wrapper_timing_summary_routed.rpx -warn_on_violation
| Design       : system_wrapper
| Device       : 7z010-clg400
| Speed File   : -1  PRODUCTION 1.12 2019-11-22
-----------------------------------------------------------------------------------------------------------------------------------------------------------------------------------------------------------------

Timing Summary Report

------------------------------------------------------------------------------------------------
| Timer Settings
| --------------
------------------------------------------------------------------------------------------------

  Enable Multi Corner Analysis               :  Yes
  Enable Pessimism Removal                   :  Yes
  Pessimism Removal Resolution               :  Nearest Common Node
  Enable Input Delay Default Clock           :  No
  Enable Preset / Clear Arcs                 :  No
  Disable Flight Delays                      :  No
  Ignore I/O Paths                           :  No
  Timing Early Launch at Borrowing Latches   :  No
  Borrow Time for Max Delay Exceptions       :  Yes
  Merge Timing Exceptions                    :  Yes

  Corner  Analyze    Analyze    
  Name    Max Paths  Min Paths  
  ------  ---------  ---------  
  Slow    Yes        Yes        
  Fast    Yes        Yes        



check_timing report

Table of Contents
-----------------
1. checking no_clock (0)
2. checking constant_clock (0)
3. checking pulse_width_clock (0)
4. checking unconstrained_internal_endpoints (0)
5. checking no_input_delay (0)
6. checking no_output_delay (1)
7. checking multiple_clock (0)
8. checking generated_clocks (0)
9. checking loops (0)
10. checking partial_input_delay (28)
11. checking partial_output_delay (0)
12. checking latch_loops (0)

1. checking no_clock (0)
------------------------
 There are 0 register/latch pins with no clock.


2. checking constant_clock (0)
------------------------------
 There are 0 register/latch pins with constant_clock.


3. checking pulse_width_clock (0)
---------------------------------
 There are 0 register/latch pins which need pulse_width check


4. checking unconstrained_internal_endpoints (0)
------------------------------------------------
 There are 0 pins that are not constrained for maximum delay.

 There are 0 pins that are not constrained for maximum delay due to constant clock.


5. checking no_input_delay (0)
------------------------------
 There are 0 input ports with no input delay specified.

 There are 0 input ports with no input delay but user has a false path constraint.


6. checking no_output_delay (1)
-------------------------------
 There is 1 port with no output delay specified. (HIGH)

 There are 0 ports with no output delay but user has a false path constraint

 There are 0 ports with no output delay but with a timing clock defined on it or propagating through it


7. checking multiple_clock (0)
------------------------------
 There are 0 register/latch pins with multiple clocks.


8. checking generated_clocks (0)
--------------------------------
 There are 0 generated clocks that are not connected to a clock source.


9. checking loops (0)
---------------------
 There are 0 combinational loops in the design.


10. checking partial_input_delay (28)
-------------------------------------
 There are 28 input ports with partial input delay specified. (HIGH)


11. checking partial_output_delay (0)
-------------------------------------
 There are 0 ports with partial output delay specified.


12. checking latch_loops (0)
----------------------------
 There are 0 combinational latch loops in the design through latch input



------------------------------------------------------------------------------------------------
| Design Timing Summary
| ---------------------
------------------------------------------------------------------------------------------------

    WNS(ns)      TNS(ns)  TNS Failing Endpoints  TNS Total Endpoints      WHS(ns)      THS(ns)  THS Failing Endpoints  THS Total Endpoints     WPWS(ns)     TPWS(ns)  TPWS Failing Endpoints  TPWS Total Endpoints  
    -------      -------  ---------------------  -------------------      -------      -------  ---------------------  -------------------     --------     --------  ----------------------  --------------------  
     -0.588      -17.034                     33                 3556        0.021        0.000                      0                 3542        3.020        0.000                       0                  1699  


Timing constraints are not met.


------------------------------------------------------------------------------------------------
| Clock Summary
| -------------
------------------------------------------------------------------------------------------------

Clock       Waveform(ns)         Period(ns)      Frequency(MHz)
-----       ------------         ----------      --------------
adc_clk     {0.000 4.000}        8.000           125.000         
clk_fpga_0  {0.000 4.000}        8.000           125.000         
rx_clk      {0.000 2.000}        4.000           250.000         


------------------------------------------------------------------------------------------------
| Intra Clock Table
| -----------------
------------------------------------------------------------------------------------------------

Clock             WNS(ns)      TNS(ns)  TNS Failing Endpoints  TNS Total Endpoints      WHS(ns)      THS(ns)  THS Failing Endpoints  THS Total Endpoints     WPWS(ns)     TPWS(ns)  TPWS Failing Endpoints  TPWS Total Endpoints  
-----             -------      -------  ---------------------  -------------------      -------      -------  ---------------------  -------------------     --------     --------  ----------------------  --------------------  
adc_clk            -0.588      -17.034                     33                  272        0.221        0.000                      0                  258        3.500        0.000                       0                   133  
clk_fpga_0          0.257        0.000                      0                 3284        0.021        0.000                      0                 3284        3.020        0.000                       0                  1566  


------------------------------------------------------------------------------------------------
| Inter Clock Table
| -----------------
------------------------------------------------------------------------------------------------

From Clock    To Clock          WNS(ns)      TNS(ns)  TNS Failing Endpoints  TNS Total Endpoints      WHS(ns)      THS(ns)  THS Failing Endpoints  THS Total Endpoints  
----------    --------          -------      -------  ---------------------  -------------------      -------      -------  ---------------------  -------------------  


------------------------------------------------------------------------------------------------
| Other Path Groups Table
| -----------------------
------------------------------------------------------------------------------------------------

Path Group    From Clock    To Clock          WNS(ns)      TNS(ns)  TNS Failing Endpoints  TNS Total Endpoints      WHS(ns)      THS(ns)  THS Failing Endpoints  THS Total Endpoints  
----------    ----------    --------          -------      -------  ---------------------  -------------------      -------      -------  ---------------------  -------------------  


------------------------------------------------------------------------------------------------
| Timing Details
| --------------
------------------------------------------------------------------------------------------------


---------------------------------------------------------------------------------------------------
From Clock:  adc_clk
  To Clock:  adc_clk

Setup :           33  Failing Endpoints,  Worst Slack       -0.588ns,  Total Violation      -17.034ns
Hold  :            0  Failing Endpoints,  Worst Slack        0.221ns,  Total Violation        0.000ns
PW    :            0  Failing Endpoints,  Worst Slack        3.500ns,  Total Violation        0.000ns
---------------------------------------------------------------------------------------------------


Max Delay Paths
--------------------------------------------------------------------------------------
Slack (VIOLATED) :        -0.588ns  (required time - arrival time)
  Source:                 system_i/FrequencyCounter/frequency_counter_0/inst/counter_output_reg[1]/C
                            (rising edge-triggered cell FDRE clocked by adc_clk  {rise@0.000ns fall@4.000ns period=8.000ns})
  Destination:            system_i/FrequencyCounter/frequency_counter_0/inst/pulse_count_reg[20]/S
                            (rising edge-triggered cell FDSE clocked by adc_clk  {rise@0.000ns fall@4.000ns period=8.000ns})
  Path Group:             adc_clk
  Path Type:              Setup (Max at Slow Process Corner)
  Requirement:            8.000ns  (adc_clk rise@8.000ns - adc_clk rise@0.000ns)
  Data Path Delay:        8.108ns  (logic 4.714ns (58.138%)  route 3.394ns (41.862%))
  Logic Levels:           18  (CARRY4=15 LUT4=1 LUT6=2)
  Clock Path Skew:        -0.018ns (DCD - SCD + CPR)
    Destination Clock Delay (DCD):    4.483ns = ( 12.483 - 8.000 ) 
    Source Clock Delay      (SCD):    4.903ns
    Clock Pessimism Removal (CPR):    0.402ns
  Clock Uncertainty:      0.035ns  ((TSJ^2 + TIJ^2)^1/2 + DJ) / 2 + PE
    Total System Jitter     (TSJ):    0.071ns
    Total Input Jitter      (TIJ):    0.000ns
    Discrete Jitter          (DJ):    0.000ns
    Phase Error              (PE):    0.000ns

    Location             Delay type                Incr(ns)  Path(ns)    Netlist Resource(s)
  -------------------------------------------------------------------    -------------------
                         (clock adc_clk rise edge)    0.000     0.000 r  
    U18                                               0.000     0.000 r  adc_clk_p_i (IN)
                         net (fo=0)                   0.000     0.000    system_i/DataAcquisition/axis_red_pitaya_adc_0/inst/adc_clk_p
    U18                  IBUFDS (Prop_ibufds_I_O)     0.983     0.983 r  system_i/DataAcquisition/axis_red_pitaya_adc_0/inst/adc_clk_inst0/O
                         net (fo=1, routed)           2.076     3.059    system_i/DataAcquisition/axis_red_pitaya_adc_0/inst/int_clk0
    BUFGCTRL_X0Y1        BUFG (Prop_bufg_I_O)         0.102     3.161 r  system_i/DataAcquisition/axis_red_pitaya_adc_0/inst/adc_clk_inst/O
                         net (fo=132, routed)         1.742     4.903    system_i/FrequencyCounter/frequency_counter_0/inst/clk
    SLICE_X40Y30         FDRE                                         r  system_i/FrequencyCounter/frequency_counter_0/inst/counter_output_reg[1]/C
  -------------------------------------------------------------------    -------------------
    SLICE_X40Y30         FDRE (Prop_fdre_C_Q)         0.456     5.359 r  system_i/FrequencyCounter/frequency_counter_0/inst/counter_output_reg[1]/Q
                         net (fo=3, routed)           0.289     5.648    system_i/FrequencyCounter/frequency_counter_0/inst/counter_output[1]
    SLICE_X41Y30         CARRY4 (Prop_carry4_S[0]_CO[3])
                                                      0.656     6.304 r  system_i/FrequencyCounter/frequency_counter_0/inst/counter_output_reg[31]_i_8/CO[3]
                         net (fo=1, routed)           0.000     6.304    system_i/FrequencyCounter/frequency_counter_0/inst/counter_output_reg[31]_i_8_n_0
    SLICE_X41Y31         CARRY4 (Prop_carry4_CI_CO[3])
                                                      0.114     6.418 r  system_i/FrequencyCounter/frequency_counter_0/inst/counter_output_reg[31]_i_15/CO[3]
                         net (fo=1, routed)           0.000     6.418    system_i/FrequencyCounter/frequency_counter_0/inst/counter_output_reg[31]_i_15_n_0
    SLICE_X41Y32         CARRY4 (Prop_carry4_CI_CO[3])
                                                      0.114     6.532 r  system_i/FrequencyCounter/frequency_counter_0/inst/counter_output_reg[31]_i_17/CO[3]
                         net (fo=1, routed)           0.000     6.532    system_i/FrequencyCounter/frequency_counter_0/inst/counter_output_reg[31]_i_17_n_0
    SLICE_X41Y33         CARRY4 (Prop_carry4_CI_CO[3])
                                                      0.114     6.646 r  system_i/FrequencyCounter/frequency_counter_0/inst/counter_output_reg[31]_i_16/CO[3]
                         net (fo=1, routed)           0.000     6.646    system_i/FrequencyCounter/frequency_counter_0/inst/counter_output_reg[31]_i_16_n_0
    SLICE_X41Y34         CARRY4 (Prop_carry4_CI_CO[3])
                                                      0.114     6.760 r  system_i/FrequencyCounter/frequency_counter_0/inst/counter_output_reg[31]_i_13/CO[3]
                         net (fo=1, routed)           0.000     6.760    system_i/FrequencyCounter/frequency_counter_0/inst/counter_output_reg[31]_i_13_n_0
    SLICE_X41Y35         CARRY4 (Prop_carry4_CI_CO[3])
                                                      0.114     6.874 r  system_i/FrequencyCounter/frequency_counter_0/inst/counter_output_reg[31]_i_18/CO[3]
                         net (fo=1, routed)           0.000     6.874    system_i/FrequencyCounter/frequency_counter_0/inst/counter_output_reg[31]_i_18_n_0
    SLICE_X41Y36         CARRY4 (Prop_carry4_CI_CO[3])
                                                      0.114     6.988 r  system_i/FrequencyCounter/frequency_counter_0/inst/counter_output_reg[31]_i_11/CO[3]
                         net (fo=1, routed)           0.000     6.988    system_i/FrequencyCounter/frequency_counter_0/inst/counter_output_reg[31]_i_11_n_0
    SLICE_X41Y37         CARRY4 (Prop_carry4_CI_O[1])
                                                      0.334     7.322 r  system_i/FrequencyCounter/frequency_counter_0/inst/counter_output_reg[31]_i_19/O[1]
                         net (fo=1, routed)           0.817     8.139    system_i/FrequencyCounter/frequency_counter_0/inst/counter_output_next[30]
    SLICE_X43Y36         LUT6 (Prop_lut6_I0_O)        0.303     8.442 r  system_i/FrequencyCounter/frequency_counter_0/inst/counter_output[31]_i_5_rewire/O
                         net (fo=3, routed)           0.594     9.036    system_i/FrequencyCounter/frequency_counter_0/inst/counter_output[31]_i_5_n_0
    SLICE_X39Y33         LUT6 (Prop_lut6_I4_O)        0.124     9.160 r  system_i/FrequencyCounter/frequency_counter_0/inst/pulse_count0_carry_i_11/O
                         net (fo=1, routed)           0.000     9.160    system_i/FrequencyCounter/frequency_counter_0/inst/pulse_count0_carry_i_11_n_0
    SLICE_X39Y33         CARRY4 (Prop_carry4_S[0]_CO[3])
                                                      0.532     9.692 r  system_i/FrequencyCounter/frequency_counter_0/inst/pulse_count0_carry_i_10/CO[3]
                         net (fo=1, routed)           0.000     9.692    system_i/FrequencyCounter/frequency_counter_0/inst/pulse_count0_carry_i_10_n_0
    SLICE_X39Y34         CARRY4 (Prop_carry4_CI_CO[3])
                                                      0.114     9.806 r  system_i/FrequencyCounter/frequency_counter_0/inst/pulse_count0_carry_i_9/CO[3]
                         net (fo=1, routed)           0.000     9.806    system_i/FrequencyCounter/frequency_counter_0/inst/pulse_count0_carry_i_9_n_0
    SLICE_X39Y35         CARRY4 (Prop_carry4_CI_CO[3])
                                                      0.114     9.920 r  system_i/FrequencyCounter/frequency_counter_0/inst/pulse_count0_carry__0_i_10/CO[3]
                         net (fo=1, routed)           0.000     9.920    system_i/FrequencyCounter/frequency_counter_0/inst/pulse_count0_carry__0_i_10_n_0
    SLICE_X39Y36         CARRY4 (Prop_carry4_CI_CO[3])
                                                      0.114    10.034 r  system_i/FrequencyCounter/frequency_counter_0/inst/pulse_count0_carry__0_i_9/CO[3]
                         net (fo=1, routed)           0.000    10.034    system_i/FrequencyCounter/frequency_counter_0/inst/pulse_count0_carry__0_i_9_n_0
    SLICE_X39Y37         CARRY4 (Prop_carry4_CI_O[1])
                                                      0.334    10.368 r  system_i/FrequencyCounter/frequency_counter_0/inst/pulse_count0_carry__1_i_10/O[1]
                         net (fo=2, routed)           0.803    11.171    system_i/FrequencyCounter/frequency_counter_0/inst/clock_counter_next[17]
    SLICE_X40Y36         LUT4 (Prop_lut4_I2_O)        0.303    11.474 r  system_i/FrequencyCounter/frequency_counter_0/inst/pulse_count0_carry__1_i_8/O
                         net (fo=1, routed)           0.000    11.474    system_i/FrequencyCounter/frequency_counter_0/inst/pulse_count0_carry__1_i_8_n_0
    SLICE_X40Y36         CARRY4 (Prop_carry4_S[0]_CO[3])
                                                      0.532    12.006 r  system_i/FrequencyCounter/frequency_counter_0/inst/pulse_count0_carry__1/CO[3]
                         net (fo=1, routed)           0.000    12.006    system_i/FrequencyCounter/frequency_counter_0/inst/pulse_count0_carry__1_n_0
    SLICE_X40Y37         CARRY4 (Prop_carry4_CI_CO[3])
                                                      0.114    12.120 r  system_i/FrequencyCounter/frequency_counter_0/inst/pulse_count0_carry__2/CO[3]
                         net (fo=33, routed)          0.891    13.011    system_i/FrequencyCounter/frequency_counter_0/inst/pulse_count0_carry__2_n_0
    SLICE_X42Y36         FDSE                                         r  system_i/FrequencyCounter/frequency_counter_0/inst/pulse_count_reg[20]/S
  -------------------------------------------------------------------    -------------------

                         (clock adc_clk rise edge)    8.000     8.000 r  
    U18                                               0.000     8.000 r  adc_clk_p_i (IN)
                         net (fo=0)                   0.000     8.000    system_i/DataAcquisition/axis_red_pitaya_adc_0/inst/adc_clk_p
    U18                  IBUFDS (Prop_ibufds_I_O)     0.940     8.940 r  system_i/DataAcquisition/axis_red_pitaya_adc_0/inst/adc_clk_inst0/O
                         net (fo=1, routed)           1.880    10.820    system_i/DataAcquisition/axis_red_pitaya_adc_0/inst/int_clk0
    BUFGCTRL_X0Y1        BUFG (Prop_bufg_I_O)         0.092    10.912 r  system_i/DataAcquisition/axis_red_pitaya_adc_0/inst/adc_clk_inst/O
                         net (fo=132, routed)         1.571    12.483    system_i/FrequencyCounter/frequency_counter_0/inst/clk
    SLICE_X42Y36         FDSE                                         r  system_i/FrequencyCounter/frequency_counter_0/inst/pulse_count_reg[20]/C
                         clock pessimism              0.402    12.885    
                         clock uncertainty           -0.035    12.850    
    SLICE_X42Y36         FDSE (Setup_fdse_C_S)       -0.426    12.424    system_i/FrequencyCounter/frequency_counter_0/inst/pulse_count_reg[20]
  -------------------------------------------------------------------
                         required time                         12.424    
                         arrival time                         -13.011    
  -------------------------------------------------------------------
                         slack                                 -0.588    

Slack (VIOLATED) :        -0.588ns  (required time - arrival time)
  Source:                 system_i/FrequencyCounter/frequency_counter_0/inst/counter_output_reg[1]/C
                            (rising edge-triggered cell FDRE clocked by adc_clk  {rise@0.000ns fall@4.000ns period=8.000ns})
  Destination:            system_i/FrequencyCounter/frequency_counter_0/inst/pulse_count_reg[21]/S
                            (rising edge-triggered cell FDSE clocked by adc_clk  {rise@0.000ns fall@4.000ns period=8.000ns})
  Path Group:             adc_clk
  Path Type:              Setup (Max at Slow Process Corner)
  Requirement:            8.000ns  (adc_clk rise@8.000ns - adc_clk rise@0.000ns)
  Data Path Delay:        8.108ns  (logic 4.714ns (58.138%)  route 3.394ns (41.862%))
  Logic Levels:           18  (CARRY4=15 LUT4=1 LUT6=2)
  Clock Path Skew:        -0.018ns (DCD - SCD + CPR)
    Destination Clock Delay (DCD):    4.483ns = ( 12.483 - 8.000 ) 
    Source Clock Delay      (SCD):    4.903ns
    Clock Pessimism Removal (CPR):    0.402ns
  Clock Uncertainty:      0.035ns  ((TSJ^2 + TIJ^2)^1/2 + DJ) / 2 + PE
    Total System Jitter     (TSJ):    0.071ns
    Total Input Jitter      (TIJ):    0.000ns
    Discrete Jitter          (DJ):    0.000ns
    Phase Error              (PE):    0.000ns

    Location             Delay type                Incr(ns)  Path(ns)    Netlist Resource(s)
  -------------------------------------------------------------------    -------------------
                         (clock adc_clk rise edge)    0.000     0.000 r  
    U18                                               0.000     0.000 r  adc_clk_p_i (IN)
                         net (fo=0)                   0.000     0.000    system_i/DataAcquisition/axis_red_pitaya_adc_0/inst/adc_clk_p
    U18                  IBUFDS (Prop_ibufds_I_O)     0.983     0.983 r  system_i/DataAcquisition/axis_red_pitaya_adc_0/inst/adc_clk_inst0/O
                         net (fo=1, routed)           2.076     3.059    system_i/DataAcquisition/axis_red_pitaya_adc_0/inst/int_clk0
    BUFGCTRL_X0Y1        BUFG (Prop_bufg_I_O)         0.102     3.161 r  system_i/DataAcquisition/axis_red_pitaya_adc_0/inst/adc_clk_inst/O
                         net (fo=132, routed)         1.742     4.903    system_i/FrequencyCounter/frequency_counter_0/inst/clk
    SLICE_X40Y30         FDRE                                         r  system_i/FrequencyCounter/frequency_counter_0/inst/counter_output_reg[1]/C
  -------------------------------------------------------------------    -------------------
    SLICE_X40Y30         FDRE (Prop_fdre_C_Q)         0.456     5.359 r  system_i/FrequencyCounter/frequency_counter_0/inst/counter_output_reg[1]/Q
                         net (fo=3, routed)           0.289     5.648    system_i/FrequencyCounter/frequency_counter_0/inst/counter_output[1]
    SLICE_X41Y30         CARRY4 (Prop_carry4_S[0]_CO[3])
                                                      0.656     6.304 r  system_i/FrequencyCounter/frequency_counter_0/inst/counter_output_reg[31]_i_8/CO[3]
                         net (fo=1, routed)           0.000     6.304    system_i/FrequencyCounter/frequency_counter_0/inst/counter_output_reg[31]_i_8_n_0
    SLICE_X41Y31         CARRY4 (Prop_carry4_CI_CO[3])
                                                      0.114     6.418 r  system_i/FrequencyCounter/frequency_counter_0/inst/counter_output_reg[31]_i_15/CO[3]
                         net (fo=1, routed)           0.000     6.418    system_i/FrequencyCounter/frequency_counter_0/inst/counter_output_reg[31]_i_15_n_0
    SLICE_X41Y32         CARRY4 (Prop_carry4_CI_CO[3])
                                                      0.114     6.532 r  system_i/FrequencyCounter/frequency_counter_0/inst/counter_output_reg[31]_i_17/CO[3]
                         net (fo=1, routed)           0.000     6.532    system_i/FrequencyCounter/frequency_counter_0/inst/counter_output_reg[31]_i_17_n_0
    SLICE_X41Y33         CARRY4 (Prop_carry4_CI_CO[3])
                                                      0.114     6.646 r  system_i/FrequencyCounter/frequency_counter_0/inst/counter_output_reg[31]_i_16/CO[3]
                         net (fo=1, routed)           0.000     6.646    system_i/FrequencyCounter/frequency_counter_0/inst/counter_output_reg[31]_i_16_n_0
    SLICE_X41Y34         CARRY4 (Prop_carry4_CI_CO[3])
                                                      0.114     6.760 r  system_i/FrequencyCounter/frequency_counter_0/inst/counter_output_reg[31]_i_13/CO[3]
                         net (fo=1, routed)           0.000     6.760    system_i/FrequencyCounter/frequency_counter_0/inst/counter_output_reg[31]_i_13_n_0
    SLICE_X41Y35         CARRY4 (Prop_carry4_CI_CO[3])
                                                      0.114     6.874 r  system_i/FrequencyCounter/frequency_counter_0/inst/counter_output_reg[31]_i_18/CO[3]
                         net (fo=1, routed)           0.000     6.874    system_i/FrequencyCounter/frequency_counter_0/inst/counter_output_reg[31]_i_18_n_0
    SLICE_X41Y36         CARRY4 (Prop_carry4_CI_CO[3])
                                                      0.114     6.988 r  system_i/FrequencyCounter/frequency_counter_0/inst/counter_output_reg[31]_i_11/CO[3]
                         net (fo=1, routed)           0.000     6.988    system_i/FrequencyCounter/frequency_counter_0/inst/counter_output_reg[31]_i_11_n_0
    SLICE_X41Y37         CARRY4 (Prop_carry4_CI_O[1])
                                                      0.334     7.322 r  system_i/FrequencyCounter/frequency_counter_0/inst/counter_output_reg[31]_i_19/O[1]
                         net (fo=1, routed)           0.817     8.139    system_i/FrequencyCounter/frequency_counter_0/inst/counter_output_next[30]
    SLICE_X43Y36         LUT6 (Prop_lut6_I0_O)        0.303     8.442 r  system_i/FrequencyCounter/frequency_counter_0/inst/counter_output[31]_i_5_rewire/O
                         net (fo=3, routed)           0.594     9.036    system_i/FrequencyCounter/frequency_counter_0/inst/counter_output[31]_i_5_n_0
    SLICE_X39Y33         LUT6 (Prop_lut6_I4_O)        0.124     9.160 r  system_i/FrequencyCounter/frequency_counter_0/inst/pulse_count0_carry_i_11/O
                         net (fo=1, routed)           0.000     9.160    system_i/FrequencyCounter/frequency_counter_0/inst/pulse_count0_carry_i_11_n_0
    SLICE_X39Y33         CARRY4 (Prop_carry4_S[0]_CO[3])
                                                      0.532     9.692 r  system_i/FrequencyCounter/frequency_counter_0/inst/pulse_count0_carry_i_10/CO[3]
                         net (fo=1, routed)           0.000     9.692    system_i/FrequencyCounter/frequency_counter_0/inst/pulse_count0_carry_i_10_n_0
    SLICE_X39Y34         CARRY4 (Prop_carry4_CI_CO[3])
                                                      0.114     9.806 r  system_i/FrequencyCounter/frequency_counter_0/inst/pulse_count0_carry_i_9/CO[3]
                         net (fo=1, routed)           0.000     9.806    system_i/FrequencyCounter/frequency_counter_0/inst/pulse_count0_carry_i_9_n_0
    SLICE_X39Y35         CARRY4 (Prop_carry4_CI_CO[3])
                                                      0.114     9.920 r  system_i/FrequencyCounter/frequency_counter_0/inst/pulse_count0_carry__0_i_10/CO[3]
                         net (fo=1, routed)           0.000     9.920    system_i/FrequencyCounter/frequency_counter_0/inst/pulse_count0_carry__0_i_10_n_0
    SLICE_X39Y36         CARRY4 (Prop_carry4_CI_CO[3])
                                                      0.114    10.034 r  system_i/FrequencyCounter/frequency_counter_0/inst/pulse_count0_carry__0_i_9/CO[3]
                         net (fo=1, routed)           0.000    10.034    system_i/FrequencyCounter/frequency_counter_0/inst/pulse_count0_carry__0_i_9_n_0
    SLICE_X39Y37         CARRY4 (Prop_carry4_CI_O[1])
                                                      0.334    10.368 r  system_i/FrequencyCounter/frequency_counter_0/inst/pulse_count0_carry__1_i_10/O[1]
                         net (fo=2, routed)           0.803    11.171    system_i/FrequencyCounter/frequency_counter_0/inst/clock_counter_next[17]
    SLICE_X40Y36         LUT4 (Prop_lut4_I2_O)        0.303    11.474 r  system_i/FrequencyCounter/frequency_counter_0/inst/pulse_count0_carry__1_i_8/O
                         net (fo=1, routed)           0.000    11.474    system_i/FrequencyCounter/frequency_counter_0/inst/pulse_count0_carry__1_i_8_n_0
    SLICE_X40Y36         CARRY4 (Prop_carry4_S[0]_CO[3])
                                                      0.532    12.006 r  system_i/FrequencyCounter/frequency_counter_0/inst/pulse_count0_carry__1/CO[3]
                         net (fo=1, routed)           0.000    12.006    system_i/FrequencyCounter/frequency_counter_0/inst/pulse_count0_carry__1_n_0
    SLICE_X40Y37         CARRY4 (Prop_carry4_CI_CO[3])
                                                      0.114    12.120 r  system_i/FrequencyCounter/frequency_counter_0/inst/pulse_count0_carry__2/CO[3]
                         net (fo=33, routed)          0.891    13.011    system_i/FrequencyCounter/frequency_counter_0/inst/pulse_count0_carry__2_n_0
    SLICE_X42Y36         FDSE                                         r  system_i/FrequencyCounter/frequency_counter_0/inst/pulse_count_reg[21]/S
  -------------------------------------------------------------------    -------------------

                         (clock adc_clk rise edge)    8.000     8.000 r  
    U18                                               0.000     8.000 r  adc_clk_p_i (IN)
                         net (fo=0)                   0.000     8.000    system_i/DataAcquisition/axis_red_pitaya_adc_0/inst/adc_clk_p
    U18                  IBUFDS (Prop_ibufds_I_O)     0.940     8.940 r  system_i/DataAcquisition/axis_red_pitaya_adc_0/inst/adc_clk_inst0/O
                         net (fo=1, routed)           1.880    10.820    system_i/DataAcquisition/axis_red_pitaya_adc_0/inst/int_clk0
    BUFGCTRL_X0Y1        BUFG (Prop_bufg_I_O)         0.092    10.912 r  system_i/DataAcquisition/axis_red_pitaya_adc_0/inst/adc_clk_inst/O
                         net (fo=132, routed)         1.571    12.483    system_i/FrequencyCounter/frequency_counter_0/inst/clk
    SLICE_X42Y36         FDSE                                         r  system_i/FrequencyCounter/frequency_counter_0/inst/pulse_count_reg[21]/C
                         clock pessimism              0.402    12.885    
                         clock uncertainty           -0.035    12.850    
    SLICE_X42Y36         FDSE (Setup_fdse_C_S)       -0.426    12.424    system_i/FrequencyCounter/frequency_counter_0/inst/pulse_count_reg[21]
  -------------------------------------------------------------------
                         required time                         12.424    
                         arrival time                         -13.011    
  -------------------------------------------------------------------
                         slack                                 -0.588    

Slack (VIOLATED) :        -0.588ns  (required time - arrival time)
  Source:                 system_i/FrequencyCounter/frequency_counter_0/inst/counter_output_reg[1]/C
                            (rising edge-triggered cell FDRE clocked by adc_clk  {rise@0.000ns fall@4.000ns period=8.000ns})
  Destination:            system_i/FrequencyCounter/frequency_counter_0/inst/pulse_count_reg[22]/S
                            (rising edge-triggered cell FDSE clocked by adc_clk  {rise@0.000ns fall@4.000ns period=8.000ns})
  Path Group:             adc_clk
  Path Type:              Setup (Max at Slow Process Corner)
  Requirement:            8.000ns  (adc_clk rise@8.000ns - adc_clk rise@0.000ns)
  Data Path Delay:        8.108ns  (logic 4.714ns (58.138%)  route 3.394ns (41.862%))
  Logic Levels:           18  (CARRY4=15 LUT4=1 LUT6=2)
  Clock Path Skew:        -0.018ns (DCD - SCD + CPR)
    Destination Clock Delay (DCD):    4.483ns = ( 12.483 - 8.000 ) 
    Source Clock Delay      (SCD):    4.903ns
    Clock Pessimism Removal (CPR):    0.402ns
  Clock Uncertainty:      0.035ns  ((TSJ^2 + TIJ^2)^1/2 + DJ) / 2 + PE
    Total System Jitter     (TSJ):    0.071ns
    Total Input Jitter      (TIJ):    0.000ns
    Discrete Jitter          (DJ):    0.000ns
    Phase Error              (PE):    0.000ns

    Location             Delay type                Incr(ns)  Path(ns)    Netlist Resource(s)
  -------------------------------------------------------------------    -------------------
                         (clock adc_clk rise edge)    0.000     0.000 r  
    U18                                               0.000     0.000 r  adc_clk_p_i (IN)
                         net (fo=0)                   0.000     0.000    system_i/DataAcquisition/axis_red_pitaya_adc_0/inst/adc_clk_p
    U18                  IBUFDS (Prop_ibufds_I_O)     0.983     0.983 r  system_i/DataAcquisition/axis_red_pitaya_adc_0/inst/adc_clk_inst0/O
                         net (fo=1, routed)           2.076     3.059    system_i/DataAcquisition/axis_red_pitaya_adc_0/inst/int_clk0
    BUFGCTRL_X0Y1        BUFG (Prop_bufg_I_O)         0.102     3.161 r  system_i/DataAcquisition/axis_red_pitaya_adc_0/inst/adc_clk_inst/O
                         net (fo=132, routed)         1.742     4.903    system_i/FrequencyCounter/frequency_counter_0/inst/clk
    SLICE_X40Y30         FDRE                                         r  system_i/FrequencyCounter/frequency_counter_0/inst/counter_output_reg[1]/C
  -------------------------------------------------------------------    -------------------
    SLICE_X40Y30         FDRE (Prop_fdre_C_Q)         0.456     5.359 r  system_i/FrequencyCounter/frequency_counter_0/inst/counter_output_reg[1]/Q
                         net (fo=3, routed)           0.289     5.648    system_i/FrequencyCounter/frequency_counter_0/inst/counter_output[1]
    SLICE_X41Y30         CARRY4 (Prop_carry4_S[0]_CO[3])
                                                      0.656     6.304 r  system_i/FrequencyCounter/frequency_counter_0/inst/counter_output_reg[31]_i_8/CO[3]
                         net (fo=1, routed)           0.000     6.304    system_i/FrequencyCounter/frequency_counter_0/inst/counter_output_reg[31]_i_8_n_0
    SLICE_X41Y31         CARRY4 (Prop_carry4_CI_CO[3])
                                                      0.114     6.418 r  system_i/FrequencyCounter/frequency_counter_0/inst/counter_output_reg[31]_i_15/CO[3]
                         net (fo=1, routed)           0.000     6.418    system_i/FrequencyCounter/frequency_counter_0/inst/counter_output_reg[31]_i_15_n_0
    SLICE_X41Y32         CARRY4 (Prop_carry4_CI_CO[3])
                                                      0.114     6.532 r  system_i/FrequencyCounter/frequency_counter_0/inst/counter_output_reg[31]_i_17/CO[3]
                         net (fo=1, routed)           0.000     6.532    system_i/FrequencyCounter/frequency_counter_0/inst/counter_output_reg[31]_i_17_n_0
    SLICE_X41Y33         CARRY4 (Prop_carry4_CI_CO[3])
                                                      0.114     6.646 r  system_i/FrequencyCounter/frequency_counter_0/inst/counter_output_reg[31]_i_16/CO[3]
                         net (fo=1, routed)           0.000     6.646    system_i/FrequencyCounter/frequency_counter_0/inst/counter_output_reg[31]_i_16_n_0
    SLICE_X41Y34         CARRY4 (Prop_carry4_CI_CO[3])
                                                      0.114     6.760 r  system_i/FrequencyCounter/frequency_counter_0/inst/counter_output_reg[31]_i_13/CO[3]
                         net (fo=1, routed)           0.000     6.760    system_i/FrequencyCounter/frequency_counter_0/inst/counter_output_reg[31]_i_13_n_0
    SLICE_X41Y35         CARRY4 (Prop_carry4_CI_CO[3])
                                                      0.114     6.874 r  system_i/FrequencyCounter/frequency_counter_0/inst/counter_output_reg[31]_i_18/CO[3]
                         net (fo=1, routed)           0.000     6.874    system_i/FrequencyCounter/frequency_counter_0/inst/counter_output_reg[31]_i_18_n_0
    SLICE_X41Y36         CARRY4 (Prop_carry4_CI_CO[3])
                                                      0.114     6.988 r  system_i/FrequencyCounter/frequency_counter_0/inst/counter_output_reg[31]_i_11/CO[3]
                         net (fo=1, routed)           0.000     6.988    system_i/FrequencyCounter/frequency_counter_0/inst/counter_output_reg[31]_i_11_n_0
    SLICE_X41Y37         CARRY4 (Prop_carry4_CI_O[1])
                                                      0.334     7.322 r  system_i/FrequencyCounter/frequency_counter_0/inst/counter_output_reg[31]_i_19/O[1]
                         net (fo=1, routed)           0.817     8.139    system_i/FrequencyCounter/frequency_counter_0/inst/counter_output_next[30]
    SLICE_X43Y36         LUT6 (Prop_lut6_I0_O)        0.303     8.442 r  system_i/FrequencyCounter/frequency_counter_0/inst/counter_output[31]_i_5_rewire/O
                         net (fo=3, routed)           0.594     9.036    system_i/FrequencyCounter/frequency_counter_0/inst/counter_output[31]_i_5_n_0
    SLICE_X39Y33         LUT6 (Prop_lut6_I4_O)        0.124     9.160 r  system_i/FrequencyCounter/frequency_counter_0/inst/pulse_count0_carry_i_11/O
                         net (fo=1, routed)           0.000     9.160    system_i/FrequencyCounter/frequency_counter_0/inst/pulse_count0_carry_i_11_n_0
    SLICE_X39Y33         CARRY4 (Prop_carry4_S[0]_CO[3])
                                                      0.532     9.692 r  system_i/FrequencyCounter/frequency_counter_0/inst/pulse_count0_carry_i_10/CO[3]
                         net (fo=1, routed)           0.000     9.692    system_i/FrequencyCounter/frequency_counter_0/inst/pulse_count0_carry_i_10_n_0
    SLICE_X39Y34         CARRY4 (Prop_carry4_CI_CO[3])
                                                      0.114     9.806 r  system_i/FrequencyCounter/frequency_counter_0/inst/pulse_count0_carry_i_9/CO[3]
                         net (fo=1, routed)           0.000     9.806    system_i/FrequencyCounter/frequency_counter_0/inst/pulse_count0_carry_i_9_n_0
    SLICE_X39Y35         CARRY4 (Prop_carry4_CI_CO[3])
                                                      0.114     9.920 r  system_i/FrequencyCounter/frequency_counter_0/inst/pulse_count0_carry__0_i_10/CO[3]
                         net (fo=1, routed)           0.000     9.920    system_i/FrequencyCounter/frequency_counter_0/inst/pulse_count0_carry__0_i_10_n_0
    SLICE_X39Y36         CARRY4 (Prop_carry4_CI_CO[3])
                                                      0.114    10.034 r  system_i/FrequencyCounter/frequency_counter_0/inst/pulse_count0_carry__0_i_9/CO[3]
                         net (fo=1, routed)           0.000    10.034    system_i/FrequencyCounter/frequency_counter_0/inst/pulse_count0_carry__0_i_9_n_0
    SLICE_X39Y37         CARRY4 (Prop_carry4_CI_O[1])
                                                      0.334    10.368 r  system_i/FrequencyCounter/frequency_counter_0/inst/pulse_count0_carry__1_i_10/O[1]
                         net (fo=2, routed)           0.803    11.171    system_i/FrequencyCounter/frequency_counter_0/inst/clock_counter_next[17]
    SLICE_X40Y36         LUT4 (Prop_lut4_I2_O)        0.303    11.474 r  system_i/FrequencyCounter/frequency_counter_0/inst/pulse_count0_carry__1_i_8/O
                         net (fo=1, routed)           0.000    11.474    system_i/FrequencyCounter/frequency_counter_0/inst/pulse_count0_carry__1_i_8_n_0
    SLICE_X40Y36         CARRY4 (Prop_carry4_S[0]_CO[3])
                                                      0.532    12.006 r  system_i/FrequencyCounter/frequency_counter_0/inst/pulse_count0_carry__1/CO[3]
                         net (fo=1, routed)           0.000    12.006    system_i/FrequencyCounter/frequency_counter_0/inst/pulse_count0_carry__1_n_0
    SLICE_X40Y37         CARRY4 (Prop_carry4_CI_CO[3])
                                                      0.114    12.120 r  system_i/FrequencyCounter/frequency_counter_0/inst/pulse_count0_carry__2/CO[3]
                         net (fo=33, routed)          0.891    13.011    system_i/FrequencyCounter/frequency_counter_0/inst/pulse_count0_carry__2_n_0
    SLICE_X42Y36         FDSE                                         r  system_i/FrequencyCounter/frequency_counter_0/inst/pulse_count_reg[22]/S
  -------------------------------------------------------------------    -------------------

                         (clock adc_clk rise edge)    8.000     8.000 r  
    U18                                               0.000     8.000 r  adc_clk_p_i (IN)
                         net (fo=0)                   0.000     8.000    system_i/DataAcquisition/axis_red_pitaya_adc_0/inst/adc_clk_p
    U18                  IBUFDS (Prop_ibufds_I_O)     0.940     8.940 r  system_i/DataAcquisition/axis_red_pitaya_adc_0/inst/adc_clk_inst0/O
                         net (fo=1, routed)           1.880    10.820    system_i/DataAcquisition/axis_red_pitaya_adc_0/inst/int_clk0
    BUFGCTRL_X0Y1        BUFG (Prop_bufg_I_O)         0.092    10.912 r  system_i/DataAcquisition/axis_red_pitaya_adc_0/inst/adc_clk_inst/O
                         net (fo=132, routed)         1.571    12.483    system_i/FrequencyCounter/frequency_counter_0/inst/clk
    SLICE_X42Y36         FDSE                                         r  system_i/FrequencyCounter/frequency_counter_0/inst/pulse_count_reg[22]/C
                         clock pessimism              0.402    12.885    
                         clock uncertainty           -0.035    12.850    
    SLICE_X42Y36         FDSE (Setup_fdse_C_S)       -0.426    12.424    system_i/FrequencyCounter/frequency_counter_0/inst/pulse_count_reg[22]
  -------------------------------------------------------------------
                         required time                         12.424    
                         arrival time                         -13.011    
  -------------------------------------------------------------------
                         slack                                 -0.588    

Slack (VIOLATED) :        -0.588ns  (required time - arrival time)
  Source:                 system_i/FrequencyCounter/frequency_counter_0/inst/counter_output_reg[1]/C
                            (rising edge-triggered cell FDRE clocked by adc_clk  {rise@0.000ns fall@4.000ns period=8.000ns})
  Destination:            system_i/FrequencyCounter/frequency_counter_0/inst/pulse_count_reg[23]/S
                            (rising edge-triggered cell FDSE clocked by adc_clk  {rise@0.000ns fall@4.000ns period=8.000ns})
  Path Group:             adc_clk
  Path Type:              Setup (Max at Slow Process Corner)
  Requirement:            8.000ns  (adc_clk rise@8.000ns - adc_clk rise@0.000ns)
  Data Path Delay:        8.108ns  (logic 4.714ns (58.138%)  route 3.394ns (41.862%))
  Logic Levels:           18  (CARRY4=15 LUT4=1 LUT6=2)
  Clock Path Skew:        -0.018ns (DCD - SCD + CPR)
    Destination Clock Delay (DCD):    4.483ns = ( 12.483 - 8.000 ) 
    Source Clock Delay      (SCD):    4.903ns
    Clock Pessimism Removal (CPR):    0.402ns
  Clock Uncertainty:      0.035ns  ((TSJ^2 + TIJ^2)^1/2 + DJ) / 2 + PE
    Total System Jitter     (TSJ):    0.071ns
    Total Input Jitter      (TIJ):    0.000ns
    Discrete Jitter          (DJ):    0.000ns
    Phase Error              (PE):    0.000ns

    Location             Delay type                Incr(ns)  Path(ns)    Netlist Resource(s)
  -------------------------------------------------------------------    -------------------
                         (clock adc_clk rise edge)    0.000     0.000 r  
    U18                                               0.000     0.000 r  adc_clk_p_i (IN)
                         net (fo=0)                   0.000     0.000    system_i/DataAcquisition/axis_red_pitaya_adc_0/inst/adc_clk_p
    U18                  IBUFDS (Prop_ibufds_I_O)     0.983     0.983 r  system_i/DataAcquisition/axis_red_pitaya_adc_0/inst/adc_clk_inst0/O
                         net (fo=1, routed)           2.076     3.059    system_i/DataAcquisition/axis_red_pitaya_adc_0/inst/int_clk0
    BUFGCTRL_X0Y1        BUFG (Prop_bufg_I_O)         0.102     3.161 r  system_i/DataAcquisition/axis_red_pitaya_adc_0/inst/adc_clk_inst/O
                         net (fo=132, routed)         1.742     4.903    system_i/FrequencyCounter/frequency_counter_0/inst/clk
    SLICE_X40Y30         FDRE                                         r  system_i/FrequencyCounter/frequency_counter_0/inst/counter_output_reg[1]/C
  -------------------------------------------------------------------    -------------------
    SLICE_X40Y30         FDRE (Prop_fdre_C_Q)         0.456     5.359 r  system_i/FrequencyCounter/frequency_counter_0/inst/counter_output_reg[1]/Q
                         net (fo=3, routed)           0.289     5.648    system_i/FrequencyCounter/frequency_counter_0/inst/counter_output[1]
    SLICE_X41Y30         CARRY4 (Prop_carry4_S[0]_CO[3])
                                                      0.656     6.304 r  system_i/FrequencyCounter/frequency_counter_0/inst/counter_output_reg[31]_i_8/CO[3]
                         net (fo=1, routed)           0.000     6.304    system_i/FrequencyCounter/frequency_counter_0/inst/counter_output_reg[31]_i_8_n_0
    SLICE_X41Y31         CARRY4 (Prop_carry4_CI_CO[3])
                                                      0.114     6.418 r  system_i/FrequencyCounter/frequency_counter_0/inst/counter_output_reg[31]_i_15/CO[3]
                         net (fo=1, routed)           0.000     6.418    system_i/FrequencyCounter/frequency_counter_0/inst/counter_output_reg[31]_i_15_n_0
    SLICE_X41Y32         CARRY4 (Prop_carry4_CI_CO[3])
                                                      0.114     6.532 r  system_i/FrequencyCounter/frequency_counter_0/inst/counter_output_reg[31]_i_17/CO[3]
                         net (fo=1, routed)           0.000     6.532    system_i/FrequencyCounter/frequency_counter_0/inst/counter_output_reg[31]_i_17_n_0
    SLICE_X41Y33         CARRY4 (Prop_carry4_CI_CO[3])
                                                      0.114     6.646 r  system_i/FrequencyCounter/frequency_counter_0/inst/counter_output_reg[31]_i_16/CO[3]
                         net (fo=1, routed)           0.000     6.646    system_i/FrequencyCounter/frequency_counter_0/inst/counter_output_reg[31]_i_16_n_0
    SLICE_X41Y34         CARRY4 (Prop_carry4_CI_CO[3])
                                                      0.114     6.760 r  system_i/FrequencyCounter/frequency_counter_0/inst/counter_output_reg[31]_i_13/CO[3]
                         net (fo=1, routed)           0.000     6.760    system_i/FrequencyCounter/frequency_counter_0/inst/counter_output_reg[31]_i_13_n_0
    SLICE_X41Y35         CARRY4 (Prop_carry4_CI_CO[3])
                                                      0.114     6.874 r  system_i/FrequencyCounter/frequency_counter_0/inst/counter_output_reg[31]_i_18/CO[3]
                         net (fo=1, routed)           0.000     6.874    system_i/FrequencyCounter/frequency_counter_0/inst/counter_output_reg[31]_i_18_n_0
    SLICE_X41Y36         CARRY4 (Prop_carry4_CI_CO[3])
                                                      0.114     6.988 r  system_i/FrequencyCounter/frequency_counter_0/inst/counter_output_reg[31]_i_11/CO[3]
                         net (fo=1, routed)           0.000     6.988    system_i/FrequencyCounter/frequency_counter_0/inst/counter_output_reg[31]_i_11_n_0
    SLICE_X41Y37         CARRY4 (Prop_carry4_CI_O[1])
                                                      0.334     7.322 r  system_i/FrequencyCounter/frequency_counter_0/inst/counter_output_reg[31]_i_19/O[1]
                         net (fo=1, routed)           0.817     8.139    system_i/FrequencyCounter/frequency_counter_0/inst/counter_output_next[30]
    SLICE_X43Y36         LUT6 (Prop_lut6_I0_O)        0.303     8.442 r  system_i/FrequencyCounter/frequency_counter_0/inst/counter_output[31]_i_5_rewire/O
                         net (fo=3, routed)           0.594     9.036    system_i/FrequencyCounter/frequency_counter_0/inst/counter_output[31]_i_5_n_0
    SLICE_X39Y33         LUT6 (Prop_lut6_I4_O)        0.124     9.160 r  system_i/FrequencyCounter/frequency_counter_0/inst/pulse_count0_carry_i_11/O
                         net (fo=1, routed)           0.000     9.160    system_i/FrequencyCounter/frequency_counter_0/inst/pulse_count0_carry_i_11_n_0
    SLICE_X39Y33         CARRY4 (Prop_carry4_S[0]_CO[3])
                                                      0.532     9.692 r  system_i/FrequencyCounter/frequency_counter_0/inst/pulse_count0_carry_i_10/CO[3]
                         net (fo=1, routed)           0.000     9.692    system_i/FrequencyCounter/frequency_counter_0/inst/pulse_count0_carry_i_10_n_0
    SLICE_X39Y34         CARRY4 (Prop_carry4_CI_CO[3])
                                                      0.114     9.806 r  system_i/FrequencyCounter/frequency_counter_0/inst/pulse_count0_carry_i_9/CO[3]
                         net (fo=1, routed)           0.000     9.806    system_i/FrequencyCounter/frequency_counter_0/inst/pulse_count0_carry_i_9_n_0
    SLICE_X39Y35         CARRY4 (Prop_carry4_CI_CO[3])
                                                      0.114     9.920 r  system_i/FrequencyCounter/frequency_counter_0/inst/pulse_count0_carry__0_i_10/CO[3]
                         net (fo=1, routed)           0.000     9.920    system_i/FrequencyCounter/frequency_counter_0/inst/pulse_count0_carry__0_i_10_n_0
    SLICE_X39Y36         CARRY4 (Prop_carry4_CI_CO[3])
                                                      0.114    10.034 r  system_i/FrequencyCounter/frequency_counter_0/inst/pulse_count0_carry__0_i_9/CO[3]
                         net (fo=1, routed)           0.000    10.034    system_i/FrequencyCounter/frequency_counter_0/inst/pulse_count0_carry__0_i_9_n_0
    SLICE_X39Y37         CARRY4 (Prop_carry4_CI_O[1])
                                                      0.334    10.368 r  system_i/FrequencyCounter/frequency_counter_0/inst/pulse_count0_carry__1_i_10/O[1]
                         net (fo=2, routed)           0.803    11.171    system_i/FrequencyCounter/frequency_counter_0/inst/clock_counter_next[17]
    SLICE_X40Y36         LUT4 (Prop_lut4_I2_O)        0.303    11.474 r  system_i/FrequencyCounter/frequency_counter_0/inst/pulse_count0_carry__1_i_8/O
                         net (fo=1, routed)           0.000    11.474    system_i/FrequencyCounter/frequency_counter_0/inst/pulse_count0_carry__1_i_8_n_0
    SLICE_X40Y36         CARRY4 (Prop_carry4_S[0]_CO[3])
                                                      0.532    12.006 r  system_i/FrequencyCounter/frequency_counter_0/inst/pulse_count0_carry__1/CO[3]
                         net (fo=1, routed)           0.000    12.006    system_i/FrequencyCounter/frequency_counter_0/inst/pulse_count0_carry__1_n_0
    SLICE_X40Y37         CARRY4 (Prop_carry4_CI_CO[3])
                                                      0.114    12.120 r  system_i/FrequencyCounter/frequency_counter_0/inst/pulse_count0_carry__2/CO[3]
                         net (fo=33, routed)          0.891    13.011    system_i/FrequencyCounter/frequency_counter_0/inst/pulse_count0_carry__2_n_0
    SLICE_X42Y36         FDSE                                         r  system_i/FrequencyCounter/frequency_counter_0/inst/pulse_count_reg[23]/S
  -------------------------------------------------------------------    -------------------

                         (clock adc_clk rise edge)    8.000     8.000 r  
    U18                                               0.000     8.000 r  adc_clk_p_i (IN)
                         net (fo=0)                   0.000     8.000    system_i/DataAcquisition/axis_red_pitaya_adc_0/inst/adc_clk_p
    U18                  IBUFDS (Prop_ibufds_I_O)     0.940     8.940 r  system_i/DataAcquisition/axis_red_pitaya_adc_0/inst/adc_clk_inst0/O
                         net (fo=1, routed)           1.880    10.820    system_i/DataAcquisition/axis_red_pitaya_adc_0/inst/int_clk0
    BUFGCTRL_X0Y1        BUFG (Prop_bufg_I_O)         0.092    10.912 r  system_i/DataAcquisition/axis_red_pitaya_adc_0/inst/adc_clk_inst/O
                         net (fo=132, routed)         1.571    12.483    system_i/FrequencyCounter/frequency_counter_0/inst/clk
    SLICE_X42Y36         FDSE                                         r  system_i/FrequencyCounter/frequency_counter_0/inst/pulse_count_reg[23]/C
                         clock pessimism              0.402    12.885    
                         clock uncertainty           -0.035    12.850    
    SLICE_X42Y36         FDSE (Setup_fdse_C_S)       -0.426    12.424    system_i/FrequencyCounter/frequency_counter_0/inst/pulse_count_reg[23]
  -------------------------------------------------------------------
                         required time                         12.424    
                         arrival time                         -13.011    
  -------------------------------------------------------------------
                         slack                                 -0.588    

Slack (VIOLATED) :        -0.586ns  (required time - arrival time)
  Source:                 system_i/FrequencyCounter/frequency_counter_0/inst/counter_output_reg[1]/C
                            (rising edge-triggered cell FDRE clocked by adc_clk  {rise@0.000ns fall@4.000ns period=8.000ns})
  Destination:            system_i/FrequencyCounter/frequency_counter_0/inst/pulse_count_reg[24]/S
                            (rising edge-triggered cell FDSE clocked by adc_clk  {rise@0.000ns fall@4.000ns period=8.000ns})
  Path Group:             adc_clk
  Path Type:              Setup (Max at Slow Process Corner)
  Requirement:            8.000ns  (adc_clk rise@8.000ns - adc_clk rise@0.000ns)
  Data Path Delay:        8.108ns  (logic 4.714ns (58.138%)  route 3.394ns (41.862%))
  Logic Levels:           18  (CARRY4=15 LUT4=1 LUT6=2)
  Clock Path Skew:        -0.016ns (DCD - SCD + CPR)
    Destination Clock Delay (DCD):    4.485ns = ( 12.485 - 8.000 ) 
    Source Clock Delay      (SCD):    4.903ns
    Clock Pessimism Removal (CPR):    0.402ns
  Clock Uncertainty:      0.035ns  ((TSJ^2 + TIJ^2)^1/2 + DJ) / 2 + PE
    Total System Jitter     (TSJ):    0.071ns
    Total Input Jitter      (TIJ):    0.000ns
    Discrete Jitter          (DJ):    0.000ns
    Phase Error              (PE):    0.000ns

    Location             Delay type                Incr(ns)  Path(ns)    Netlist Resource(s)
  -------------------------------------------------------------------    -------------------
                         (clock adc_clk rise edge)    0.000     0.000 r  
    U18                                               0.000     0.000 r  adc_clk_p_i (IN)
                         net (fo=0)                   0.000     0.000    system_i/DataAcquisition/axis_red_pitaya_adc_0/inst/adc_clk_p
    U18                  IBUFDS (Prop_ibufds_I_O)     0.983     0.983 r  system_i/DataAcquisition/axis_red_pitaya_adc_0/inst/adc_clk_inst0/O
                         net (fo=1, routed)           2.076     3.059    system_i/DataAcquisition/axis_red_pitaya_adc_0/inst/int_clk0
    BUFGCTRL_X0Y1        BUFG (Prop_bufg_I_O)         0.102     3.161 r  system_i/DataAcquisition/axis_red_pitaya_adc_0/inst/adc_clk_inst/O
                         net (fo=132, routed)         1.742     4.903    system_i/FrequencyCounter/frequency_counter_0/inst/clk
    SLICE_X40Y30         FDRE                                         r  system_i/FrequencyCounter/frequency_counter_0/inst/counter_output_reg[1]/C
  -------------------------------------------------------------------    -------------------
    SLICE_X40Y30         FDRE (Prop_fdre_C_Q)         0.456     5.359 r  system_i/FrequencyCounter/frequency_counter_0/inst/counter_output_reg[1]/Q
                         net (fo=3, routed)           0.289     5.648    system_i/FrequencyCounter/frequency_counter_0/inst/counter_output[1]
    SLICE_X41Y30         CARRY4 (Prop_carry4_S[0]_CO[3])
                                                      0.656     6.304 r  system_i/FrequencyCounter/frequency_counter_0/inst/counter_output_reg[31]_i_8/CO[3]
                         net (fo=1, routed)           0.000     6.304    system_i/FrequencyCounter/frequency_counter_0/inst/counter_output_reg[31]_i_8_n_0
    SLICE_X41Y31         CARRY4 (Prop_carry4_CI_CO[3])
                                                      0.114     6.418 r  system_i/FrequencyCounter/frequency_counter_0/inst/counter_output_reg[31]_i_15/CO[3]
                         net (fo=1, routed)           0.000     6.418    system_i/FrequencyCounter/frequency_counter_0/inst/counter_output_reg[31]_i_15_n_0
    SLICE_X41Y32         CARRY4 (Prop_carry4_CI_CO[3])
                                                      0.114     6.532 r  system_i/FrequencyCounter/frequency_counter_0/inst/counter_output_reg[31]_i_17/CO[3]
                         net (fo=1, routed)           0.000     6.532    system_i/FrequencyCounter/frequency_counter_0/inst/counter_output_reg[31]_i_17_n_0
    SLICE_X41Y33         CARRY4 (Prop_carry4_CI_CO[3])
                                                      0.114     6.646 r  system_i/FrequencyCounter/frequency_counter_0/inst/counter_output_reg[31]_i_16/CO[3]
                         net (fo=1, routed)           0.000     6.646    system_i/FrequencyCounter/frequency_counter_0/inst/counter_output_reg[31]_i_16_n_0
    SLICE_X41Y34         CARRY4 (Prop_carry4_CI_CO[3])
                                                      0.114     6.760 r  system_i/FrequencyCounter/frequency_counter_0/inst/counter_output_reg[31]_i_13/CO[3]
                         net (fo=1, routed)           0.000     6.760    system_i/FrequencyCounter/frequency_counter_0/inst/counter_output_reg[31]_i_13_n_0
    SLICE_X41Y35         CARRY4 (Prop_carry4_CI_CO[3])
                                                      0.114     6.874 r  system_i/FrequencyCounter/frequency_counter_0/inst/counter_output_reg[31]_i_18/CO[3]
                         net (fo=1, routed)           0.000     6.874    system_i/FrequencyCounter/frequency_counter_0/inst/counter_output_reg[31]_i_18_n_0
    SLICE_X41Y36         CARRY4 (Prop_carry4_CI_CO[3])
                                                      0.114     6.988 r  system_i/FrequencyCounter/frequency_counter_0/inst/counter_output_reg[31]_i_11/CO[3]
                         net (fo=1, routed)           0.000     6.988    system_i/FrequencyCounter/frequency_counter_0/inst/counter_output_reg[31]_i_11_n_0
    SLICE_X41Y37         CARRY4 (Prop_carry4_CI_O[1])
                                                      0.334     7.322 r  system_i/FrequencyCounter/frequency_counter_0/inst/counter_output_reg[31]_i_19/O[1]
                         net (fo=1, routed)           0.817     8.139    system_i/FrequencyCounter/frequency_counter_0/inst/counter_output_next[30]
    SLICE_X43Y36         LUT6 (Prop_lut6_I0_O)        0.303     8.442 r  system_i/FrequencyCounter/frequency_counter_0/inst/counter_output[31]_i_5_rewire/O
                         net (fo=3, routed)           0.594     9.036    system_i/FrequencyCounter/frequency_counter_0/inst/counter_output[31]_i_5_n_0
    SLICE_X39Y33         LUT6 (Prop_lut6_I4_O)        0.124     9.160 r  system_i/FrequencyCounter/frequency_counter_0/inst/pulse_count0_carry_i_11/O
                         net (fo=1, routed)           0.000     9.160    system_i/FrequencyCounter/frequency_counter_0/inst/pulse_count0_carry_i_11_n_0
    SLICE_X39Y33         CARRY4 (Prop_carry4_S[0]_CO[3])
                                                      0.532     9.692 r  system_i/FrequencyCounter/frequency_counter_0/inst/pulse_count0_carry_i_10/CO[3]
                         net (fo=1, routed)           0.000     9.692    system_i/FrequencyCounter/frequency_counter_0/inst/pulse_count0_carry_i_10_n_0
    SLICE_X39Y34         CARRY4 (Prop_carry4_CI_CO[3])
                                                      0.114     9.806 r  system_i/FrequencyCounter/frequency_counter_0/inst/pulse_count0_carry_i_9/CO[3]
                         net (fo=1, routed)           0.000     9.806    system_i/FrequencyCounter/frequency_counter_0/inst/pulse_count0_carry_i_9_n_0
    SLICE_X39Y35         CARRY4 (Prop_carry4_CI_CO[3])
                                                      0.114     9.920 r  system_i/FrequencyCounter/frequency_counter_0/inst/pulse_count0_carry__0_i_10/CO[3]
                         net (fo=1, routed)           0.000     9.920    system_i/FrequencyCounter/frequency_counter_0/inst/pulse_count0_carry__0_i_10_n_0
    SLICE_X39Y36         CARRY4 (Prop_carry4_CI_CO[3])
                                                      0.114    10.034 r  system_i/FrequencyCounter/frequency_counter_0/inst/pulse_count0_carry__0_i_9/CO[3]
                         net (fo=1, routed)           0.000    10.034    system_i/FrequencyCounter/frequency_counter_0/inst/pulse_count0_carry__0_i_9_n_0
    SLICE_X39Y37         CARRY4 (Prop_carry4_CI_O[1])
                                                      0.334    10.368 r  system_i/FrequencyCounter/frequency_counter_0/inst/pulse_count0_carry__1_i_10/O[1]
                         net (fo=2, routed)           0.803    11.171    system_i/FrequencyCounter/frequency_counter_0/inst/clock_counter_next[17]
    SLICE_X40Y36         LUT4 (Prop_lut4_I2_O)        0.303    11.474 r  system_i/FrequencyCounter/frequency_counter_0/inst/pulse_count0_carry__1_i_8/O
                         net (fo=1, routed)           0.000    11.474    system_i/FrequencyCounter/frequency_counter_0/inst/pulse_count0_carry__1_i_8_n_0
    SLICE_X40Y36         CARRY4 (Prop_carry4_S[0]_CO[3])
                                                      0.532    12.006 r  system_i/FrequencyCounter/frequency_counter_0/inst/pulse_count0_carry__1/CO[3]
                         net (fo=1, routed)           0.000    12.006    system_i/FrequencyCounter/frequency_counter_0/inst/pulse_count0_carry__1_n_0
    SLICE_X40Y37         CARRY4 (Prop_carry4_CI_CO[3])
                                                      0.114    12.120 r  system_i/FrequencyCounter/frequency_counter_0/inst/pulse_count0_carry__2/CO[3]
                         net (fo=33, routed)          0.891    13.011    system_i/FrequencyCounter/frequency_counter_0/inst/pulse_count0_carry__2_n_0
    SLICE_X42Y38         FDSE                                         r  system_i/FrequencyCounter/frequency_counter_0/inst/pulse_count_reg[24]/S
  -------------------------------------------------------------------    -------------------

                         (clock adc_clk rise edge)    8.000     8.000 r  
    U18                                               0.000     8.000 r  adc_clk_p_i (IN)
                         net (fo=0)                   0.000     8.000    system_i/DataAcquisition/axis_red_pitaya_adc_0/inst/adc_clk_p
    U18                  IBUFDS (Prop_ibufds_I_O)     0.940     8.940 r  system_i/DataAcquisition/axis_red_pitaya_adc_0/inst/adc_clk_inst0/O
                         net (fo=1, routed)           1.880    10.820    system_i/DataAcquisition/axis_red_pitaya_adc_0/inst/int_clk0
    BUFGCTRL_X0Y1        BUFG (Prop_bufg_I_O)         0.092    10.912 r  system_i/DataAcquisition/axis_red_pitaya_adc_0/inst/adc_clk_inst/O
                         net (fo=132, routed)         1.573    12.485    system_i/FrequencyCounter/frequency_counter_0/inst/clk
    SLICE_X42Y38         FDSE                                         r  system_i/FrequencyCounter/frequency_counter_0/inst/pulse_count_reg[24]/C
                         clock pessimism              0.402    12.887    
                         clock uncertainty           -0.035    12.852    
    SLICE_X42Y38         FDSE (Setup_fdse_C_S)       -0.426    12.426    system_i/FrequencyCounter/frequency_counter_0/inst/pulse_count_reg[24]
  -------------------------------------------------------------------
                         required time                         12.426    
                         arrival time                         -13.011    
  -------------------------------------------------------------------
                         slack                                 -0.586    

Slack (VIOLATED) :        -0.586ns  (required time - arrival time)
  Source:                 system_i/FrequencyCounter/frequency_counter_0/inst/counter_output_reg[1]/C
                            (rising edge-triggered cell FDRE clocked by adc_clk  {rise@0.000ns fall@4.000ns period=8.000ns})
  Destination:            system_i/FrequencyCounter/frequency_counter_0/inst/pulse_count_reg[25]/R
                            (rising edge-triggered cell FDRE clocked by adc_clk  {rise@0.000ns fall@4.000ns period=8.000ns})
  Path Group:             adc_clk
  Path Type:              Setup (Max at Slow Process Corner)
  Requirement:            8.000ns  (adc_clk rise@8.000ns - adc_clk rise@0.000ns)
  Data Path Delay:        8.108ns  (logic 4.714ns (58.138%)  route 3.394ns (41.862%))
  Logic Levels:           18  (CARRY4=15 LUT4=1 LUT6=2)
  Clock Path Skew:        -0.016ns (DCD - SCD + CPR)
    Destination Clock Delay (DCD):    4.485ns = ( 12.485 - 8.000 ) 
    Source Clock Delay      (SCD):    4.903ns
    Clock Pessimism Removal (CPR):    0.402ns
  Clock Uncertainty:      0.035ns  ((TSJ^2 + TIJ^2)^1/2 + DJ) / 2 + PE
    Total System Jitter     (TSJ):    0.071ns
    Total Input Jitter      (TIJ):    0.000ns
    Discrete Jitter          (DJ):    0.000ns
    Phase Error              (PE):    0.000ns

    Location             Delay type                Incr(ns)  Path(ns)    Netlist Resource(s)
  -------------------------------------------------------------------    -------------------
                         (clock adc_clk rise edge)    0.000     0.000 r  
    U18                                               0.000     0.000 r  adc_clk_p_i (IN)
                         net (fo=0)                   0.000     0.000    system_i/DataAcquisition/axis_red_pitaya_adc_0/inst/adc_clk_p
    U18                  IBUFDS (Prop_ibufds_I_O)     0.983     0.983 r  system_i/DataAcquisition/axis_red_pitaya_adc_0/inst/adc_clk_inst0/O
                         net (fo=1, routed)           2.076     3.059    system_i/DataAcquisition/axis_red_pitaya_adc_0/inst/int_clk0
    BUFGCTRL_X0Y1        BUFG (Prop_bufg_I_O)         0.102     3.161 r  system_i/DataAcquisition/axis_red_pitaya_adc_0/inst/adc_clk_inst/O
                         net (fo=132, routed)         1.742     4.903    system_i/FrequencyCounter/frequency_counter_0/inst/clk
    SLICE_X40Y30         FDRE                                         r  system_i/FrequencyCounter/frequency_counter_0/inst/counter_output_reg[1]/C
  -------------------------------------------------------------------    -------------------
    SLICE_X40Y30         FDRE (Prop_fdre_C_Q)         0.456     5.359 r  system_i/FrequencyCounter/frequency_counter_0/inst/counter_output_reg[1]/Q
                         net (fo=3, routed)           0.289     5.648    system_i/FrequencyCounter/frequency_counter_0/inst/counter_output[1]
    SLICE_X41Y30         CARRY4 (Prop_carry4_S[0]_CO[3])
                                                      0.656     6.304 r  system_i/FrequencyCounter/frequency_counter_0/inst/counter_output_reg[31]_i_8/CO[3]
                         net (fo=1, routed)           0.000     6.304    system_i/FrequencyCounter/frequency_counter_0/inst/counter_output_reg[31]_i_8_n_0
    SLICE_X41Y31         CARRY4 (Prop_carry4_CI_CO[3])
                                                      0.114     6.418 r  system_i/FrequencyCounter/frequency_counter_0/inst/counter_output_reg[31]_i_15/CO[3]
                         net (fo=1, routed)           0.000     6.418    system_i/FrequencyCounter/frequency_counter_0/inst/counter_output_reg[31]_i_15_n_0
    SLICE_X41Y32         CARRY4 (Prop_carry4_CI_CO[3])
                                                      0.114     6.532 r  system_i/FrequencyCounter/frequency_counter_0/inst/counter_output_reg[31]_i_17/CO[3]
                         net (fo=1, routed)           0.000     6.532    system_i/FrequencyCounter/frequency_counter_0/inst/counter_output_reg[31]_i_17_n_0
    SLICE_X41Y33         CARRY4 (Prop_carry4_CI_CO[3])
                                                      0.114     6.646 r  system_i/FrequencyCounter/frequency_counter_0/inst/counter_output_reg[31]_i_16/CO[3]
                         net (fo=1, routed)           0.000     6.646    system_i/FrequencyCounter/frequency_counter_0/inst/counter_output_reg[31]_i_16_n_0
    SLICE_X41Y34         CARRY4 (Prop_carry4_CI_CO[3])
                                                      0.114     6.760 r  system_i/FrequencyCounter/frequency_counter_0/inst/counter_output_reg[31]_i_13/CO[3]
                         net (fo=1, routed)           0.000     6.760    system_i/FrequencyCounter/frequency_counter_0/inst/counter_output_reg[31]_i_13_n_0
    SLICE_X41Y35         CARRY4 (Prop_carry4_CI_CO[3])
                                                      0.114     6.874 r  system_i/FrequencyCounter/frequency_counter_0/inst/counter_output_reg[31]_i_18/CO[3]
                         net (fo=1, routed)           0.000     6.874    system_i/FrequencyCounter/frequency_counter_0/inst/counter_output_reg[31]_i_18_n_0
    SLICE_X41Y36         CARRY4 (Prop_carry4_CI_CO[3])
                                                      0.114     6.988 r  system_i/FrequencyCounter/frequency_counter_0/inst/counter_output_reg[31]_i_11/CO[3]
                         net (fo=1, routed)           0.000     6.988    system_i/FrequencyCounter/frequency_counter_0/inst/counter_output_reg[31]_i_11_n_0
    SLICE_X41Y37         CARRY4 (Prop_carry4_CI_O[1])
                                                      0.334     7.322 r  system_i/FrequencyCounter/frequency_counter_0/inst/counter_output_reg[31]_i_19/O[1]
                         net (fo=1, routed)           0.817     8.139    system_i/FrequencyCounter/frequency_counter_0/inst/counter_output_next[30]
    SLICE_X43Y36         LUT6 (Prop_lut6_I0_O)        0.303     8.442 r  system_i/FrequencyCounter/frequency_counter_0/inst/counter_output[31]_i_5_rewire/O
                         net (fo=3, routed)           0.594     9.036    system_i/FrequencyCounter/frequency_counter_0/inst/counter_output[31]_i_5_n_0
    SLICE_X39Y33         LUT6 (Prop_lut6_I4_O)        0.124     9.160 r  system_i/FrequencyCounter/frequency_counter_0/inst/pulse_count0_carry_i_11/O
                         net (fo=1, routed)           0.000     9.160    system_i/FrequencyCounter/frequency_counter_0/inst/pulse_count0_carry_i_11_n_0
    SLICE_X39Y33         CARRY4 (Prop_carry4_S[0]_CO[3])
                                                      0.532     9.692 r  system_i/FrequencyCounter/frequency_counter_0/inst/pulse_count0_carry_i_10/CO[3]
                         net (fo=1, routed)           0.000     9.692    system_i/FrequencyCounter/frequency_counter_0/inst/pulse_count0_carry_i_10_n_0
    SLICE_X39Y34         CARRY4 (Prop_carry4_CI_CO[3])
                                                      0.114     9.806 r  system_i/FrequencyCounter/frequency_counter_0/inst/pulse_count0_carry_i_9/CO[3]
                         net (fo=1, routed)           0.000     9.806    system_i/FrequencyCounter/frequency_counter_0/inst/pulse_count0_carry_i_9_n_0
    SLICE_X39Y35         CARRY4 (Prop_carry4_CI_CO[3])
                                                      0.114     9.920 r  system_i/FrequencyCounter/frequency_counter_0/inst/pulse_count0_carry__0_i_10/CO[3]
                         net (fo=1, routed)           0.000     9.920    system_i/FrequencyCounter/frequency_counter_0/inst/pulse_count0_carry__0_i_10_n_0
    SLICE_X39Y36         CARRY4 (Prop_carry4_CI_CO[3])
                                                      0.114    10.034 r  system_i/FrequencyCounter/frequency_counter_0/inst/pulse_count0_carry__0_i_9/CO[3]
                         net (fo=1, routed)           0.000    10.034    system_i/FrequencyCounter/frequency_counter_0/inst/pulse_count0_carry__0_i_9_n_0
    SLICE_X39Y37         CARRY4 (Prop_carry4_CI_O[1])
                                                      0.334    10.368 r  system_i/FrequencyCounter/frequency_counter_0/inst/pulse_count0_carry__1_i_10/O[1]
                         net (fo=2, routed)           0.803    11.171    system_i/FrequencyCounter/frequency_counter_0/inst/clock_counter_next[17]
    SLICE_X40Y36         LUT4 (Prop_lut4_I2_O)        0.303    11.474 r  system_i/FrequencyCounter/frequency_counter_0/inst/pulse_count0_carry__1_i_8/O
                         net (fo=1, routed)           0.000    11.474    system_i/FrequencyCounter/frequency_counter_0/inst/pulse_count0_carry__1_i_8_n_0
    SLICE_X40Y36         CARRY4 (Prop_carry4_S[0]_CO[3])
                                                      0.532    12.006 r  system_i/FrequencyCounter/frequency_counter_0/inst/pulse_count0_carry__1/CO[3]
                         net (fo=1, routed)           0.000    12.006    system_i/FrequencyCounter/frequency_counter_0/inst/pulse_count0_carry__1_n_0
    SLICE_X40Y37         CARRY4 (Prop_carry4_CI_CO[3])
                                                      0.114    12.120 r  system_i/FrequencyCounter/frequency_counter_0/inst/pulse_count0_carry__2/CO[3]
                         net (fo=33, routed)          0.891    13.011    system_i/FrequencyCounter/frequency_counter_0/inst/pulse_count0_carry__2_n_0
    SLICE_X42Y38         FDRE                                         r  system_i/FrequencyCounter/frequency_counter_0/inst/pulse_count_reg[25]/R
  -------------------------------------------------------------------    -------------------

                         (clock adc_clk rise edge)    8.000     8.000 r  
    U18                                               0.000     8.000 r  adc_clk_p_i (IN)
                         net (fo=0)                   0.000     8.000    system_i/DataAcquisition/axis_red_pitaya_adc_0/inst/adc_clk_p
    U18                  IBUFDS (Prop_ibufds_I_O)     0.940     8.940 r  system_i/DataAcquisition/axis_red_pitaya_adc_0/inst/adc_clk_inst0/O
                         net (fo=1, routed)           1.880    10.820    system_i/DataAcquisition/axis_red_pitaya_adc_0/inst/int_clk0
    BUFGCTRL_X0Y1        BUFG (Prop_bufg_I_O)         0.092    10.912 r  system_i/DataAcquisition/axis_red_pitaya_adc_0/inst/adc_clk_inst/O
                         net (fo=132, routed)         1.573    12.485    system_i/FrequencyCounter/frequency_counter_0/inst/clk
    SLICE_X42Y38         FDRE                                         r  system_i/FrequencyCounter/frequency_counter_0/inst/pulse_count_reg[25]/C
                         clock pessimism              0.402    12.887    
                         clock uncertainty           -0.035    12.852    
    SLICE_X42Y38         FDRE (Setup_fdre_C_R)       -0.426    12.426    system_i/FrequencyCounter/frequency_counter_0/inst/pulse_count_reg[25]
  -------------------------------------------------------------------
                         required time                         12.426    
                         arrival time                         -13.011    
  -------------------------------------------------------------------
                         slack                                 -0.586    

Slack (VIOLATED) :        -0.586ns  (required time - arrival time)
  Source:                 system_i/FrequencyCounter/frequency_counter_0/inst/counter_output_reg[1]/C
                            (rising edge-triggered cell FDRE clocked by adc_clk  {rise@0.000ns fall@4.000ns period=8.000ns})
  Destination:            system_i/FrequencyCounter/frequency_counter_0/inst/pulse_count_reg[26]/S
                            (rising edge-triggered cell FDSE clocked by adc_clk  {rise@0.000ns fall@4.000ns period=8.000ns})
  Path Group:             adc_clk
  Path Type:              Setup (Max at Slow Process Corner)
  Requirement:            8.000ns  (adc_clk rise@8.000ns - adc_clk rise@0.000ns)
  Data Path Delay:        8.108ns  (logic 4.714ns (58.138%)  route 3.394ns (41.862%))
  Logic Levels:           18  (CARRY4=15 LUT4=1 LUT6=2)
  Clock Path Skew:        -0.016ns (DCD - SCD + CPR)
    Destination Clock Delay (DCD):    4.485ns = ( 12.485 - 8.000 ) 
    Source Clock Delay      (SCD):    4.903ns
    Clock Pessimism Removal (CPR):    0.402ns
  Clock Uncertainty:      0.035ns  ((TSJ^2 + TIJ^2)^1/2 + DJ) / 2 + PE
    Total System Jitter     (TSJ):    0.071ns
    Total Input Jitter      (TIJ):    0.000ns
    Discrete Jitter          (DJ):    0.000ns
    Phase Error              (PE):    0.000ns

    Location             Delay type                Incr(ns)  Path(ns)    Netlist Resource(s)
  -------------------------------------------------------------------    -------------------
                         (clock adc_clk rise edge)    0.000     0.000 r  
    U18                                               0.000     0.000 r  adc_clk_p_i (IN)
                         net (fo=0)                   0.000     0.000    system_i/DataAcquisition/axis_red_pitaya_adc_0/inst/adc_clk_p
    U18                  IBUFDS (Prop_ibufds_I_O)     0.983     0.983 r  system_i/DataAcquisition/axis_red_pitaya_adc_0/inst/adc_clk_inst0/O
                         net (fo=1, routed)           2.076     3.059    system_i/DataAcquisition/axis_red_pitaya_adc_0/inst/int_clk0
    BUFGCTRL_X0Y1        BUFG (Prop_bufg_I_O)         0.102     3.161 r  system_i/DataAcquisition/axis_red_pitaya_adc_0/inst/adc_clk_inst/O
                         net (fo=132, routed)         1.742     4.903    system_i/FrequencyCounter/frequency_counter_0/inst/clk
    SLICE_X40Y30         FDRE                                         r  system_i/FrequencyCounter/frequency_counter_0/inst/counter_output_reg[1]/C
  -------------------------------------------------------------------    -------------------
    SLICE_X40Y30         FDRE (Prop_fdre_C_Q)         0.456     5.359 r  system_i/FrequencyCounter/frequency_counter_0/inst/counter_output_reg[1]/Q
                         net (fo=3, routed)           0.289     5.648    system_i/FrequencyCounter/frequency_counter_0/inst/counter_output[1]
    SLICE_X41Y30         CARRY4 (Prop_carry4_S[0]_CO[3])
                                                      0.656     6.304 r  system_i/FrequencyCounter/frequency_counter_0/inst/counter_output_reg[31]_i_8/CO[3]
                         net (fo=1, routed)           0.000     6.304    system_i/FrequencyCounter/frequency_counter_0/inst/counter_output_reg[31]_i_8_n_0
    SLICE_X41Y31         CARRY4 (Prop_carry4_CI_CO[3])
                                                      0.114     6.418 r  system_i/FrequencyCounter/frequency_counter_0/inst/counter_output_reg[31]_i_15/CO[3]
                         net (fo=1, routed)           0.000     6.418    system_i/FrequencyCounter/frequency_counter_0/inst/counter_output_reg[31]_i_15_n_0
    SLICE_X41Y32         CARRY4 (Prop_carry4_CI_CO[3])
                                                      0.114     6.532 r  system_i/FrequencyCounter/frequency_counter_0/inst/counter_output_reg[31]_i_17/CO[3]
                         net (fo=1, routed)           0.000     6.532    system_i/FrequencyCounter/frequency_counter_0/inst/counter_output_reg[31]_i_17_n_0
    SLICE_X41Y33         CARRY4 (Prop_carry4_CI_CO[3])
                                                      0.114     6.646 r  system_i/FrequencyCounter/frequency_counter_0/inst/counter_output_reg[31]_i_16/CO[3]
                         net (fo=1, routed)           0.000     6.646    system_i/FrequencyCounter/frequency_counter_0/inst/counter_output_reg[31]_i_16_n_0
    SLICE_X41Y34         CARRY4 (Prop_carry4_CI_CO[3])
                                                      0.114     6.760 r  system_i/FrequencyCounter/frequency_counter_0/inst/counter_output_reg[31]_i_13/CO[3]
                         net (fo=1, routed)           0.000     6.760    system_i/FrequencyCounter/frequency_counter_0/inst/counter_output_reg[31]_i_13_n_0
    SLICE_X41Y35         CARRY4 (Prop_carry4_CI_CO[3])
                                                      0.114     6.874 r  system_i/FrequencyCounter/frequency_counter_0/inst/counter_output_reg[31]_i_18/CO[3]
                         net (fo=1, routed)           0.000     6.874    system_i/FrequencyCounter/frequency_counter_0/inst/counter_output_reg[31]_i_18_n_0
    SLICE_X41Y36         CARRY4 (Prop_carry4_CI_CO[3])
                                                      0.114     6.988 r  system_i/FrequencyCounter/frequency_counter_0/inst/counter_output_reg[31]_i_11/CO[3]
                         net (fo=1, routed)           0.000     6.988    system_i/FrequencyCounter/frequency_counter_0/inst/counter_output_reg[31]_i_11_n_0
    SLICE_X41Y37         CARRY4 (Prop_carry4_CI_O[1])
                                                      0.334     7.322 r  system_i/FrequencyCounter/frequency_counter_0/inst/counter_output_reg[31]_i_19/O[1]
                         net (fo=1, routed)           0.817     8.139    system_i/FrequencyCounter/frequency_counter_0/inst/counter_output_next[30]
    SLICE_X43Y36         LUT6 (Prop_lut6_I0_O)        0.303     8.442 r  system_i/FrequencyCounter/frequency_counter_0/inst/counter_output[31]_i_5_rewire/O
                         net (fo=3, routed)           0.594     9.036    system_i/FrequencyCounter/frequency_counter_0/inst/counter_output[31]_i_5_n_0
    SLICE_X39Y33         LUT6 (Prop_lut6_I4_O)        0.124     9.160 r  system_i/FrequencyCounter/frequency_counter_0/inst/pulse_count0_carry_i_11/O
                         net (fo=1, routed)           0.000     9.160    system_i/FrequencyCounter/frequency_counter_0/inst/pulse_count0_carry_i_11_n_0
    SLICE_X39Y33         CARRY4 (Prop_carry4_S[0]_CO[3])
                                                      0.532     9.692 r  system_i/FrequencyCounter/frequency_counter_0/inst/pulse_count0_carry_i_10/CO[3]
                         net (fo=1, routed)           0.000     9.692    system_i/FrequencyCounter/frequency_counter_0/inst/pulse_count0_carry_i_10_n_0
    SLICE_X39Y34         CARRY4 (Prop_carry4_CI_CO[3])
                                                      0.114     9.806 r  system_i/FrequencyCounter/frequency_counter_0/inst/pulse_count0_carry_i_9/CO[3]
                         net (fo=1, routed)           0.000     9.806    system_i/FrequencyCounter/frequency_counter_0/inst/pulse_count0_carry_i_9_n_0
    SLICE_X39Y35         CARRY4 (Prop_carry4_CI_CO[3])
                                                      0.114     9.920 r  system_i/FrequencyCounter/frequency_counter_0/inst/pulse_count0_carry__0_i_10/CO[3]
                         net (fo=1, routed)           0.000     9.920    system_i/FrequencyCounter/frequency_counter_0/inst/pulse_count0_carry__0_i_10_n_0
    SLICE_X39Y36         CARRY4 (Prop_carry4_CI_CO[3])
                                                      0.114    10.034 r  system_i/FrequencyCounter/frequency_counter_0/inst/pulse_count0_carry__0_i_9/CO[3]
                         net (fo=1, routed)           0.000    10.034    system_i/FrequencyCounter/frequency_counter_0/inst/pulse_count0_carry__0_i_9_n_0
    SLICE_X39Y37         CARRY4 (Prop_carry4_CI_O[1])
                                                      0.334    10.368 r  system_i/FrequencyCounter/frequency_counter_0/inst/pulse_count0_carry__1_i_10/O[1]
                         net (fo=2, routed)           0.803    11.171    system_i/FrequencyCounter/frequency_counter_0/inst/clock_counter_next[17]
    SLICE_X40Y36         LUT4 (Prop_lut4_I2_O)        0.303    11.474 r  system_i/FrequencyCounter/frequency_counter_0/inst/pulse_count0_carry__1_i_8/O
                         net (fo=1, routed)           0.000    11.474    system_i/FrequencyCounter/frequency_counter_0/inst/pulse_count0_carry__1_i_8_n_0
    SLICE_X40Y36         CARRY4 (Prop_carry4_S[0]_CO[3])
                                                      0.532    12.006 r  system_i/FrequencyCounter/frequency_counter_0/inst/pulse_count0_carry__1/CO[3]
                         net (fo=1, routed)           0.000    12.006    system_i/FrequencyCounter/frequency_counter_0/inst/pulse_count0_carry__1_n_0
    SLICE_X40Y37         CARRY4 (Prop_carry4_CI_CO[3])
                                                      0.114    12.120 r  system_i/FrequencyCounter/frequency_counter_0/inst/pulse_count0_carry__2/CO[3]
                         net (fo=33, routed)          0.891    13.011    system_i/FrequencyCounter/frequency_counter_0/inst/pulse_count0_carry__2_n_0
    SLICE_X42Y38         FDSE                                         r  system_i/FrequencyCounter/frequency_counter_0/inst/pulse_count_reg[26]/S
  -------------------------------------------------------------------    -------------------

                         (clock adc_clk rise edge)    8.000     8.000 r  
    U18                                               0.000     8.000 r  adc_clk_p_i (IN)
                         net (fo=0)                   0.000     8.000    system_i/DataAcquisition/axis_red_pitaya_adc_0/inst/adc_clk_p
    U18                  IBUFDS (Prop_ibufds_I_O)     0.940     8.940 r  system_i/DataAcquisition/axis_red_pitaya_adc_0/inst/adc_clk_inst0/O
                         net (fo=1, routed)           1.880    10.820    system_i/DataAcquisition/axis_red_pitaya_adc_0/inst/int_clk0
    BUFGCTRL_X0Y1        BUFG (Prop_bufg_I_O)         0.092    10.912 r  system_i/DataAcquisition/axis_red_pitaya_adc_0/inst/adc_clk_inst/O
                         net (fo=132, routed)         1.573    12.485    system_i/FrequencyCounter/frequency_counter_0/inst/clk
    SLICE_X42Y38         FDSE                                         r  system_i/FrequencyCounter/frequency_counter_0/inst/pulse_count_reg[26]/C
                         clock pessimism              0.402    12.887    
                         clock uncertainty           -0.035    12.852    
    SLICE_X42Y38         FDSE (Setup_fdse_C_S)       -0.426    12.426    system_i/FrequencyCounter/frequency_counter_0/inst/pulse_count_reg[26]
  -------------------------------------------------------------------
                         required time                         12.426    
                         arrival time                         -13.011    
  -------------------------------------------------------------------
                         slack                                 -0.586    

Slack (VIOLATED) :        -0.586ns  (required time - arrival time)
  Source:                 system_i/FrequencyCounter/frequency_counter_0/inst/counter_output_reg[1]/C
                            (rising edge-triggered cell FDRE clocked by adc_clk  {rise@0.000ns fall@4.000ns period=8.000ns})
  Destination:            system_i/FrequencyCounter/frequency_counter_0/inst/pulse_count_reg[27]/R
                            (rising edge-triggered cell FDRE clocked by adc_clk  {rise@0.000ns fall@4.000ns period=8.000ns})
  Path Group:             adc_clk
  Path Type:              Setup (Max at Slow Process Corner)
  Requirement:            8.000ns  (adc_clk rise@8.000ns - adc_clk rise@0.000ns)
  Data Path Delay:        8.108ns  (logic 4.714ns (58.138%)  route 3.394ns (41.862%))
  Logic Levels:           18  (CARRY4=15 LUT4=1 LUT6=2)
  Clock Path Skew:        -0.016ns (DCD - SCD + CPR)
    Destination Clock Delay (DCD):    4.485ns = ( 12.485 - 8.000 ) 
    Source Clock Delay      (SCD):    4.903ns
    Clock Pessimism Removal (CPR):    0.402ns
  Clock Uncertainty:      0.035ns  ((TSJ^2 + TIJ^2)^1/2 + DJ) / 2 + PE
    Total System Jitter     (TSJ):    0.071ns
    Total Input Jitter      (TIJ):    0.000ns
    Discrete Jitter          (DJ):    0.000ns
    Phase Error              (PE):    0.000ns

    Location             Delay type                Incr(ns)  Path(ns)    Netlist Resource(s)
  -------------------------------------------------------------------    -------------------
                         (clock adc_clk rise edge)    0.000     0.000 r  
    U18                                               0.000     0.000 r  adc_clk_p_i (IN)
                         net (fo=0)                   0.000     0.000    system_i/DataAcquisition/axis_red_pitaya_adc_0/inst/adc_clk_p
    U18                  IBUFDS (Prop_ibufds_I_O)     0.983     0.983 r  system_i/DataAcquisition/axis_red_pitaya_adc_0/inst/adc_clk_inst0/O
                         net (fo=1, routed)           2.076     3.059    system_i/DataAcquisition/axis_red_pitaya_adc_0/inst/int_clk0
    BUFGCTRL_X0Y1        BUFG (Prop_bufg_I_O)         0.102     3.161 r  system_i/DataAcquisition/axis_red_pitaya_adc_0/inst/adc_clk_inst/O
                         net (fo=132, routed)         1.742     4.903    system_i/FrequencyCounter/frequency_counter_0/inst/clk
    SLICE_X40Y30         FDRE                                         r  system_i/FrequencyCounter/frequency_counter_0/inst/counter_output_reg[1]/C
  -------------------------------------------------------------------    -------------------
    SLICE_X40Y30         FDRE (Prop_fdre_C_Q)         0.456     5.359 r  system_i/FrequencyCounter/frequency_counter_0/inst/counter_output_reg[1]/Q
                         net (fo=3, routed)           0.289     5.648    system_i/FrequencyCounter/frequency_counter_0/inst/counter_output[1]
    SLICE_X41Y30         CARRY4 (Prop_carry4_S[0]_CO[3])
                                                      0.656     6.304 r  system_i/FrequencyCounter/frequency_counter_0/inst/counter_output_reg[31]_i_8/CO[3]
                         net (fo=1, routed)           0.000     6.304    system_i/FrequencyCounter/frequency_counter_0/inst/counter_output_reg[31]_i_8_n_0
    SLICE_X41Y31         CARRY4 (Prop_carry4_CI_CO[3])
                                                      0.114     6.418 r  system_i/FrequencyCounter/frequency_counter_0/inst/counter_output_reg[31]_i_15/CO[3]
                         net (fo=1, routed)           0.000     6.418    system_i/FrequencyCounter/frequency_counter_0/inst/counter_output_reg[31]_i_15_n_0
    SLICE_X41Y32         CARRY4 (Prop_carry4_CI_CO[3])
                                                      0.114     6.532 r  system_i/FrequencyCounter/frequency_counter_0/inst/counter_output_reg[31]_i_17/CO[3]
                         net (fo=1, routed)           0.000     6.532    system_i/FrequencyCounter/frequency_counter_0/inst/counter_output_reg[31]_i_17_n_0
    SLICE_X41Y33         CARRY4 (Prop_carry4_CI_CO[3])
                                                      0.114     6.646 r  system_i/FrequencyCounter/frequency_counter_0/inst/counter_output_reg[31]_i_16/CO[3]
                         net (fo=1, routed)           0.000     6.646    system_i/FrequencyCounter/frequency_counter_0/inst/counter_output_reg[31]_i_16_n_0
    SLICE_X41Y34         CARRY4 (Prop_carry4_CI_CO[3])
                                                      0.114     6.760 r  system_i/FrequencyCounter/frequency_counter_0/inst/counter_output_reg[31]_i_13/CO[3]
                         net (fo=1, routed)           0.000     6.760    system_i/FrequencyCounter/frequency_counter_0/inst/counter_output_reg[31]_i_13_n_0
    SLICE_X41Y35         CARRY4 (Prop_carry4_CI_CO[3])
                                                      0.114     6.874 r  system_i/FrequencyCounter/frequency_counter_0/inst/counter_output_reg[31]_i_18/CO[3]
                         net (fo=1, routed)           0.000     6.874    system_i/FrequencyCounter/frequency_counter_0/inst/counter_output_reg[31]_i_18_n_0
    SLICE_X41Y36         CARRY4 (Prop_carry4_CI_CO[3])
                                                      0.114     6.988 r  system_i/FrequencyCounter/frequency_counter_0/inst/counter_output_reg[31]_i_11/CO[3]
                         net (fo=1, routed)           0.000     6.988    system_i/FrequencyCounter/frequency_counter_0/inst/counter_output_reg[31]_i_11_n_0
    SLICE_X41Y37         CARRY4 (Prop_carry4_CI_O[1])
                                                      0.334     7.322 r  system_i/FrequencyCounter/frequency_counter_0/inst/counter_output_reg[31]_i_19/O[1]
                         net (fo=1, routed)           0.817     8.139    system_i/FrequencyCounter/frequency_counter_0/inst/counter_output_next[30]
    SLICE_X43Y36         LUT6 (Prop_lut6_I0_O)        0.303     8.442 r  system_i/FrequencyCounter/frequency_counter_0/inst/counter_output[31]_i_5_rewire/O
                         net (fo=3, routed)           0.594     9.036    system_i/FrequencyCounter/frequency_counter_0/inst/counter_output[31]_i_5_n_0
    SLICE_X39Y33         LUT6 (Prop_lut6_I4_O)        0.124     9.160 r  system_i/FrequencyCounter/frequency_counter_0/inst/pulse_count0_carry_i_11/O
                         net (fo=1, routed)           0.000     9.160    system_i/FrequencyCounter/frequency_counter_0/inst/pulse_count0_carry_i_11_n_0
    SLICE_X39Y33         CARRY4 (Prop_carry4_S[0]_CO[3])
                                                      0.532     9.692 r  system_i/FrequencyCounter/frequency_counter_0/inst/pulse_count0_carry_i_10/CO[3]
                         net (fo=1, routed)           0.000     9.692    system_i/FrequencyCounter/frequency_counter_0/inst/pulse_count0_carry_i_10_n_0
    SLICE_X39Y34         CARRY4 (Prop_carry4_CI_CO[3])
                                                      0.114     9.806 r  system_i/FrequencyCounter/frequency_counter_0/inst/pulse_count0_carry_i_9/CO[3]
                         net (fo=1, routed)           0.000     9.806    system_i/FrequencyCounter/frequency_counter_0/inst/pulse_count0_carry_i_9_n_0
    SLICE_X39Y35         CARRY4 (Prop_carry4_CI_CO[3])
                                                      0.114     9.920 r  system_i/FrequencyCounter/frequency_counter_0/inst/pulse_count0_carry__0_i_10/CO[3]
                         net (fo=1, routed)           0.000     9.920    system_i/FrequencyCounter/frequency_counter_0/inst/pulse_count0_carry__0_i_10_n_0
    SLICE_X39Y36         CARRY4 (Prop_carry4_CI_CO[3])
                                                      0.114    10.034 r  system_i/FrequencyCounter/frequency_counter_0/inst/pulse_count0_carry__0_i_9/CO[3]
                         net (fo=1, routed)           0.000    10.034    system_i/FrequencyCounter/frequency_counter_0/inst/pulse_count0_carry__0_i_9_n_0
    SLICE_X39Y37         CARRY4 (Prop_carry4_CI_O[1])
                                                      0.334    10.368 r  system_i/FrequencyCounter/frequency_counter_0/inst/pulse_count0_carry__1_i_10/O[1]
                         net (fo=2, routed)           0.803    11.171    system_i/FrequencyCounter/frequency_counter_0/inst/clock_counter_next[17]
    SLICE_X40Y36         LUT4 (Prop_lut4_I2_O)        0.303    11.474 r  system_i/FrequencyCounter/frequency_counter_0/inst/pulse_count0_carry__1_i_8/O
                         net (fo=1, routed)           0.000    11.474    system_i/FrequencyCounter/frequency_counter_0/inst/pulse_count0_carry__1_i_8_n_0
    SLICE_X40Y36         CARRY4 (Prop_carry4_S[0]_CO[3])
                                                      0.532    12.006 r  system_i/FrequencyCounter/frequency_counter_0/inst/pulse_count0_carry__1/CO[3]
                         net (fo=1, routed)           0.000    12.006    system_i/FrequencyCounter/frequency_counter_0/inst/pulse_count0_carry__1_n_0
    SLICE_X40Y37         CARRY4 (Prop_carry4_CI_CO[3])
                                                      0.114    12.120 r  system_i/FrequencyCounter/frequency_counter_0/inst/pulse_count0_carry__2/CO[3]
                         net (fo=33, routed)          0.891    13.011    system_i/FrequencyCounter/frequency_counter_0/inst/pulse_count0_carry__2_n_0
    SLICE_X42Y38         FDRE                                         r  system_i/FrequencyCounter/frequency_counter_0/inst/pulse_count_reg[27]/R
  -------------------------------------------------------------------    -------------------

                         (clock adc_clk rise edge)    8.000     8.000 r  
    U18                                               0.000     8.000 r  adc_clk_p_i (IN)
                         net (fo=0)                   0.000     8.000    system_i/DataAcquisition/axis_red_pitaya_adc_0/inst/adc_clk_p
    U18                  IBUFDS (Prop_ibufds_I_O)     0.940     8.940 r  system_i/DataAcquisition/axis_red_pitaya_adc_0/inst/adc_clk_inst0/O
                         net (fo=1, routed)           1.880    10.820    system_i/DataAcquisition/axis_red_pitaya_adc_0/inst/int_clk0
    BUFGCTRL_X0Y1        BUFG (Prop_bufg_I_O)         0.092    10.912 r  system_i/DataAcquisition/axis_red_pitaya_adc_0/inst/adc_clk_inst/O
                         net (fo=132, routed)         1.573    12.485    system_i/FrequencyCounter/frequency_counter_0/inst/clk
    SLICE_X42Y38         FDRE                                         r  system_i/FrequencyCounter/frequency_counter_0/inst/pulse_count_reg[27]/C
                         clock pessimism              0.402    12.887    
                         clock uncertainty           -0.035    12.852    
    SLICE_X42Y38         FDRE (Setup_fdre_C_R)       -0.426    12.426    system_i/FrequencyCounter/frequency_counter_0/inst/pulse_count_reg[27]
  -------------------------------------------------------------------
                         required time                         12.426    
                         arrival time                         -13.011    
  -------------------------------------------------------------------
                         slack                                 -0.586    

Slack (VIOLATED) :        -0.586ns  (required time - arrival time)
  Source:                 system_i/FrequencyCounter/frequency_counter_0/inst/counter_output_reg[1]/C
                            (rising edge-triggered cell FDRE clocked by adc_clk  {rise@0.000ns fall@4.000ns period=8.000ns})
  Destination:            system_i/FrequencyCounter/frequency_counter_0/inst/pulse_count_reg[4]/R
                            (rising edge-triggered cell FDRE clocked by adc_clk  {rise@0.000ns fall@4.000ns period=8.000ns})
  Path Group:             adc_clk
  Path Type:              Setup (Max at Slow Process Corner)
  Requirement:            8.000ns  (adc_clk rise@8.000ns - adc_clk rise@0.000ns)
  Data Path Delay:        8.108ns  (logic 4.714ns (58.138%)  route 3.394ns (41.862%))
  Logic Levels:           18  (CARRY4=15 LUT4=1 LUT6=2)
  Clock Path Skew:        -0.016ns (DCD - SCD + CPR)
    Destination Clock Delay (DCD):    4.485ns = ( 12.485 - 8.000 ) 
    Source Clock Delay      (SCD):    4.903ns
    Clock Pessimism Removal (CPR):    0.402ns
  Clock Uncertainty:      0.035ns  ((TSJ^2 + TIJ^2)^1/2 + DJ) / 2 + PE
    Total System Jitter     (TSJ):    0.071ns
    Total Input Jitter      (TIJ):    0.000ns
    Discrete Jitter          (DJ):    0.000ns
    Phase Error              (PE):    0.000ns

    Location             Delay type                Incr(ns)  Path(ns)    Netlist Resource(s)
  -------------------------------------------------------------------    -------------------
                         (clock adc_clk rise edge)    0.000     0.000 r  
    U18                                               0.000     0.000 r  adc_clk_p_i (IN)
                         net (fo=0)                   0.000     0.000    system_i/DataAcquisition/axis_red_pitaya_adc_0/inst/adc_clk_p
    U18                  IBUFDS (Prop_ibufds_I_O)     0.983     0.983 r  system_i/DataAcquisition/axis_red_pitaya_adc_0/inst/adc_clk_inst0/O
                         net (fo=1, routed)           2.076     3.059    system_i/DataAcquisition/axis_red_pitaya_adc_0/inst/int_clk0
    BUFGCTRL_X0Y1        BUFG (Prop_bufg_I_O)         0.102     3.161 r  system_i/DataAcquisition/axis_red_pitaya_adc_0/inst/adc_clk_inst/O
                         net (fo=132, routed)         1.742     4.903    system_i/FrequencyCounter/frequency_counter_0/inst/clk
    SLICE_X40Y30         FDRE                                         r  system_i/FrequencyCounter/frequency_counter_0/inst/counter_output_reg[1]/C
  -------------------------------------------------------------------    -------------------
    SLICE_X40Y30         FDRE (Prop_fdre_C_Q)         0.456     5.359 r  system_i/FrequencyCounter/frequency_counter_0/inst/counter_output_reg[1]/Q
                         net (fo=3, routed)           0.289     5.648    system_i/FrequencyCounter/frequency_counter_0/inst/counter_output[1]
    SLICE_X41Y30         CARRY4 (Prop_carry4_S[0]_CO[3])
                                                      0.656     6.304 r  system_i/FrequencyCounter/frequency_counter_0/inst/counter_output_reg[31]_i_8/CO[3]
                         net (fo=1, routed)           0.000     6.304    system_i/FrequencyCounter/frequency_counter_0/inst/counter_output_reg[31]_i_8_n_0
    SLICE_X41Y31         CARRY4 (Prop_carry4_CI_CO[3])
                                                      0.114     6.418 r  system_i/FrequencyCounter/frequency_counter_0/inst/counter_output_reg[31]_i_15/CO[3]
                         net (fo=1, routed)           0.000     6.418    system_i/FrequencyCounter/frequency_counter_0/inst/counter_output_reg[31]_i_15_n_0
    SLICE_X41Y32         CARRY4 (Prop_carry4_CI_CO[3])
                                                      0.114     6.532 r  system_i/FrequencyCounter/frequency_counter_0/inst/counter_output_reg[31]_i_17/CO[3]
                         net (fo=1, routed)           0.000     6.532    system_i/FrequencyCounter/frequency_counter_0/inst/counter_output_reg[31]_i_17_n_0
    SLICE_X41Y33         CARRY4 (Prop_carry4_CI_CO[3])
                                                      0.114     6.646 r  system_i/FrequencyCounter/frequency_counter_0/inst/counter_output_reg[31]_i_16/CO[3]
                         net (fo=1, routed)           0.000     6.646    system_i/FrequencyCounter/frequency_counter_0/inst/counter_output_reg[31]_i_16_n_0
    SLICE_X41Y34         CARRY4 (Prop_carry4_CI_CO[3])
                                                      0.114     6.760 r  system_i/FrequencyCounter/frequency_counter_0/inst/counter_output_reg[31]_i_13/CO[3]
                         net (fo=1, routed)           0.000     6.760    system_i/FrequencyCounter/frequency_counter_0/inst/counter_output_reg[31]_i_13_n_0
    SLICE_X41Y35         CARRY4 (Prop_carry4_CI_CO[3])
                                                      0.114     6.874 r  system_i/FrequencyCounter/frequency_counter_0/inst/counter_output_reg[31]_i_18/CO[3]
                         net (fo=1, routed)           0.000     6.874    system_i/FrequencyCounter/frequency_counter_0/inst/counter_output_reg[31]_i_18_n_0
    SLICE_X41Y36         CARRY4 (Prop_carry4_CI_CO[3])
                                                      0.114     6.988 r  system_i/FrequencyCounter/frequency_counter_0/inst/counter_output_reg[31]_i_11/CO[3]
                         net (fo=1, routed)           0.000     6.988    system_i/FrequencyCounter/frequency_counter_0/inst/counter_output_reg[31]_i_11_n_0
    SLICE_X41Y37         CARRY4 (Prop_carry4_CI_O[1])
                                                      0.334     7.322 r  system_i/FrequencyCounter/frequency_counter_0/inst/counter_output_reg[31]_i_19/O[1]
                         net (fo=1, routed)           0.817     8.139    system_i/FrequencyCounter/frequency_counter_0/inst/counter_output_next[30]
    SLICE_X43Y36         LUT6 (Prop_lut6_I0_O)        0.303     8.442 r  system_i/FrequencyCounter/frequency_counter_0/inst/counter_output[31]_i_5_rewire/O
                         net (fo=3, routed)           0.594     9.036    system_i/FrequencyCounter/frequency_counter_0/inst/counter_output[31]_i_5_n_0
    SLICE_X39Y33         LUT6 (Prop_lut6_I4_O)        0.124     9.160 r  system_i/FrequencyCounter/frequency_counter_0/inst/pulse_count0_carry_i_11/O
                         net (fo=1, routed)           0.000     9.160    system_i/FrequencyCounter/frequency_counter_0/inst/pulse_count0_carry_i_11_n_0
    SLICE_X39Y33         CARRY4 (Prop_carry4_S[0]_CO[3])
                                                      0.532     9.692 r  system_i/FrequencyCounter/frequency_counter_0/inst/pulse_count0_carry_i_10/CO[3]
                         net (fo=1, routed)           0.000     9.692    system_i/FrequencyCounter/frequency_counter_0/inst/pulse_count0_carry_i_10_n_0
    SLICE_X39Y34         CARRY4 (Prop_carry4_CI_CO[3])
                                                      0.114     9.806 r  system_i/FrequencyCounter/frequency_counter_0/inst/pulse_count0_carry_i_9/CO[3]
                         net (fo=1, routed)           0.000     9.806    system_i/FrequencyCounter/frequency_counter_0/inst/pulse_count0_carry_i_9_n_0
    SLICE_X39Y35         CARRY4 (Prop_carry4_CI_CO[3])
                                                      0.114     9.920 r  system_i/FrequencyCounter/frequency_counter_0/inst/pulse_count0_carry__0_i_10/CO[3]
                         net (fo=1, routed)           0.000     9.920    system_i/FrequencyCounter/frequency_counter_0/inst/pulse_count0_carry__0_i_10_n_0
    SLICE_X39Y36         CARRY4 (Prop_carry4_CI_CO[3])
                                                      0.114    10.034 r  system_i/FrequencyCounter/frequency_counter_0/inst/pulse_count0_carry__0_i_9/CO[3]
                         net (fo=1, routed)           0.000    10.034    system_i/FrequencyCounter/frequency_counter_0/inst/pulse_count0_carry__0_i_9_n_0
    SLICE_X39Y37         CARRY4 (Prop_carry4_CI_O[1])
                                                      0.334    10.368 r  system_i/FrequencyCounter/frequency_counter_0/inst/pulse_count0_carry__1_i_10/O[1]
                         net (fo=2, routed)           0.803    11.171    system_i/FrequencyCounter/frequency_counter_0/inst/clock_counter_next[17]
    SLICE_X40Y36         LUT4 (Prop_lut4_I2_O)        0.303    11.474 r  system_i/FrequencyCounter/frequency_counter_0/inst/pulse_count0_carry__1_i_8/O
                         net (fo=1, routed)           0.000    11.474    system_i/FrequencyCounter/frequency_counter_0/inst/pulse_count0_carry__1_i_8_n_0
    SLICE_X40Y36         CARRY4 (Prop_carry4_S[0]_CO[3])
                                                      0.532    12.006 r  system_i/FrequencyCounter/frequency_counter_0/inst/pulse_count0_carry__1/CO[3]
                         net (fo=1, routed)           0.000    12.006    system_i/FrequencyCounter/frequency_counter_0/inst/pulse_count0_carry__1_n_0
    SLICE_X40Y37         CARRY4 (Prop_carry4_CI_CO[3])
                                                      0.114    12.120 r  system_i/FrequencyCounter/frequency_counter_0/inst/pulse_count0_carry__2/CO[3]
                         net (fo=33, routed)          0.891    13.011    system_i/FrequencyCounter/frequency_counter_0/inst/pulse_count0_carry__2_n_0
    SLICE_X42Y38         FDRE                                         r  system_i/FrequencyCounter/frequency_counter_0/inst/pulse_count_reg[4]/R
  -------------------------------------------------------------------    -------------------

                         (clock adc_clk rise edge)    8.000     8.000 r  
    U18                                               0.000     8.000 r  adc_clk_p_i (IN)
                         net (fo=0)                   0.000     8.000    system_i/DataAcquisition/axis_red_pitaya_adc_0/inst/adc_clk_p
    U18                  IBUFDS (Prop_ibufds_I_O)     0.940     8.940 r  system_i/DataAcquisition/axis_red_pitaya_adc_0/inst/adc_clk_inst0/O
                         net (fo=1, routed)           1.880    10.820    system_i/DataAcquisition/axis_red_pitaya_adc_0/inst/int_clk0
    BUFGCTRL_X0Y1        BUFG (Prop_bufg_I_O)         0.092    10.912 r  system_i/DataAcquisition/axis_red_pitaya_adc_0/inst/adc_clk_inst/O
                         net (fo=132, routed)         1.573    12.485    system_i/FrequencyCounter/frequency_counter_0/inst/clk
    SLICE_X42Y38         FDRE                                         r  system_i/FrequencyCounter/frequency_counter_0/inst/pulse_count_reg[4]/C
                         clock pessimism              0.402    12.887    
                         clock uncertainty           -0.035    12.852    
    SLICE_X42Y38         FDRE (Setup_fdre_C_R)       -0.426    12.426    system_i/FrequencyCounter/frequency_counter_0/inst/pulse_count_reg[4]
  -------------------------------------------------------------------
                         required time                         12.426    
                         arrival time                         -13.011    
  -------------------------------------------------------------------
                         slack                                 -0.586    

Slack (VIOLATED) :        -0.586ns  (required time - arrival time)
  Source:                 system_i/FrequencyCounter/frequency_counter_0/inst/counter_output_reg[1]/C
                            (rising edge-triggered cell FDRE clocked by adc_clk  {rise@0.000ns fall@4.000ns period=8.000ns})
  Destination:            system_i/FrequencyCounter/frequency_counter_0/inst/pulse_count_reg[5]/R
                            (rising edge-triggered cell FDRE clocked by adc_clk  {rise@0.000ns fall@4.000ns period=8.000ns})
  Path Group:             adc_clk
  Path Type:              Setup (Max at Slow Process Corner)
  Requirement:            8.000ns  (adc_clk rise@8.000ns - adc_clk rise@0.000ns)
  Data Path Delay:        8.108ns  (logic 4.714ns (58.138%)  route 3.394ns (41.862%))
  Logic Levels:           18  (CARRY4=15 LUT4=1 LUT6=2)
  Clock Path Skew:        -0.016ns (DCD - SCD + CPR)
    Destination Clock Delay (DCD):    4.485ns = ( 12.485 - 8.000 ) 
    Source Clock Delay      (SCD):    4.903ns
    Clock Pessimism Removal (CPR):    0.402ns
  Clock Uncertainty:      0.035ns  ((TSJ^2 + TIJ^2)^1/2 + DJ) / 2 + PE
    Total System Jitter     (TSJ):    0.071ns
    Total Input Jitter      (TIJ):    0.000ns
    Discrete Jitter          (DJ):    0.000ns
    Phase Error              (PE):    0.000ns

    Location             Delay type                Incr(ns)  Path(ns)    Netlist Resource(s)
  -------------------------------------------------------------------    -------------------
                         (clock adc_clk rise edge)    0.000     0.000 r  
    U18                                               0.000     0.000 r  adc_clk_p_i (IN)
                         net (fo=0)                   0.000     0.000    system_i/DataAcquisition/axis_red_pitaya_adc_0/inst/adc_clk_p
    U18                  IBUFDS (Prop_ibufds_I_O)     0.983     0.983 r  system_i/DataAcquisition/axis_red_pitaya_adc_0/inst/adc_clk_inst0/O
                         net (fo=1, routed)           2.076     3.059    system_i/DataAcquisition/axis_red_pitaya_adc_0/inst/int_clk0
    BUFGCTRL_X0Y1        BUFG (Prop_bufg_I_O)         0.102     3.161 r  system_i/DataAcquisition/axis_red_pitaya_adc_0/inst/adc_clk_inst/O
                         net (fo=132, routed)         1.742     4.903    system_i/FrequencyCounter/frequency_counter_0/inst/clk
    SLICE_X40Y30         FDRE                                         r  system_i/FrequencyCounter/frequency_counter_0/inst/counter_output_reg[1]/C
  -------------------------------------------------------------------    -------------------
    SLICE_X40Y30         FDRE (Prop_fdre_C_Q)         0.456     5.359 r  system_i/FrequencyCounter/frequency_counter_0/inst/counter_output_reg[1]/Q
                         net (fo=3, routed)           0.289     5.648    system_i/FrequencyCounter/frequency_counter_0/inst/counter_output[1]
    SLICE_X41Y30         CARRY4 (Prop_carry4_S[0]_CO[3])
                                                      0.656     6.304 r  system_i/FrequencyCounter/frequency_counter_0/inst/counter_output_reg[31]_i_8/CO[3]
                         net (fo=1, routed)           0.000     6.304    system_i/FrequencyCounter/frequency_counter_0/inst/counter_output_reg[31]_i_8_n_0
    SLICE_X41Y31         CARRY4 (Prop_carry4_CI_CO[3])
                                                      0.114     6.418 r  system_i/FrequencyCounter/frequency_counter_0/inst/counter_output_reg[31]_i_15/CO[3]
                         net (fo=1, routed)           0.000     6.418    system_i/FrequencyCounter/frequency_counter_0/inst/counter_output_reg[31]_i_15_n_0
    SLICE_X41Y32         CARRY4 (Prop_carry4_CI_CO[3])
                                                      0.114     6.532 r  system_i/FrequencyCounter/frequency_counter_0/inst/counter_output_reg[31]_i_17/CO[3]
                         net (fo=1, routed)           0.000     6.532    system_i/FrequencyCounter/frequency_counter_0/inst/counter_output_reg[31]_i_17_n_0
    SLICE_X41Y33         CARRY4 (Prop_carry4_CI_CO[3])
                                                      0.114     6.646 r  system_i/FrequencyCounter/frequency_counter_0/inst/counter_output_reg[31]_i_16/CO[3]
                         net (fo=1, routed)           0.000     6.646    system_i/FrequencyCounter/frequency_counter_0/inst/counter_output_reg[31]_i_16_n_0
    SLICE_X41Y34         CARRY4 (Prop_carry4_CI_CO[3])
                                                      0.114     6.760 r  system_i/FrequencyCounter/frequency_counter_0/inst/counter_output_reg[31]_i_13/CO[3]
                         net (fo=1, routed)           0.000     6.760    system_i/FrequencyCounter/frequency_counter_0/inst/counter_output_reg[31]_i_13_n_0
    SLICE_X41Y35         CARRY4 (Prop_carry4_CI_CO[3])
                                                      0.114     6.874 r  system_i/FrequencyCounter/frequency_counter_0/inst/counter_output_reg[31]_i_18/CO[3]
                         net (fo=1, routed)           0.000     6.874    system_i/FrequencyCounter/frequency_counter_0/inst/counter_output_reg[31]_i_18_n_0
    SLICE_X41Y36         CARRY4 (Prop_carry4_CI_CO[3])
                                                      0.114     6.988 r  system_i/FrequencyCounter/frequency_counter_0/inst/counter_output_reg[31]_i_11/CO[3]
                         net (fo=1, routed)           0.000     6.988    system_i/FrequencyCounter/frequency_counter_0/inst/counter_output_reg[31]_i_11_n_0
    SLICE_X41Y37         CARRY4 (Prop_carry4_CI_O[1])
                                                      0.334     7.322 r  system_i/FrequencyCounter/frequency_counter_0/inst/counter_output_reg[31]_i_19/O[1]
                         net (fo=1, routed)           0.817     8.139    system_i/FrequencyCounter/frequency_counter_0/inst/counter_output_next[30]
    SLICE_X43Y36         LUT6 (Prop_lut6_I0_O)        0.303     8.442 r  system_i/FrequencyCounter/frequency_counter_0/inst/counter_output[31]_i_5_rewire/O
                         net (fo=3, routed)           0.594     9.036    system_i/FrequencyCounter/frequency_counter_0/inst/counter_output[31]_i_5_n_0
    SLICE_X39Y33         LUT6 (Prop_lut6_I4_O)        0.124     9.160 r  system_i/FrequencyCounter/frequency_counter_0/inst/pulse_count0_carry_i_11/O
                         net (fo=1, routed)           0.000     9.160    system_i/FrequencyCounter/frequency_counter_0/inst/pulse_count0_carry_i_11_n_0
    SLICE_X39Y33         CARRY4 (Prop_carry4_S[0]_CO[3])
                                                      0.532     9.692 r  system_i/FrequencyCounter/frequency_counter_0/inst/pulse_count0_carry_i_10/CO[3]
                         net (fo=1, routed)           0.000     9.692    system_i/FrequencyCounter/frequency_counter_0/inst/pulse_count0_carry_i_10_n_0
    SLICE_X39Y34         CARRY4 (Prop_carry4_CI_CO[3])
                                                      0.114     9.806 r  system_i/FrequencyCounter/frequency_counter_0/inst/pulse_count0_carry_i_9/CO[3]
                         net (fo=1, routed)           0.000     9.806    system_i/FrequencyCounter/frequency_counter_0/inst/pulse_count0_carry_i_9_n_0
    SLICE_X39Y35         CARRY4 (Prop_carry4_CI_CO[3])
                                                      0.114     9.920 r  system_i/FrequencyCounter/frequency_counter_0/inst/pulse_count0_carry__0_i_10/CO[3]
                         net (fo=1, routed)           0.000     9.920    system_i/FrequencyCounter/frequency_counter_0/inst/pulse_count0_carry__0_i_10_n_0
    SLICE_X39Y36         CARRY4 (Prop_carry4_CI_CO[3])
                                                      0.114    10.034 r  system_i/FrequencyCounter/frequency_counter_0/inst/pulse_count0_carry__0_i_9/CO[3]
                         net (fo=1, routed)           0.000    10.034    system_i/FrequencyCounter/frequency_counter_0/inst/pulse_count0_carry__0_i_9_n_0
    SLICE_X39Y37         CARRY4 (Prop_carry4_CI_O[1])
                                                      0.334    10.368 r  system_i/FrequencyCounter/frequency_counter_0/inst/pulse_count0_carry__1_i_10/O[1]
                         net (fo=2, routed)           0.803    11.171    system_i/FrequencyCounter/frequency_counter_0/inst/clock_counter_next[17]
    SLICE_X40Y36         LUT4 (Prop_lut4_I2_O)        0.303    11.474 r  system_i/FrequencyCounter/frequency_counter_0/inst/pulse_count0_carry__1_i_8/O
                         net (fo=1, routed)           0.000    11.474    system_i/FrequencyCounter/frequency_counter_0/inst/pulse_count0_carry__1_i_8_n_0
    SLICE_X40Y36         CARRY4 (Prop_carry4_S[0]_CO[3])
                                                      0.532    12.006 r  system_i/FrequencyCounter/frequency_counter_0/inst/pulse_count0_carry__1/CO[3]
                         net (fo=1, routed)           0.000    12.006    system_i/FrequencyCounter/frequency_counter_0/inst/pulse_count0_carry__1_n_0
    SLICE_X40Y37         CARRY4 (Prop_carry4_CI_CO[3])
                                                      0.114    12.120 r  system_i/FrequencyCounter/frequency_counter_0/inst/pulse_count0_carry__2/CO[3]
                         net (fo=33, routed)          0.891    13.011    system_i/FrequencyCounter/frequency_counter_0/inst/pulse_count0_carry__2_n_0
    SLICE_X42Y38         FDRE                                         r  system_i/FrequencyCounter/frequency_counter_0/inst/pulse_count_reg[5]/R
  -------------------------------------------------------------------    -------------------

                         (clock adc_clk rise edge)    8.000     8.000 r  
    U18                                               0.000     8.000 r  adc_clk_p_i (IN)
                         net (fo=0)                   0.000     8.000    system_i/DataAcquisition/axis_red_pitaya_adc_0/inst/adc_clk_p
    U18                  IBUFDS (Prop_ibufds_I_O)     0.940     8.940 r  system_i/DataAcquisition/axis_red_pitaya_adc_0/inst/adc_clk_inst0/O
                         net (fo=1, routed)           1.880    10.820    system_i/DataAcquisition/axis_red_pitaya_adc_0/inst/int_clk0
    BUFGCTRL_X0Y1        BUFG (Prop_bufg_I_O)         0.092    10.912 r  system_i/DataAcquisition/axis_red_pitaya_adc_0/inst/adc_clk_inst/O
                         net (fo=132, routed)         1.573    12.485    system_i/FrequencyCounter/frequency_counter_0/inst/clk
    SLICE_X42Y38         FDRE                                         r  system_i/FrequencyCounter/frequency_counter_0/inst/pulse_count_reg[5]/C
                         clock pessimism              0.402    12.887    
                         clock uncertainty           -0.035    12.852    
    SLICE_X42Y38         FDRE (Setup_fdre_C_R)       -0.426    12.426    system_i/FrequencyCounter/frequency_counter_0/inst/pulse_count_reg[5]
  -------------------------------------------------------------------
                         required time                         12.426    
                         arrival time                         -13.011    
  -------------------------------------------------------------------
                         slack                                 -0.586    





Min Delay Paths
--------------------------------------------------------------------------------------
Slack (MET) :             0.221ns  (arrival time - required time)
  Source:                 system_i/FrequencyCounter/frequency_counter_0/inst/counter_output_reg[30]/C
                            (rising edge-triggered cell FDRE clocked by adc_clk  {rise@0.000ns fall@4.000ns period=8.000ns})
  Destination:            system_i/FrequencyCounter/frequency_counter_0/inst/counter_output_reg[31]/D
                            (rising edge-triggered cell FDRE clocked by adc_clk  {rise@0.000ns fall@4.000ns period=8.000ns})
  Path Group:             adc_clk
  Path Type:              Hold (Min at Fast Process Corner)
  Requirement:            0.000ns  (adc_clk rise@0.000ns - adc_clk rise@0.000ns)
  Data Path Delay:        0.368ns  (logic 0.287ns (78.073%)  route 0.081ns (21.927%))
  Logic Levels:           1  (CARRY4=1)
  Clock Path Skew:        0.013ns (DCD - SCD - CPR)
    Destination Clock Delay (DCD):    2.003ns
    Source Clock Delay      (SCD):    1.644ns
    Clock Pessimism Removal (CPR):    0.346ns

    Location             Delay type                Incr(ns)  Path(ns)    Netlist Resource(s)
  -------------------------------------------------------------------    -------------------
                         (clock adc_clk rise edge)    0.000     0.000 r  
    U18                                               0.000     0.000 r  adc_clk_p_i (IN)
                         net (fo=0)                   0.000     0.000    system_i/DataAcquisition/axis_red_pitaya_adc_0/inst/adc_clk_p
    U18                  IBUFDS (Prop_ibufds_I_O)     0.401     0.401 r  system_i/DataAcquisition/axis_red_pitaya_adc_0/inst/adc_clk_inst0/O
                         net (fo=1, routed)           0.627     1.029    system_i/DataAcquisition/axis_red_pitaya_adc_0/inst/int_clk0
    BUFGCTRL_X0Y1        BUFG (Prop_bufg_I_O)         0.027     1.056 r  system_i/DataAcquisition/axis_red_pitaya_adc_0/inst/adc_clk_inst/O
                         net (fo=132, routed)         0.589     1.644    system_i/FrequencyCounter/frequency_counter_0/inst/clk
    SLICE_X43Y37         FDRE                                         r  system_i/FrequencyCounter/frequency_counter_0/inst/counter_output_reg[30]/C
  -------------------------------------------------------------------    -------------------
    SLICE_X43Y37         FDRE (Prop_fdre_C_Q)         0.141     1.785 r  system_i/FrequencyCounter/frequency_counter_0/inst/counter_output_reg[30]/Q
                         net (fo=3, routed)           0.081     1.866    system_i/FrequencyCounter/frequency_counter_0/inst/counter_output[30]
    SLICE_X42Y37         CARRY4 (Prop_carry4_S[2]_O[3])
                                                      0.146     2.012 r  system_i/FrequencyCounter/frequency_counter_0/inst/counter_output_reg[31]_i_3/O[3]
                         net (fo=1, routed)           0.000     2.012    system_i/FrequencyCounter/frequency_counter_0/inst/counter_output_reg[31]_i_3_n_4
    SLICE_X42Y37         FDRE                                         r  system_i/FrequencyCounter/frequency_counter_0/inst/counter_output_reg[31]/D
  -------------------------------------------------------------------    -------------------

                         (clock adc_clk rise edge)    0.000     0.000 r  
    U18                                               0.000     0.000 r  adc_clk_p_i (IN)
                         net (fo=0)                   0.000     0.000    system_i/DataAcquisition/axis_red_pitaya_adc_0/inst/adc_clk_p
    U18                  IBUFDS (Prop_ibufds_I_O)     0.433     0.433 r  system_i/DataAcquisition/axis_red_pitaya_adc_0/inst/adc_clk_inst0/O
                         net (fo=1, routed)           0.683     1.116    system_i/DataAcquisition/axis_red_pitaya_adc_0/inst/int_clk0
    BUFGCTRL_X0Y1        BUFG (Prop_bufg_I_O)         0.030     1.146 r  system_i/DataAcquisition/axis_red_pitaya_adc_0/inst/adc_clk_inst/O
                         net (fo=132, routed)         0.857     2.003    system_i/FrequencyCounter/frequency_counter_0/inst/clk
    SLICE_X42Y37         FDRE                                         r  system_i/FrequencyCounter/frequency_counter_0/inst/counter_output_reg[31]/C
                         clock pessimism             -0.346     1.657    
    SLICE_X42Y37         FDRE (Hold_fdre_C_D)         0.134     1.791    system_i/FrequencyCounter/frequency_counter_0/inst/counter_output_reg[31]
  -------------------------------------------------------------------
                         required time                         -1.791    
                         arrival time                           2.012    
  -------------------------------------------------------------------
                         slack                                  0.221    

Slack (MET) :             0.227ns  (arrival time - required time)
  Source:                 system_i/FrequencyCounter/frequency_counter_0/inst/clock_counter_reg[0]/C
                            (rising edge-triggered cell FDRE clocked by adc_clk  {rise@0.000ns fall@4.000ns period=8.000ns})
  Destination:            system_i/FrequencyCounter/frequency_counter_0/inst/clock_counter_reg[1]/D
                            (rising edge-triggered cell FDRE clocked by adc_clk  {rise@0.000ns fall@4.000ns period=8.000ns})
  Path Group:             adc_clk
  Path Type:              Hold (Min at Fast Process Corner)
  Requirement:            0.000ns  (adc_clk rise@0.000ns - adc_clk rise@0.000ns)
  Data Path Delay:        0.361ns  (logic 0.293ns (81.142%)  route 0.068ns (18.858%))
  Logic Levels:           1  (CARRY4=1)
  Clock Path Skew:        0.000ns (DCD - SCD - CPR)
    Destination Clock Delay (DCD):    1.998ns
    Source Clock Delay      (SCD):    1.640ns
    Clock Pessimism Removal (CPR):    0.358ns

    Location             Delay type                Incr(ns)  Path(ns)    Netlist Resource(s)
  -------------------------------------------------------------------    -------------------
                         (clock adc_clk rise edge)    0.000     0.000 r  
    U18                                               0.000     0.000 r  adc_clk_p_i (IN)
                         net (fo=0)                   0.000     0.000    system_i/DataAcquisition/axis_red_pitaya_adc_0/inst/adc_clk_p
    U18                  IBUFDS (Prop_ibufds_I_O)     0.401     0.401 r  system_i/DataAcquisition/axis_red_pitaya_adc_0/inst/adc_clk_inst0/O
                         net (fo=1, routed)           0.627     1.029    system_i/DataAcquisition/axis_red_pitaya_adc_0/inst/int_clk0
    BUFGCTRL_X0Y1        BUFG (Prop_bufg_I_O)         0.027     1.056 r  system_i/DataAcquisition/axis_red_pitaya_adc_0/inst/adc_clk_inst/O
                         net (fo=132, routed)         0.585     1.640    system_i/FrequencyCounter/frequency_counter_0/inst/clk
    SLICE_X38Y33         FDRE                                         r  system_i/FrequencyCounter/frequency_counter_0/inst/clock_counter_reg[0]/C
  -------------------------------------------------------------------    -------------------
    SLICE_X38Y33         FDRE (Prop_fdre_C_Q)         0.164     1.804 r  system_i/FrequencyCounter/frequency_counter_0/inst/clock_counter_reg[0]/Q
                         net (fo=6, routed)           0.068     1.872    system_i/FrequencyCounter/frequency_counter_0/inst/clock_counter[0]
    SLICE_X38Y33         CARRY4 (Prop_carry4_DI[0]_O[1])
                                                      0.129     2.001 r  system_i/FrequencyCounter/frequency_counter_0/inst/clock_counter_reg[3]_i_1/O[1]
                         net (fo=1, routed)           0.000     2.001    system_i/FrequencyCounter/frequency_counter_0/inst/clock_counter_reg[3]_i_1_n_6
    SLICE_X38Y33         FDRE                                         r  system_i/FrequencyCounter/frequency_counter_0/inst/clock_counter_reg[1]/D
  -------------------------------------------------------------------    -------------------

                         (clock adc_clk rise edge)    0.000     0.000 r  
    U18                                               0.000     0.000 r  adc_clk_p_i (IN)
                         net (fo=0)                   0.000     0.000    system_i/DataAcquisition/axis_red_pitaya_adc_0/inst/adc_clk_p
    U18                  IBUFDS (Prop_ibufds_I_O)     0.433     0.433 r  system_i/DataAcquisition/axis_red_pitaya_adc_0/inst/adc_clk_inst0/O
                         net (fo=1, routed)           0.683     1.116    system_i/DataAcquisition/axis_red_pitaya_adc_0/inst/int_clk0
    BUFGCTRL_X0Y1        BUFG (Prop_bufg_I_O)         0.030     1.146 r  system_i/DataAcquisition/axis_red_pitaya_adc_0/inst/adc_clk_inst/O
                         net (fo=132, routed)         0.852     1.998    system_i/FrequencyCounter/frequency_counter_0/inst/clk
    SLICE_X38Y33         FDRE                                         r  system_i/FrequencyCounter/frequency_counter_0/inst/clock_counter_reg[1]/C
                         clock pessimism             -0.358     1.640    
    SLICE_X38Y33         FDRE (Hold_fdre_C_D)         0.134     1.774    system_i/FrequencyCounter/frequency_counter_0/inst/clock_counter_reg[1]
  -------------------------------------------------------------------
                         required time                         -1.774    
                         arrival time                           2.001    
  -------------------------------------------------------------------
                         slack                                  0.227    

Slack (MET) :             0.262ns  (arrival time - required time)
  Source:                 system_i/FrequencyCounter/frequency_counter_0/inst/clock_counter_reg[0]/C
                            (rising edge-triggered cell FDRE clocked by adc_clk  {rise@0.000ns fall@4.000ns period=8.000ns})
  Destination:            system_i/FrequencyCounter/frequency_counter_0/inst/clock_counter_reg[2]/D
                            (rising edge-triggered cell FDRE clocked by adc_clk  {rise@0.000ns fall@4.000ns period=8.000ns})
  Path Group:             adc_clk
  Path Type:              Hold (Min at Fast Process Corner)
  Requirement:            0.000ns  (adc_clk rise@0.000ns - adc_clk rise@0.000ns)
  Data Path Delay:        0.396ns  (logic 0.328ns (82.808%)  route 0.068ns (17.192%))
  Logic Levels:           1  (CARRY4=1)
  Clock Path Skew:        0.000ns (DCD - SCD - CPR)
    Destination Clock Delay (DCD):    1.998ns
    Source Clock Delay      (SCD):    1.640ns
    Clock Pessimism Removal (CPR):    0.358ns

    Location             Delay type                Incr(ns)  Path(ns)    Netlist Resource(s)
  -------------------------------------------------------------------    -------------------
                         (clock adc_clk rise edge)    0.000     0.000 r  
    U18                                               0.000     0.000 r  adc_clk_p_i (IN)
                         net (fo=0)                   0.000     0.000    system_i/DataAcquisition/axis_red_pitaya_adc_0/inst/adc_clk_p
    U18                  IBUFDS (Prop_ibufds_I_O)     0.401     0.401 r  system_i/DataAcquisition/axis_red_pitaya_adc_0/inst/adc_clk_inst0/O
                         net (fo=1, routed)           0.627     1.029    system_i/DataAcquisition/axis_red_pitaya_adc_0/inst/int_clk0
    BUFGCTRL_X0Y1        BUFG (Prop_bufg_I_O)         0.027     1.056 r  system_i/DataAcquisition/axis_red_pitaya_adc_0/inst/adc_clk_inst/O
                         net (fo=132, routed)         0.585     1.640    system_i/FrequencyCounter/frequency_counter_0/inst/clk
    SLICE_X38Y33         FDRE                                         r  system_i/FrequencyCounter/frequency_counter_0/inst/clock_counter_reg[0]/C
  -------------------------------------------------------------------    -------------------
    SLICE_X38Y33         FDRE (Prop_fdre_C_Q)         0.164     1.804 r  system_i/FrequencyCounter/frequency_counter_0/inst/clock_counter_reg[0]/Q
                         net (fo=6, routed)           0.068     1.872    system_i/FrequencyCounter/frequency_counter_0/inst/clock_counter[0]
    SLICE_X38Y33         CARRY4 (Prop_carry4_DI[0]_O[2])
                                                      0.164     2.036 r  system_i/FrequencyCounter/frequency_counter_0/inst/clock_counter_reg[3]_i_1/O[2]
                         net (fo=1, routed)           0.000     2.036    system_i/FrequencyCounter/frequency_counter_0/inst/clock_counter_reg[3]_i_1_n_5
    SLICE_X38Y33         FDRE                                         r  system_i/FrequencyCounter/frequency_counter_0/inst/clock_counter_reg[2]/D
  -------------------------------------------------------------------    -------------------

                         (clock adc_clk rise edge)    0.000     0.000 r  
    U18                                               0.000     0.000 r  adc_clk_p_i (IN)
                         net (fo=0)                   0.000     0.000    system_i/DataAcquisition/axis_red_pitaya_adc_0/inst/adc_clk_p
    U18                  IBUFDS (Prop_ibufds_I_O)     0.433     0.433 r  system_i/DataAcquisition/axis_red_pitaya_adc_0/inst/adc_clk_inst0/O
                         net (fo=1, routed)           0.683     1.116    system_i/DataAcquisition/axis_red_pitaya_adc_0/inst/int_clk0
    BUFGCTRL_X0Y1        BUFG (Prop_bufg_I_O)         0.030     1.146 r  system_i/DataAcquisition/axis_red_pitaya_adc_0/inst/adc_clk_inst/O
                         net (fo=132, routed)         0.852     1.998    system_i/FrequencyCounter/frequency_counter_0/inst/clk
    SLICE_X38Y33         FDRE                                         r  system_i/FrequencyCounter/frequency_counter_0/inst/clock_counter_reg[2]/C
                         clock pessimism             -0.358     1.640    
    SLICE_X38Y33         FDRE (Hold_fdre_C_D)         0.134     1.774    system_i/FrequencyCounter/frequency_counter_0/inst/clock_counter_reg[2]
  -------------------------------------------------------------------
                         required time                         -1.774    
                         arrival time                           2.036    
  -------------------------------------------------------------------
                         slack                                  0.262    

Slack (MET) :             0.278ns  (arrival time - required time)
  Source:                 system_i/FrequencyCounter/frequency_counter_0/inst/clock_counter_reg[18]/C
                            (rising edge-triggered cell FDRE clocked by adc_clk  {rise@0.000ns fall@4.000ns period=8.000ns})
  Destination:            system_i/FrequencyCounter/frequency_counter_0/inst/clock_counter_reg[18]/D
                            (rising edge-triggered cell FDRE clocked by adc_clk  {rise@0.000ns fall@4.000ns period=8.000ns})
  Path Group:             adc_clk
  Path Type:              Hold (Min at Fast Process Corner)
  Requirement:            0.000ns  (adc_clk rise@0.000ns - adc_clk rise@0.000ns)
  Data Path Delay:        0.412ns  (logic 0.274ns (66.556%)  route 0.138ns (33.444%))
  Logic Levels:           1  (CARRY4=1)
  Clock Path Skew:        0.000ns (DCD - SCD - CPR)
    Destination Clock Delay (DCD):    2.001ns
    Source Clock Delay      (SCD):    1.642ns
    Clock Pessimism Removal (CPR):    0.359ns

    Location             Delay type                Incr(ns)  Path(ns)    Netlist Resource(s)
  -------------------------------------------------------------------    -------------------
                         (clock adc_clk rise edge)    0.000     0.000 r  
    U18                                               0.000     0.000 r  adc_clk_p_i (IN)
                         net (fo=0)                   0.000     0.000    system_i/DataAcquisition/axis_red_pitaya_adc_0/inst/adc_clk_p
    U18                  IBUFDS (Prop_ibufds_I_O)     0.401     0.401 r  system_i/DataAcquisition/axis_red_pitaya_adc_0/inst/adc_clk_inst0/O
                         net (fo=1, routed)           0.627     1.029    system_i/DataAcquisition/axis_red_pitaya_adc_0/inst/int_clk0
    BUFGCTRL_X0Y1        BUFG (Prop_bufg_I_O)         0.027     1.056 r  system_i/DataAcquisition/axis_red_pitaya_adc_0/inst/adc_clk_inst/O
                         net (fo=132, routed)         0.587     1.642    system_i/FrequencyCounter/frequency_counter_0/inst/clk
    SLICE_X38Y37         FDRE                                         r  system_i/FrequencyCounter/frequency_counter_0/inst/clock_counter_reg[18]/C
  -------------------------------------------------------------------    -------------------
    SLICE_X38Y37         FDRE (Prop_fdre_C_Q)         0.164     1.806 r  system_i/FrequencyCounter/frequency_counter_0/inst/clock_counter_reg[18]/Q
                         net (fo=4, routed)           0.138     1.944    system_i/FrequencyCounter/frequency_counter_0/inst/clock_counter[18]
    SLICE_X38Y37         CARRY4 (Prop_carry4_S[2]_O[2])
                                                      0.110     2.054 r  system_i/FrequencyCounter/frequency_counter_0/inst/clock_counter_reg[19]_i_1/O[2]
                         net (fo=1, routed)           0.000     2.054    system_i/FrequencyCounter/frequency_counter_0/inst/clock_counter_reg[19]_i_1_n_5
    SLICE_X38Y37         FDRE                                         r  system_i/FrequencyCounter/frequency_counter_0/inst/clock_counter_reg[18]/D
  -------------------------------------------------------------------    -------------------

                         (clock adc_clk rise edge)    0.000     0.000 r  
    U18                                               0.000     0.000 r  adc_clk_p_i (IN)
                         net (fo=0)                   0.000     0.000    system_i/DataAcquisition/axis_red_pitaya_adc_0/inst/adc_clk_p
    U18                  IBUFDS (Prop_ibufds_I_O)     0.433     0.433 r  system_i/DataAcquisition/axis_red_pitaya_adc_0/inst/adc_clk_inst0/O
                         net (fo=1, routed)           0.683     1.116    system_i/DataAcquisition/axis_red_pitaya_adc_0/inst/int_clk0
    BUFGCTRL_X0Y1        BUFG (Prop_bufg_I_O)         0.030     1.146 r  system_i/DataAcquisition/axis_red_pitaya_adc_0/inst/adc_clk_inst/O
                         net (fo=132, routed)         0.855     2.001    system_i/FrequencyCounter/frequency_counter_0/inst/clk
    SLICE_X38Y37         FDRE                                         r  system_i/FrequencyCounter/frequency_counter_0/inst/clock_counter_reg[18]/C
                         clock pessimism             -0.359     1.642    
    SLICE_X38Y37         FDRE (Hold_fdre_C_D)         0.134     1.776    system_i/FrequencyCounter/frequency_counter_0/inst/clock_counter_reg[18]
  -------------------------------------------------------------------
                         required time                         -1.776    
                         arrival time                           2.054    
  -------------------------------------------------------------------
                         slack                                  0.278    

Slack (MET) :             0.278ns  (arrival time - required time)
  Source:                 system_i/FrequencyCounter/frequency_counter_0/inst/clock_counter_reg[26]/C
                            (rising edge-triggered cell FDRE clocked by adc_clk  {rise@0.000ns fall@4.000ns period=8.000ns})
  Destination:            system_i/FrequencyCounter/frequency_counter_0/inst/clock_counter_reg[26]/D
                            (rising edge-triggered cell FDRE clocked by adc_clk  {rise@0.000ns fall@4.000ns period=8.000ns})
  Path Group:             adc_clk
  Path Type:              Hold (Min at Fast Process Corner)
  Requirement:            0.000ns  (adc_clk rise@0.000ns - adc_clk rise@0.000ns)
  Data Path Delay:        0.412ns  (logic 0.274ns (66.540%)  route 0.138ns (33.460%))
  Logic Levels:           1  (CARRY4=1)
  Clock Path Skew:        0.000ns (DCD - SCD - CPR)
    Destination Clock Delay (DCD):    2.003ns
    Source Clock Delay      (SCD):    1.643ns
    Clock Pessimism Removal (CPR):    0.360ns

    Location             Delay type                Incr(ns)  Path(ns)    Netlist Resource(s)
  -------------------------------------------------------------------    -------------------
                         (clock adc_clk rise edge)    0.000     0.000 r  
    U18                                               0.000     0.000 r  adc_clk_p_i (IN)
                         net (fo=0)                   0.000     0.000    system_i/DataAcquisition/axis_red_pitaya_adc_0/inst/adc_clk_p
    U18                  IBUFDS (Prop_ibufds_I_O)     0.401     0.401 r  system_i/DataAcquisition/axis_red_pitaya_adc_0/inst/adc_clk_inst0/O
                         net (fo=1, routed)           0.627     1.029    system_i/DataAcquisition/axis_red_pitaya_adc_0/inst/int_clk0
    BUFGCTRL_X0Y1        BUFG (Prop_bufg_I_O)         0.027     1.056 r  system_i/DataAcquisition/axis_red_pitaya_adc_0/inst/adc_clk_inst/O
                         net (fo=132, routed)         0.588     1.643    system_i/FrequencyCounter/frequency_counter_0/inst/clk
    SLICE_X38Y39         FDRE                                         r  system_i/FrequencyCounter/frequency_counter_0/inst/clock_counter_reg[26]/C
  -------------------------------------------------------------------    -------------------
    SLICE_X38Y39         FDRE (Prop_fdre_C_Q)         0.164     1.807 r  system_i/FrequencyCounter/frequency_counter_0/inst/clock_counter_reg[26]/Q
                         net (fo=4, routed)           0.138     1.945    system_i/FrequencyCounter/frequency_counter_0/inst/clock_counter[26]
    SLICE_X38Y39         CARRY4 (Prop_carry4_S[2]_O[2])
                                                      0.110     2.055 r  system_i/FrequencyCounter/frequency_counter_0/inst/clock_counter_reg[27]_i_1/O[2]
                         net (fo=1, routed)           0.000     2.055    system_i/FrequencyCounter/frequency_counter_0/inst/clock_counter_reg[27]_i_1_n_5
    SLICE_X38Y39         FDRE                                         r  system_i/FrequencyCounter/frequency_counter_0/inst/clock_counter_reg[26]/D
  -------------------------------------------------------------------    -------------------

                         (clock adc_clk rise edge)    0.000     0.000 r  
    U18                                               0.000     0.000 r  adc_clk_p_i (IN)
                         net (fo=0)                   0.000     0.000    system_i/DataAcquisition/axis_red_pitaya_adc_0/inst/adc_clk_p
    U18                  IBUFDS (Prop_ibufds_I_O)     0.433     0.433 r  system_i/DataAcquisition/axis_red_pitaya_adc_0/inst/adc_clk_inst0/O
                         net (fo=1, routed)           0.683     1.116    system_i/DataAcquisition/axis_red_pitaya_adc_0/inst/int_clk0
    BUFGCTRL_X0Y1        BUFG (Prop_bufg_I_O)         0.030     1.146 r  system_i/DataAcquisition/axis_red_pitaya_adc_0/inst/adc_clk_inst/O
                         net (fo=132, routed)         0.857     2.003    system_i/FrequencyCounter/frequency_counter_0/inst/clk
    SLICE_X38Y39         FDRE                                         r  system_i/FrequencyCounter/frequency_counter_0/inst/clock_counter_reg[26]/C
                         clock pessimism             -0.360     1.643    
    SLICE_X38Y39         FDRE (Hold_fdre_C_D)         0.134     1.777    system_i/FrequencyCounter/frequency_counter_0/inst/clock_counter_reg[26]
  -------------------------------------------------------------------
                         required time                         -1.777    
                         arrival time                           2.055    
  -------------------------------------------------------------------
                         slack                                  0.278    

Slack (MET) :             0.278ns  (arrival time - required time)
  Source:                 system_i/FrequencyCounter/frequency_counter_0/inst/clock_counter_reg[30]/C
                            (rising edge-triggered cell FDRE clocked by adc_clk  {rise@0.000ns fall@4.000ns period=8.000ns})
  Destination:            system_i/FrequencyCounter/frequency_counter_0/inst/clock_counter_reg[30]/D
                            (rising edge-triggered cell FDRE clocked by adc_clk  {rise@0.000ns fall@4.000ns period=8.000ns})
  Path Group:             adc_clk
  Path Type:              Hold (Min at Fast Process Corner)
  Requirement:            0.000ns  (adc_clk rise@0.000ns - adc_clk rise@0.000ns)
  Data Path Delay:        0.412ns  (logic 0.274ns (66.530%)  route 0.138ns (33.470%))
  Logic Levels:           1  (CARRY4=1)
  Clock Path Skew:        0.000ns (DCD - SCD - CPR)
    Destination Clock Delay (DCD):    2.004ns
    Source Clock Delay      (SCD):    1.644ns
    Clock Pessimism Removal (CPR):    0.360ns

    Location             Delay type                Incr(ns)  Path(ns)    Netlist Resource(s)
  -------------------------------------------------------------------    -------------------
                         (clock adc_clk rise edge)    0.000     0.000 r  
    U18                                               0.000     0.000 r  adc_clk_p_i (IN)
                         net (fo=0)                   0.000     0.000    system_i/DataAcquisition/axis_red_pitaya_adc_0/inst/adc_clk_p
    U18                  IBUFDS (Prop_ibufds_I_O)     0.401     0.401 r  system_i/DataAcquisition/axis_red_pitaya_adc_0/inst/adc_clk_inst0/O
                         net (fo=1, routed)           0.627     1.029    system_i/DataAcquisition/axis_red_pitaya_adc_0/inst/int_clk0
    BUFGCTRL_X0Y1        BUFG (Prop_bufg_I_O)         0.027     1.056 r  system_i/DataAcquisition/axis_red_pitaya_adc_0/inst/adc_clk_inst/O
                         net (fo=132, routed)         0.589     1.644    system_i/FrequencyCounter/frequency_counter_0/inst/clk
    SLICE_X38Y40         FDRE                                         r  system_i/FrequencyCounter/frequency_counter_0/inst/clock_counter_reg[30]/C
  -------------------------------------------------------------------    -------------------
    SLICE_X38Y40         FDRE (Prop_fdre_C_Q)         0.164     1.808 r  system_i/FrequencyCounter/frequency_counter_0/inst/clock_counter_reg[30]/Q
                         net (fo=4, routed)           0.138     1.946    system_i/FrequencyCounter/frequency_counter_0/inst/clock_counter[30]
    SLICE_X38Y40         CARRY4 (Prop_carry4_S[2]_O[2])
                                                      0.110     2.056 r  system_i/FrequencyCounter/frequency_counter_0/inst/clock_counter_reg[31]_i_1/O[2]
                         net (fo=1, routed)           0.000     2.056    system_i/FrequencyCounter/frequency_counter_0/inst/clock_counter_reg[31]_i_1_n_5
    SLICE_X38Y40         FDRE                                         r  system_i/FrequencyCounter/frequency_counter_0/inst/clock_counter_reg[30]/D
  -------------------------------------------------------------------    -------------------

                         (clock adc_clk rise edge)    0.000     0.000 r  
    U18                                               0.000     0.000 r  adc_clk_p_i (IN)
                         net (fo=0)                   0.000     0.000    system_i/DataAcquisition/axis_red_pitaya_adc_0/inst/adc_clk_p
    U18                  IBUFDS (Prop_ibufds_I_O)     0.433     0.433 r  system_i/DataAcquisition/axis_red_pitaya_adc_0/inst/adc_clk_inst0/O
                         net (fo=1, routed)           0.683     1.116    system_i/DataAcquisition/axis_red_pitaya_adc_0/inst/int_clk0
    BUFGCTRL_X0Y1        BUFG (Prop_bufg_I_O)         0.030     1.146 r  system_i/DataAcquisition/axis_red_pitaya_adc_0/inst/adc_clk_inst/O
                         net (fo=132, routed)         0.858     2.004    system_i/FrequencyCounter/frequency_counter_0/inst/clk
    SLICE_X38Y40         FDRE                                         r  system_i/FrequencyCounter/frequency_counter_0/inst/clock_counter_reg[30]/C
                         clock pessimism             -0.360     1.644    
    SLICE_X38Y40         FDRE (Hold_fdre_C_D)         0.134     1.778    system_i/FrequencyCounter/frequency_counter_0/inst/clock_counter_reg[30]
  -------------------------------------------------------------------
                         required time                         -1.778    
                         arrival time                           2.056    
  -------------------------------------------------------------------
                         slack                                  0.278    

Slack (MET) :             0.278ns  (arrival time - required time)
  Source:                 system_i/FrequencyCounter/frequency_counter_0/inst/clock_counter_reg[10]/C
                            (rising edge-triggered cell FDRE clocked by adc_clk  {rise@0.000ns fall@4.000ns period=8.000ns})
  Destination:            system_i/FrequencyCounter/frequency_counter_0/inst/clock_counter_reg[10]/D
                            (rising edge-triggered cell FDRE clocked by adc_clk  {rise@0.000ns fall@4.000ns period=8.000ns})
  Path Group:             adc_clk
  Path Type:              Hold (Min at Fast Process Corner)
  Requirement:            0.000ns  (adc_clk rise@0.000ns - adc_clk rise@0.000ns)
  Data Path Delay:        0.412ns  (logic 0.274ns (66.530%)  route 0.138ns (33.470%))
  Logic Levels:           1  (CARRY4=1)
  Clock Path Skew:        0.000ns (DCD - SCD - CPR)
    Destination Clock Delay (DCD):    2.000ns
    Source Clock Delay      (SCD):    1.641ns
    Clock Pessimism Removal (CPR):    0.359ns

    Location             Delay type                Incr(ns)  Path(ns)    Netlist Resource(s)
  -------------------------------------------------------------------    -------------------
                         (clock adc_clk rise edge)    0.000     0.000 r  
    U18                                               0.000     0.000 r  adc_clk_p_i (IN)
                         net (fo=0)                   0.000     0.000    system_i/DataAcquisition/axis_red_pitaya_adc_0/inst/adc_clk_p
    U18                  IBUFDS (Prop_ibufds_I_O)     0.401     0.401 r  system_i/DataAcquisition/axis_red_pitaya_adc_0/inst/adc_clk_inst0/O
                         net (fo=1, routed)           0.627     1.029    system_i/DataAcquisition/axis_red_pitaya_adc_0/inst/int_clk0
    BUFGCTRL_X0Y1        BUFG (Prop_bufg_I_O)         0.027     1.056 r  system_i/DataAcquisition/axis_red_pitaya_adc_0/inst/adc_clk_inst/O
                         net (fo=132, routed)         0.586     1.641    system_i/FrequencyCounter/frequency_counter_0/inst/clk
    SLICE_X38Y35         FDRE                                         r  system_i/FrequencyCounter/frequency_counter_0/inst/clock_counter_reg[10]/C
  -------------------------------------------------------------------    -------------------
    SLICE_X38Y35         FDRE (Prop_fdre_C_Q)         0.164     1.805 r  system_i/FrequencyCounter/frequency_counter_0/inst/clock_counter_reg[10]/Q
                         net (fo=4, routed)           0.138     1.943    system_i/FrequencyCounter/frequency_counter_0/inst/clock_counter[10]
    SLICE_X38Y35         CARRY4 (Prop_carry4_S[2]_O[2])
                                                      0.110     2.053 r  system_i/FrequencyCounter/frequency_counter_0/inst/clock_counter_reg[11]_i_1/O[2]
                         net (fo=1, routed)           0.000     2.053    system_i/FrequencyCounter/frequency_counter_0/inst/clock_counter_reg[11]_i_1_n_5
    SLICE_X38Y35         FDRE                                         r  system_i/FrequencyCounter/frequency_counter_0/inst/clock_counter_reg[10]/D
  -------------------------------------------------------------------    -------------------

                         (clock adc_clk rise edge)    0.000     0.000 r  
    U18                                               0.000     0.000 r  adc_clk_p_i (IN)
                         net (fo=0)                   0.000     0.000    system_i/DataAcquisition/axis_red_pitaya_adc_0/inst/adc_clk_p
    U18                  IBUFDS (Prop_ibufds_I_O)     0.433     0.433 r  system_i/DataAcquisition/axis_red_pitaya_adc_0/inst/adc_clk_inst0/O
                         net (fo=1, routed)           0.683     1.116    system_i/DataAcquisition/axis_red_pitaya_adc_0/inst/int_clk0
    BUFGCTRL_X0Y1        BUFG (Prop_bufg_I_O)         0.030     1.146 r  system_i/DataAcquisition/axis_red_pitaya_adc_0/inst/adc_clk_inst/O
                         net (fo=132, routed)         0.854     2.000    system_i/FrequencyCounter/frequency_counter_0/inst/clk
    SLICE_X38Y35         FDRE                                         r  system_i/FrequencyCounter/frequency_counter_0/inst/clock_counter_reg[10]/C
                         clock pessimism             -0.359     1.641    
    SLICE_X38Y35         FDRE (Hold_fdre_C_D)         0.134     1.775    system_i/FrequencyCounter/frequency_counter_0/inst/clock_counter_reg[10]
  -------------------------------------------------------------------
                         required time                         -1.775    
                         arrival time                           2.053    
  -------------------------------------------------------------------
                         slack                                  0.278    

Slack (MET) :             0.278ns  (arrival time - required time)
  Source:                 system_i/FrequencyCounter/frequency_counter_0/inst/clock_counter_reg[14]/C
                            (rising edge-triggered cell FDRE clocked by adc_clk  {rise@0.000ns fall@4.000ns period=8.000ns})
  Destination:            system_i/FrequencyCounter/frequency_counter_0/inst/clock_counter_reg[14]/D
                            (rising edge-triggered cell FDRE clocked by adc_clk  {rise@0.000ns fall@4.000ns period=8.000ns})
  Path Group:             adc_clk
  Path Type:              Hold (Min at Fast Process Corner)
  Requirement:            0.000ns  (adc_clk rise@0.000ns - adc_clk rise@0.000ns)
  Data Path Delay:        0.412ns  (logic 0.274ns (66.530%)  route 0.138ns (33.470%))
  Logic Levels:           1  (CARRY4=1)
  Clock Path Skew:        0.000ns (DCD - SCD - CPR)
    Destination Clock Delay (DCD):    2.000ns
    Source Clock Delay      (SCD):    1.641ns
    Clock Pessimism Removal (CPR):    0.359ns

    Location             Delay type                Incr(ns)  Path(ns)    Netlist Resource(s)
  -------------------------------------------------------------------    -------------------
                         (clock adc_clk rise edge)    0.000     0.000 r  
    U18                                               0.000     0.000 r  adc_clk_p_i (IN)
                         net (fo=0)                   0.000     0.000    system_i/DataAcquisition/axis_red_pitaya_adc_0/inst/adc_clk_p
    U18                  IBUFDS (Prop_ibufds_I_O)     0.401     0.401 r  system_i/DataAcquisition/axis_red_pitaya_adc_0/inst/adc_clk_inst0/O
                         net (fo=1, routed)           0.627     1.029    system_i/DataAcquisition/axis_red_pitaya_adc_0/inst/int_clk0
    BUFGCTRL_X0Y1        BUFG (Prop_bufg_I_O)         0.027     1.056 r  system_i/DataAcquisition/axis_red_pitaya_adc_0/inst/adc_clk_inst/O
                         net (fo=132, routed)         0.586     1.641    system_i/FrequencyCounter/frequency_counter_0/inst/clk
    SLICE_X38Y36         FDRE                                         r  system_i/FrequencyCounter/frequency_counter_0/inst/clock_counter_reg[14]/C
  -------------------------------------------------------------------    -------------------
    SLICE_X38Y36         FDRE (Prop_fdre_C_Q)         0.164     1.805 r  system_i/FrequencyCounter/frequency_counter_0/inst/clock_counter_reg[14]/Q
                         net (fo=4, routed)           0.138     1.943    system_i/FrequencyCounter/frequency_counter_0/inst/clock_counter[14]
    SLICE_X38Y36         CARRY4 (Prop_carry4_S[2]_O[2])
                                                      0.110     2.053 r  system_i/FrequencyCounter/frequency_counter_0/inst/clock_counter_reg[15]_i_1/O[2]
                         net (fo=1, routed)           0.000     2.053    system_i/FrequencyCounter/frequency_counter_0/inst/clock_counter_reg[15]_i_1_n_5
    SLICE_X38Y36         FDRE                                         r  system_i/FrequencyCounter/frequency_counter_0/inst/clock_counter_reg[14]/D
  -------------------------------------------------------------------    -------------------

                         (clock adc_clk rise edge)    0.000     0.000 r  
    U18                                               0.000     0.000 r  adc_clk_p_i (IN)
                         net (fo=0)                   0.000     0.000    system_i/DataAcquisition/axis_red_pitaya_adc_0/inst/adc_clk_p
    U18                  IBUFDS (Prop_ibufds_I_O)     0.433     0.433 r  system_i/DataAcquisition/axis_red_pitaya_adc_0/inst/adc_clk_inst0/O
                         net (fo=1, routed)           0.683     1.116    system_i/DataAcquisition/axis_red_pitaya_adc_0/inst/int_clk0
    BUFGCTRL_X0Y1        BUFG (Prop_bufg_I_O)         0.030     1.146 r  system_i/DataAcquisition/axis_red_pitaya_adc_0/inst/adc_clk_inst/O
                         net (fo=132, routed)         0.854     2.000    system_i/FrequencyCounter/frequency_counter_0/inst/clk
    SLICE_X38Y36         FDRE                                         r  system_i/FrequencyCounter/frequency_counter_0/inst/clock_counter_reg[14]/C
                         clock pessimism             -0.359     1.641    
    SLICE_X38Y36         FDRE (Hold_fdre_C_D)         0.134     1.775    system_i/FrequencyCounter/frequency_counter_0/inst/clock_counter_reg[14]
  -------------------------------------------------------------------
                         required time                         -1.775    
                         arrival time                           2.053    
  -------------------------------------------------------------------
                         slack                                  0.278    

Slack (MET) :             0.278ns  (arrival time - required time)
  Source:                 system_i/FrequencyCounter/frequency_counter_0/inst/clock_counter_reg[22]/C
                            (rising edge-triggered cell FDRE clocked by adc_clk  {rise@0.000ns fall@4.000ns period=8.000ns})
  Destination:            system_i/FrequencyCounter/frequency_counter_0/inst/clock_counter_reg[22]/D
                            (rising edge-triggered cell FDRE clocked by adc_clk  {rise@0.000ns fall@4.000ns period=8.000ns})
  Path Group:             adc_clk
  Path Type:              Hold (Min at Fast Process Corner)
  Requirement:            0.000ns  (adc_clk rise@0.000ns - adc_clk rise@0.000ns)
  Data Path Delay:        0.412ns  (logic 0.274ns (66.530%)  route 0.138ns (33.470%))
  Logic Levels:           1  (CARRY4=1)
  Clock Path Skew:        0.000ns (DCD - SCD - CPR)
    Destination Clock Delay (DCD):    2.003ns
    Source Clock Delay      (SCD):    1.643ns
    Clock Pessimism Removal (CPR):    0.360ns

    Location             Delay type                Incr(ns)  Path(ns)    Netlist Resource(s)
  -------------------------------------------------------------------    -------------------
                         (clock adc_clk rise edge)    0.000     0.000 r  
    U18                                               0.000     0.000 r  adc_clk_p_i (IN)
                         net (fo=0)                   0.000     0.000    system_i/DataAcquisition/axis_red_pitaya_adc_0/inst/adc_clk_p
    U18                  IBUFDS (Prop_ibufds_I_O)     0.401     0.401 r  system_i/DataAcquisition/axis_red_pitaya_adc_0/inst/adc_clk_inst0/O
                         net (fo=1, routed)           0.627     1.029    system_i/DataAcquisition/axis_red_pitaya_adc_0/inst/int_clk0
    BUFGCTRL_X0Y1        BUFG (Prop_bufg_I_O)         0.027     1.056 r  system_i/DataAcquisition/axis_red_pitaya_adc_0/inst/adc_clk_inst/O
                         net (fo=132, routed)         0.588     1.643    system_i/FrequencyCounter/frequency_counter_0/inst/clk
    SLICE_X38Y38         FDRE                                         r  system_i/FrequencyCounter/frequency_counter_0/inst/clock_counter_reg[22]/C
  -------------------------------------------------------------------    -------------------
    SLICE_X38Y38         FDRE (Prop_fdre_C_Q)         0.164     1.807 r  system_i/FrequencyCounter/frequency_counter_0/inst/clock_counter_reg[22]/Q
                         net (fo=4, routed)           0.138     1.945    system_i/FrequencyCounter/frequency_counter_0/inst/clock_counter[22]
    SLICE_X38Y38         CARRY4 (Prop_carry4_S[2]_O[2])
                                                      0.110     2.055 r  system_i/FrequencyCounter/frequency_counter_0/inst/clock_counter_reg[23]_i_1/O[2]
                         net (fo=1, routed)           0.000     2.055    system_i/FrequencyCounter/frequency_counter_0/inst/clock_counter_reg[23]_i_1_n_5
    SLICE_X38Y38         FDRE                                         r  system_i/FrequencyCounter/frequency_counter_0/inst/clock_counter_reg[22]/D
  -------------------------------------------------------------------    -------------------

                         (clock adc_clk rise edge)    0.000     0.000 r  
    U18                                               0.000     0.000 r  adc_clk_p_i (IN)
                         net (fo=0)                   0.000     0.000    system_i/DataAcquisition/axis_red_pitaya_adc_0/inst/adc_clk_p
    U18                  IBUFDS (Prop_ibufds_I_O)     0.433     0.433 r  system_i/DataAcquisition/axis_red_pitaya_adc_0/inst/adc_clk_inst0/O
                         net (fo=1, routed)           0.683     1.116    system_i/DataAcquisition/axis_red_pitaya_adc_0/inst/int_clk0
    BUFGCTRL_X0Y1        BUFG (Prop_bufg_I_O)         0.030     1.146 r  system_i/DataAcquisition/axis_red_pitaya_adc_0/inst/adc_clk_inst/O
                         net (fo=132, routed)         0.857     2.003    system_i/FrequencyCounter/frequency_counter_0/inst/clk
    SLICE_X38Y38         FDRE                                         r  system_i/FrequencyCounter/frequency_counter_0/inst/clock_counter_reg[22]/C
                         clock pessimism             -0.360     1.643    
    SLICE_X38Y38         FDRE (Hold_fdre_C_D)         0.134     1.777    system_i/FrequencyCounter/frequency_counter_0/inst/clock_counter_reg[22]
  -------------------------------------------------------------------
                         required time                         -1.777    
                         arrival time                           2.055    
  -------------------------------------------------------------------
                         slack                                  0.278    

Slack (MET) :             0.278ns  (arrival time - required time)
  Source:                 system_i/FrequencyCounter/frequency_counter_0/inst/clock_counter_reg[6]/C
                            (rising edge-triggered cell FDRE clocked by adc_clk  {rise@0.000ns fall@4.000ns period=8.000ns})
  Destination:            system_i/FrequencyCounter/frequency_counter_0/inst/clock_counter_reg[6]/D
                            (rising edge-triggered cell FDRE clocked by adc_clk  {rise@0.000ns fall@4.000ns period=8.000ns})
  Path Group:             adc_clk
  Path Type:              Hold (Min at Fast Process Corner)
  Requirement:            0.000ns  (adc_clk rise@0.000ns - adc_clk rise@0.000ns)
  Data Path Delay:        0.412ns  (logic 0.274ns (66.530%)  route 0.138ns (33.470%))
  Logic Levels:           1  (CARRY4=1)
  Clock Path Skew:        0.000ns (DCD - SCD - CPR)
    Destination Clock Delay (DCD):    1.999ns
    Source Clock Delay      (SCD):    1.641ns
    Clock Pessimism Removal (CPR):    0.358ns

    Location             Delay type                Incr(ns)  Path(ns)    Netlist Resource(s)
  -------------------------------------------------------------------    -------------------
                         (clock adc_clk rise edge)    0.000     0.000 r  
    U18                                               0.000     0.000 r  adc_clk_p_i (IN)
                         net (fo=0)                   0.000     0.000    system_i/DataAcquisition/axis_red_pitaya_adc_0/inst/adc_clk_p
    U18                  IBUFDS (Prop_ibufds_I_O)     0.401     0.401 r  system_i/DataAcquisition/axis_red_pitaya_adc_0/inst/adc_clk_inst0/O
                         net (fo=1, routed)           0.627     1.029    system_i/DataAcquisition/axis_red_pitaya_adc_0/inst/int_clk0
    BUFGCTRL_X0Y1        BUFG (Prop_bufg_I_O)         0.027     1.056 r  system_i/DataAcquisition/axis_red_pitaya_adc_0/inst/adc_clk_inst/O
                         net (fo=132, routed)         0.586     1.641    system_i/FrequencyCounter/frequency_counter_0/inst/clk
    SLICE_X38Y34         FDRE                                         r  system_i/FrequencyCounter/frequency_counter_0/inst/clock_counter_reg[6]/C
  -------------------------------------------------------------------    -------------------
    SLICE_X38Y34         FDRE (Prop_fdre_C_Q)         0.164     1.805 r  system_i/FrequencyCounter/frequency_counter_0/inst/clock_counter_reg[6]/Q
                         net (fo=4, routed)           0.138     1.943    system_i/FrequencyCounter/frequency_counter_0/inst/clock_counter[6]
    SLICE_X38Y34         CARRY4 (Prop_carry4_S[2]_O[2])
                                                      0.110     2.053 r  system_i/FrequencyCounter/frequency_counter_0/inst/clock_counter_reg[7]_i_1/O[2]
                         net (fo=1, routed)           0.000     2.053    system_i/FrequencyCounter/frequency_counter_0/inst/clock_counter_reg[7]_i_1_n_5
    SLICE_X38Y34         FDRE                                         r  system_i/FrequencyCounter/frequency_counter_0/inst/clock_counter_reg[6]/D
  -------------------------------------------------------------------    -------------------

                         (clock adc_clk rise edge)    0.000     0.000 r  
    U18                                               0.000     0.000 r  adc_clk_p_i (IN)
                         net (fo=0)                   0.000     0.000    system_i/DataAcquisition/axis_red_pitaya_adc_0/inst/adc_clk_p
    U18                  IBUFDS (Prop_ibufds_I_O)     0.433     0.433 r  system_i/DataAcquisition/axis_red_pitaya_adc_0/inst/adc_clk_inst0/O
                         net (fo=1, routed)           0.683     1.116    system_i/DataAcquisition/axis_red_pitaya_adc_0/inst/int_clk0
    BUFGCTRL_X0Y1        BUFG (Prop_bufg_I_O)         0.030     1.146 r  system_i/DataAcquisition/axis_red_pitaya_adc_0/inst/adc_clk_inst/O
                         net (fo=132, routed)         0.853     1.999    system_i/FrequencyCounter/frequency_counter_0/inst/clk
    SLICE_X38Y34         FDRE                                         r  system_i/FrequencyCounter/frequency_counter_0/inst/clock_counter_reg[6]/C
                         clock pessimism             -0.358     1.641    
    SLICE_X38Y34         FDRE (Hold_fdre_C_D)         0.134     1.775    system_i/FrequencyCounter/frequency_counter_0/inst/clock_counter_reg[6]
  -------------------------------------------------------------------
                         required time                         -1.775    
                         arrival time                           2.053    
  -------------------------------------------------------------------
                         slack                                  0.278    





Pulse Width Checks
--------------------------------------------------------------------------------------
Clock Name:         adc_clk
Waveform(ns):       { 0.000 4.000 }
Period(ns):         8.000
Sources:            { adc_clk_p_i }

Check Type        Corner  Lib Pin  Reference Pin  Required(ns)  Actual(ns)  Slack(ns)  Location       Pin
Min Period        n/a     BUFG/I   n/a            2.155         8.000       5.845      BUFGCTRL_X0Y1  system_i/DataAcquisition/axis_red_pitaya_adc_0/inst/adc_clk_inst/I
Min Period        n/a     FDRE/C   n/a            1.474         8.000       6.526      ILOGIC_X0Y35   system_i/DataAcquisition/axis_red_pitaya_adc_0/inst/int_dat_a_reg_reg[0]/C
Min Period        n/a     FDRE/C   n/a            1.474         8.000       6.526      ILOGIC_X0Y39   system_i/DataAcquisition/axis_red_pitaya_adc_0/inst/int_dat_a_reg_reg[10]/C
Min Period        n/a     FDRE/C   n/a            1.474         8.000       6.526      ILOGIC_X0Y30   system_i/DataAcquisition/axis_red_pitaya_adc_0/inst/int_dat_a_reg_reg[11]/C
Min Period        n/a     FDRE/C   n/a            1.474         8.000       6.526      ILOGIC_X0Y32   system_i/DataAcquisition/axis_red_pitaya_adc_0/inst/int_dat_a_reg_reg[12]/C
Min Period        n/a     FDRE/C   n/a            1.474         8.000       6.526      ILOGIC_X0Y14   system_i/DataAcquisition/axis_red_pitaya_adc_0/inst/int_dat_a_reg_reg[13]/C
Min Period        n/a     FDRE/C   n/a            1.474         8.000       6.526      ILOGIC_X0Y13   system_i/DataAcquisition/axis_red_pitaya_adc_0/inst/int_dat_a_reg_reg[1]/C
Min Period        n/a     FDRE/C   n/a            1.474         8.000       6.526      ILOGIC_X0Y36   system_i/DataAcquisition/axis_red_pitaya_adc_0/inst/int_dat_a_reg_reg[2]/C
Min Period        n/a     FDRE/C   n/a            1.474         8.000       6.526      ILOGIC_X0Y29   system_i/DataAcquisition/axis_red_pitaya_adc_0/inst/int_dat_a_reg_reg[3]/C
Min Period        n/a     FDRE/C   n/a            1.474         8.000       6.526      ILOGIC_X0Y34   system_i/DataAcquisition/axis_red_pitaya_adc_0/inst/int_dat_a_reg_reg[4]/C
Low Pulse Width   Slow    FDRE/C   n/a            0.500         4.000       3.500      SLICE_X43Y31   system_i/FrequencyCounter/frequency_counter_0/inst/counter_output_reg[5]_replica/C
Low Pulse Width   Fast    FDRE/C   n/a            0.500         4.000       3.500      SLICE_X43Y34   system_i/FrequencyCounter/frequency_counter_0/inst/counter_output_reg[17]/C
Low Pulse Width   Fast    FDRE/C   n/a            0.500         4.000       3.500      SLICE_X40Y34   system_i/FrequencyCounter/frequency_counter_0/inst/counter_output_reg[18]/C
Low Pulse Width   Fast    FDRE/C   n/a            0.500         4.000       3.500      SLICE_X43Y34   system_i/FrequencyCounter/frequency_counter_0/inst/counter_output_reg[19]/C
Low Pulse Width   Fast    FDRE/C   n/a            0.500         4.000       3.500      SLICE_X40Y34   system_i/FrequencyCounter/frequency_counter_0/inst/counter_output_reg[20]/C
Low Pulse Width   Fast    FDRE/C   n/a            0.500         4.000       3.500      SLICE_X43Y35   system_i/FrequencyCounter/frequency_counter_0/inst/counter_output_reg[21]/C
Low Pulse Width   Fast    FDRE/C   n/a            0.500         4.000       3.500      SLICE_X40Y35   system_i/FrequencyCounter/frequency_counter_0/inst/counter_output_reg[22]/C
Low Pulse Width   Fast    FDRE/C   n/a            0.500         4.000       3.500      SLICE_X43Y35   system_i/FrequencyCounter/frequency_counter_0/inst/counter_output_reg[23]/C
Low Pulse Width   Fast    FDRE/C   n/a            0.500         4.000       3.500      SLICE_X40Y35   system_i/FrequencyCounter/frequency_counter_0/inst/counter_output_reg[24]/C
Low Pulse Width   Fast    FDRE/C   n/a            0.500         4.000       3.500      SLICE_X40Y36   system_i/FrequencyCounter/frequency_counter_0/inst/counter_output_reg[25]/C
High Pulse Width  Slow    FDRE/C   n/a            0.500         4.000       3.500      SLICE_X36Y43   system_i/FrequencyCounter/frequency_counter_0/inst/data_access_reg[8]/C
High Pulse Width  Fast    FDRE/C   n/a            0.500         4.000       3.500      SLICE_X43Y31   system_i/FrequencyCounter/frequency_counter_0/inst/counter_output_reg[5]_replica/C
High Pulse Width  Fast    FDRE/C   n/a            0.500         4.000       3.500      SLICE_X43Y30   system_i/FrequencyCounter/frequency_counter_0/inst/counter_output_reg[0]/C
High Pulse Width  Slow    FDRE/C   n/a            0.500         4.000       3.500      SLICE_X43Y32   system_i/FrequencyCounter/frequency_counter_0/inst/counter_output_reg[10]/C
High Pulse Width  Slow    FDRE/C   n/a            0.500         4.000       3.500      SLICE_X43Y32   system_i/FrequencyCounter/frequency_counter_0/inst/counter_output_reg[11]/C
High Pulse Width  Slow    FDRE/C   n/a            0.500         4.000       3.500      SLICE_X43Y32   system_i/FrequencyCounter/frequency_counter_0/inst/counter_output_reg[12]/C
High Pulse Width  Slow    FDRE/C   n/a            0.500         4.000       3.500      SLICE_X43Y33   system_i/FrequencyCounter/frequency_counter_0/inst/counter_output_reg[13]/C
High Pulse Width  Slow    FDRE/C   n/a            0.500         4.000       3.500      SLICE_X40Y33   system_i/FrequencyCounter/frequency_counter_0/inst/counter_output_reg[14]/C
High Pulse Width  Slow    FDRE/C   n/a            0.500         4.000       3.500      SLICE_X43Y33   system_i/FrequencyCounter/frequency_counter_0/inst/counter_output_reg[15]/C
High Pulse Width  Slow    FDRE/C   n/a            0.500         4.000       3.500      SLICE_X40Y33   system_i/FrequencyCounter/frequency_counter_0/inst/counter_output_reg[16]/C



---------------------------------------------------------------------------------------------------
From Clock:  clk_fpga_0
  To Clock:  clk_fpga_0

Setup :            0  Failing Endpoints,  Worst Slack        0.257ns,  Total Violation        0.000ns
Hold  :            0  Failing Endpoints,  Worst Slack        0.021ns,  Total Violation        0.000ns
PW    :            0  Failing Endpoints,  Worst Slack        3.020ns,  Total Violation        0.000ns
---------------------------------------------------------------------------------------------------


Max Delay Paths
--------------------------------------------------------------------------------------
Slack (MET) :             0.257ns  (required time - arrival time)
  Source:                 system_i/PS7/processing_system7_0/inst/PS7_i/MAXIGP0ACLK
                            (rising edge-triggered cell PS7 clocked by clk_fpga_0  {rise@0.000ns fall@4.000ns period=8.000ns})
  Destination:            system_i/PS7/ps7_0_axi_periph/xbar/inst/gen_samd.crossbar_samd/gen_slave_slots[0].gen_si_read.si_transactor_ar/gen_multi_thread.active_cnt_reg[19]/D
                            (rising edge-triggered cell FDRE clocked by clk_fpga_0  {rise@0.000ns fall@4.000ns period=8.000ns})
  Path Group:             clk_fpga_0
  Path Type:              Setup (Max at Slow Process Corner)
  Requirement:            8.000ns  (clk_fpga_0 rise@8.000ns - clk_fpga_0 rise@0.000ns)
  Data Path Delay:        7.442ns  (logic 2.602ns (34.963%)  route 4.840ns (65.037%))
  Logic Levels:           6  (CARRY4=1 LUT5=2 LUT6=3)
  Clock Path Skew:        -0.148ns (DCD - SCD + CPR)
    Destination Clock Delay (DCD):    2.694ns = ( 10.694 - 8.000 ) 
    Source Clock Delay      (SCD):    3.073ns
    Clock Pessimism Removal (CPR):    0.230ns
  Clock Uncertainty:      0.125ns  ((TSJ^2 + TIJ^2)^1/2 + DJ) / 2 + PE
    Total System Jitter     (TSJ):    0.071ns
    Total Input Jitter      (TIJ):    0.240ns
    Discrete Jitter          (DJ):    0.000ns
    Phase Error              (PE):    0.000ns

    Location             Delay type                Incr(ns)  Path(ns)    Netlist Resource(s)
  -------------------------------------------------------------------    -------------------
                         (clock clk_fpga_0 rise edge)
                                                      0.000     0.000 r  
    PS7_X0Y0             PS7                          0.000     0.000 r  system_i/PS7/processing_system7_0/inst/PS7_i/FCLKCLK[0]
                         net (fo=1, routed)           1.207     1.207    system_i/PS7/processing_system7_0/inst/FCLK_CLK_unbuffered[0]
    BUFGCTRL_X0Y0        BUFG (Prop_bufg_I_O)         0.101     1.308 r  system_i/PS7/processing_system7_0/inst/buffer_fclk_clk_0.FCLK_CLK_0_BUFG/O
                         net (fo=1567, routed)        1.765     3.073    system_i/PS7/processing_system7_0/inst/M_AXI_GP0_ACLK
    PS7_X0Y0             PS7                                          r  system_i/PS7/processing_system7_0/inst/PS7_i/MAXIGP0ACLK
  -------------------------------------------------------------------    -------------------
    PS7_X0Y0             PS7 (Prop_ps7_MAXIGP0ACLK_MAXIGP0ARID[1])
                                                      1.450     4.523 r  system_i/PS7/processing_system7_0/inst/PS7_i/MAXIGP0ARID[1]
                         net (fo=17, routed)          1.483     6.006    system_i/PS7/ps7_0_axi_periph/xbar/inst/gen_samd.crossbar_samd/gen_slave_slots[0].gen_si_read.si_transactor_ar/s_axi_arid[1]
    SLICE_X3Y33          LUT6 (Prop_lut6_I1_O)        0.124     6.130 r  system_i/PS7/ps7_0_axi_periph/xbar/inst/gen_samd.crossbar_samd/gen_slave_slots[0].gen_si_read.si_transactor_ar/gen_multi_thread.aid_match_30_carry_i_4/O
                         net (fo=1, routed)           0.000     6.130    system_i/PS7/ps7_0_axi_periph/xbar/inst/gen_samd.crossbar_samd/gen_slave_slots[0].gen_si_read.si_transactor_ar/gen_multi_thread.aid_match_30_carry_i_4_n_0
    SLICE_X3Y33          CARRY4 (Prop_carry4_S[0]_CO[3])
                                                      0.532     6.662 f  system_i/PS7/ps7_0_axi_periph/xbar/inst/gen_samd.crossbar_samd/gen_slave_slots[0].gen_si_read.si_transactor_ar/gen_multi_thread.aid_match_30_carry/CO[3]
                         net (fo=3, routed)           1.012     7.674    system_i/PS7/ps7_0_axi_periph/xbar/inst/gen_samd.crossbar_samd/gen_slave_slots[0].gen_si_read.si_transactor_ar/gen_multi_thread.aid_match_30
    SLICE_X3Y38          LUT5 (Prop_lut5_I0_O)        0.124     7.798 f  system_i/PS7/ps7_0_axi_periph/xbar/inst/gen_samd.crossbar_samd/gen_slave_slots[0].gen_si_read.si_transactor_ar/gen_no_arbiter.s_ready_i[0]_i_12/O
                         net (fo=2, routed)           0.677     8.474    system_i/PS7/ps7_0_axi_periph/xbar/inst/gen_samd.crossbar_samd/gen_slave_slots[0].gen_si_read.si_transactor_ar/gen_no_arbiter.s_ready_i[0]_i_12_n_0
    SLICE_X3Y38          LUT6 (Prop_lut6_I4_O)        0.124     8.598 f  system_i/PS7/ps7_0_axi_periph/xbar/inst/gen_samd.crossbar_samd/gen_slave_slots[0].gen_si_read.si_transactor_ar/gen_multi_thread.active_target[57]_i_5__0/O
                         net (fo=8, routed)           0.602     9.200    system_i/PS7/ps7_0_axi_periph/xbar/inst/gen_samd.crossbar_samd/gen_slave_slots[0].gen_si_read.si_transactor_ar/gen_multi_thread.active_target[57]_i_5__0_n_0
    SLICE_X6Y39          LUT6 (Prop_lut6_I1_O)        0.124     9.324 r  system_i/PS7/ps7_0_axi_periph/xbar/inst/gen_samd.crossbar_samd/gen_slave_slots[0].gen_si_read.si_transactor_ar/gen_multi_thread.active_target[17]_i_1__0/O
                         net (fo=17, routed)          0.737    10.061    system_i/PS7/ps7_0_axi_periph/xbar/inst/gen_samd.crossbar_samd/gen_slave_slots[0].gen_si_read.si_transactor_ar/gen_multi_thread.cmd_push_2
    SLICE_X7Y37          LUT5 (Prop_lut5_I4_O)        0.124    10.185 r  system_i/PS7/ps7_0_axi_periph/xbar/inst/gen_samd.crossbar_samd/gen_slave_slots[0].gen_si_read.si_transactor_ar/gen_multi_thread.active_cnt[19]_i_2__0/O
                         net (fo=1, routed)           0.330    10.515    system_i/PS7/ps7_0_axi_periph/xbar/inst/gen_samd.crossbar_samd/gen_slave_slots[0].gen_si_read.si_transactor_ar/gen_multi_thread.active_cnt[19]_i_2__0_n_0
    SLICE_X6Y37          FDRE                                         r  system_i/PS7/ps7_0_axi_periph/xbar/inst/gen_samd.crossbar_samd/gen_slave_slots[0].gen_si_read.si_transactor_ar/gen_multi_thread.active_cnt_reg[19]/D
  -------------------------------------------------------------------    -------------------

                         (clock clk_fpga_0 rise edge)
                                                      8.000     8.000 r  
    PS7_X0Y0             PS7                          0.000     8.000 r  system_i/PS7/processing_system7_0/inst/PS7_i/FCLKCLK[0]
                         net (fo=1, routed)           1.101     9.101    system_i/PS7/processing_system7_0/inst/FCLK_CLK_unbuffered[0]
    BUFGCTRL_X0Y0        BUFG (Prop_bufg_I_O)         0.091     9.192 r  system_i/PS7/processing_system7_0/inst/buffer_fclk_clk_0.FCLK_CLK_0_BUFG/O
                         net (fo=1567, routed)        1.502    10.694    system_i/PS7/ps7_0_axi_periph/xbar/inst/gen_samd.crossbar_samd/gen_slave_slots[0].gen_si_read.si_transactor_ar/aclk
    SLICE_X6Y37          FDRE                                         r  system_i/PS7/ps7_0_axi_periph/xbar/inst/gen_samd.crossbar_samd/gen_slave_slots[0].gen_si_read.si_transactor_ar/gen_multi_thread.active_cnt_reg[19]/C
                         clock pessimism              0.230    10.925    
                         clock uncertainty           -0.125    10.800    
    SLICE_X6Y37          FDRE (Setup_fdre_C_D)       -0.028    10.772    system_i/PS7/ps7_0_axi_periph/xbar/inst/gen_samd.crossbar_samd/gen_slave_slots[0].gen_si_read.si_transactor_ar/gen_multi_thread.active_cnt_reg[19]
  -------------------------------------------------------------------
                         required time                         10.772    
                         arrival time                         -10.515    
  -------------------------------------------------------------------
                         slack                                  0.257    

Slack (MET) :             0.322ns  (required time - arrival time)
  Source:                 system_i/PS7/processing_system7_0/inst/PS7_i/MAXIGP0ACLK
                            (rising edge-triggered cell PS7 clocked by clk_fpga_0  {rise@0.000ns fall@4.000ns period=8.000ns})
  Destination:            system_i/PS7/ps7_0_axi_periph/xbar/inst/gen_samd.crossbar_samd/gen_slave_slots[0].gen_si_read.si_transactor_ar/gen_multi_thread.active_cnt_reg[24]/CE
                            (rising edge-triggered cell FDRE clocked by clk_fpga_0  {rise@0.000ns fall@4.000ns period=8.000ns})
  Path Group:             clk_fpga_0
  Path Type:              Setup (Max at Slow Process Corner)
  Requirement:            8.000ns  (clk_fpga_0 rise@8.000ns - clk_fpga_0 rise@0.000ns)
  Data Path Delay:        7.243ns  (logic 2.602ns (35.925%)  route 4.641ns (64.075%))
  Logic Levels:           6  (CARRY4=1 LUT4=1 LUT5=2 LUT6=2)
  Clock Path Skew:        -0.105ns (DCD - SCD + CPR)
    Destination Clock Delay (DCD):    2.737ns = ( 10.738 - 8.000 ) 
    Source Clock Delay      (SCD):    3.073ns
    Clock Pessimism Removal (CPR):    0.230ns
  Clock Uncertainty:      0.125ns  ((TSJ^2 + TIJ^2)^1/2 + DJ) / 2 + PE
    Total System Jitter     (TSJ):    0.071ns
    Total Input Jitter      (TIJ):    0.240ns
    Discrete Jitter          (DJ):    0.000ns
    Phase Error              (PE):    0.000ns

    Location             Delay type                Incr(ns)  Path(ns)    Netlist Resource(s)
  -------------------------------------------------------------------    -------------------
                         (clock clk_fpga_0 rise edge)
                                                      0.000     0.000 r  
    PS7_X0Y0             PS7                          0.000     0.000 r  system_i/PS7/processing_system7_0/inst/PS7_i/FCLKCLK[0]
                         net (fo=1, routed)           1.207     1.207    system_i/PS7/processing_system7_0/inst/FCLK_CLK_unbuffered[0]
    BUFGCTRL_X0Y0        BUFG (Prop_bufg_I_O)         0.101     1.308 r  system_i/PS7/processing_system7_0/inst/buffer_fclk_clk_0.FCLK_CLK_0_BUFG/O
                         net (fo=1567, routed)        1.765     3.073    system_i/PS7/processing_system7_0/inst/M_AXI_GP0_ACLK
    PS7_X0Y0             PS7                                          r  system_i/PS7/processing_system7_0/inst/PS7_i/MAXIGP0ACLK
  -------------------------------------------------------------------    -------------------
    PS7_X0Y0             PS7 (Prop_ps7_MAXIGP0ACLK_MAXIGP0ARID[1])
                                                      1.450     4.523 r  system_i/PS7/processing_system7_0/inst/PS7_i/MAXIGP0ARID[1]
                         net (fo=17, routed)          1.483     6.006    system_i/PS7/ps7_0_axi_periph/xbar/inst/gen_samd.crossbar_samd/gen_slave_slots[0].gen_si_read.si_transactor_ar/s_axi_arid[1]
    SLICE_X3Y33          LUT6 (Prop_lut6_I1_O)        0.124     6.130 r  system_i/PS7/ps7_0_axi_periph/xbar/inst/gen_samd.crossbar_samd/gen_slave_slots[0].gen_si_read.si_transactor_ar/gen_multi_thread.aid_match_30_carry_i_4/O
                         net (fo=1, routed)           0.000     6.130    system_i/PS7/ps7_0_axi_periph/xbar/inst/gen_samd.crossbar_samd/gen_slave_slots[0].gen_si_read.si_transactor_ar/gen_multi_thread.aid_match_30_carry_i_4_n_0
    SLICE_X3Y33          CARRY4 (Prop_carry4_S[0]_CO[3])
                                                      0.532     6.662 f  system_i/PS7/ps7_0_axi_periph/xbar/inst/gen_samd.crossbar_samd/gen_slave_slots[0].gen_si_read.si_transactor_ar/gen_multi_thread.aid_match_30_carry/CO[3]
                         net (fo=3, routed)           1.012     7.674    system_i/PS7/ps7_0_axi_periph/xbar/inst/gen_samd.crossbar_samd/gen_slave_slots[0].gen_si_read.si_transactor_ar/gen_multi_thread.aid_match_30
    SLICE_X3Y38          LUT5 (Prop_lut5_I0_O)        0.124     7.798 f  system_i/PS7/ps7_0_axi_periph/xbar/inst/gen_samd.crossbar_samd/gen_slave_slots[0].gen_si_read.si_transactor_ar/gen_no_arbiter.s_ready_i[0]_i_12/O
                         net (fo=2, routed)           0.677     8.474    system_i/PS7/ps7_0_axi_periph/xbar/inst/gen_samd.crossbar_samd/gen_slave_slots[0].gen_si_read.si_transactor_ar/gen_no_arbiter.s_ready_i[0]_i_12_n_0
    SLICE_X3Y38          LUT6 (Prop_lut6_I4_O)        0.124     8.598 f  system_i/PS7/ps7_0_axi_periph/xbar/inst/gen_samd.crossbar_samd/gen_slave_slots[0].gen_si_read.si_transactor_ar/gen_multi_thread.active_target[57]_i_5__0/O
                         net (fo=8, routed)           0.692     9.290    system_i/PS7/ps7_0_axi_periph/xbar/inst/gen_samd.crossbar_samd/gen_slave_slots[0].gen_si_read.si_transactor_ar/gen_multi_thread.active_target[57]_i_5__0_n_0
    SLICE_X2Y34          LUT5 (Prop_lut5_I3_O)        0.124     9.414 r  system_i/PS7/ps7_0_axi_periph/xbar/inst/gen_samd.crossbar_samd/gen_slave_slots[0].gen_si_read.si_transactor_ar/gen_multi_thread.active_target[25]_i_1__0/O
                         net (fo=17, routed)          0.445     9.860    system_i/PS7/ps7_0_axi_periph/xbar/inst/gen_samd.crossbar_samd/gen_slave_slots[0].gen_si_read.si_transactor_ar/gen_multi_thread.arbiter_resp_inst/gen_multi_thread.cmd_push_3
    SLICE_X5Y34          LUT4 (Prop_lut4_I0_O)        0.124     9.984 r  system_i/PS7/ps7_0_axi_periph/xbar/inst/gen_samd.crossbar_samd/gen_slave_slots[0].gen_si_read.si_transactor_ar/gen_multi_thread.arbiter_resp_inst/gen_multi_thread.active_cnt[27]_i_1__0/O
                         net (fo=4, routed)           0.332    10.316    system_i/PS7/ps7_0_axi_periph/xbar/inst/gen_samd.crossbar_samd/gen_slave_slots[0].gen_si_read.si_transactor_ar/gen_multi_thread.arbiter_resp_inst_n_9
    SLICE_X3Y34          FDRE                                         r  system_i/PS7/ps7_0_axi_periph/xbar/inst/gen_samd.crossbar_samd/gen_slave_slots[0].gen_si_read.si_transactor_ar/gen_multi_thread.active_cnt_reg[24]/CE
  -------------------------------------------------------------------    -------------------

                         (clock clk_fpga_0 rise edge)
                                                      8.000     8.000 r  
    PS7_X0Y0             PS7                          0.000     8.000 r  system_i/PS7/processing_system7_0/inst/PS7_i/FCLKCLK[0]
                         net (fo=1, routed)           1.101     9.101    system_i/PS7/processing_system7_0/inst/FCLK_CLK_unbuffered[0]
    BUFGCTRL_X0Y0        BUFG (Prop_bufg_I_O)         0.091     9.192 r  system_i/PS7/processing_system7_0/inst/buffer_fclk_clk_0.FCLK_CLK_0_BUFG/O
                         net (fo=1567, routed)        1.545    10.737    system_i/PS7/ps7_0_axi_periph/xbar/inst/gen_samd.crossbar_samd/gen_slave_slots[0].gen_si_read.si_transactor_ar/aclk
    SLICE_X3Y34          FDRE                                         r  system_i/PS7/ps7_0_axi_periph/xbar/inst/gen_samd.crossbar_samd/gen_slave_slots[0].gen_si_read.si_transactor_ar/gen_multi_thread.active_cnt_reg[24]/C
                         clock pessimism              0.230    10.968    
                         clock uncertainty           -0.125    10.843    
    SLICE_X3Y34          FDRE (Setup_fdre_C_CE)      -0.205    10.638    system_i/PS7/ps7_0_axi_periph/xbar/inst/gen_samd.crossbar_samd/gen_slave_slots[0].gen_si_read.si_transactor_ar/gen_multi_thread.active_cnt_reg[24]
  -------------------------------------------------------------------
                         required time                         10.638    
                         arrival time                         -10.316    
  -------------------------------------------------------------------
                         slack                                  0.322    

Slack (MET) :             0.322ns  (required time - arrival time)
  Source:                 system_i/PS7/processing_system7_0/inst/PS7_i/MAXIGP0ACLK
                            (rising edge-triggered cell PS7 clocked by clk_fpga_0  {rise@0.000ns fall@4.000ns period=8.000ns})
  Destination:            system_i/PS7/ps7_0_axi_periph/xbar/inst/gen_samd.crossbar_samd/gen_slave_slots[0].gen_si_read.si_transactor_ar/gen_multi_thread.active_cnt_reg[25]/CE
                            (rising edge-triggered cell FDRE clocked by clk_fpga_0  {rise@0.000ns fall@4.000ns period=8.000ns})
  Path Group:             clk_fpga_0
  Path Type:              Setup (Max at Slow Process Corner)
  Requirement:            8.000ns  (clk_fpga_0 rise@8.000ns - clk_fpga_0 rise@0.000ns)
  Data Path Delay:        7.243ns  (logic 2.602ns (35.925%)  route 4.641ns (64.075%))
  Logic Levels:           6  (CARRY4=1 LUT4=1 LUT5=2 LUT6=2)
  Clock Path Skew:        -0.105ns (DCD - SCD + CPR)
    Destination Clock Delay (DCD):    2.737ns = ( 10.738 - 8.000 ) 
    Source Clock Delay      (SCD):    3.073ns
    Clock Pessimism Removal (CPR):    0.230ns
  Clock Uncertainty:      0.125ns  ((TSJ^2 + TIJ^2)^1/2 + DJ) / 2 + PE
    Total System Jitter     (TSJ):    0.071ns
    Total Input Jitter      (TIJ):    0.240ns
    Discrete Jitter          (DJ):    0.000ns
    Phase Error              (PE):    0.000ns

    Location             Delay type                Incr(ns)  Path(ns)    Netlist Resource(s)
  -------------------------------------------------------------------    -------------------
                         (clock clk_fpga_0 rise edge)
                                                      0.000     0.000 r  
    PS7_X0Y0             PS7                          0.000     0.000 r  system_i/PS7/processing_system7_0/inst/PS7_i/FCLKCLK[0]
                         net (fo=1, routed)           1.207     1.207    system_i/PS7/processing_system7_0/inst/FCLK_CLK_unbuffered[0]
    BUFGCTRL_X0Y0        BUFG (Prop_bufg_I_O)         0.101     1.308 r  system_i/PS7/processing_system7_0/inst/buffer_fclk_clk_0.FCLK_CLK_0_BUFG/O
                         net (fo=1567, routed)        1.765     3.073    system_i/PS7/processing_system7_0/inst/M_AXI_GP0_ACLK
    PS7_X0Y0             PS7                                          r  system_i/PS7/processing_system7_0/inst/PS7_i/MAXIGP0ACLK
  -------------------------------------------------------------------    -------------------
    PS7_X0Y0             PS7 (Prop_ps7_MAXIGP0ACLK_MAXIGP0ARID[1])
                                                      1.450     4.523 r  system_i/PS7/processing_system7_0/inst/PS7_i/MAXIGP0ARID[1]
                         net (fo=17, routed)          1.483     6.006    system_i/PS7/ps7_0_axi_periph/xbar/inst/gen_samd.crossbar_samd/gen_slave_slots[0].gen_si_read.si_transactor_ar/s_axi_arid[1]
    SLICE_X3Y33          LUT6 (Prop_lut6_I1_O)        0.124     6.130 r  system_i/PS7/ps7_0_axi_periph/xbar/inst/gen_samd.crossbar_samd/gen_slave_slots[0].gen_si_read.si_transactor_ar/gen_multi_thread.aid_match_30_carry_i_4/O
                         net (fo=1, routed)           0.000     6.130    system_i/PS7/ps7_0_axi_periph/xbar/inst/gen_samd.crossbar_samd/gen_slave_slots[0].gen_si_read.si_transactor_ar/gen_multi_thread.aid_match_30_carry_i_4_n_0
    SLICE_X3Y33          CARRY4 (Prop_carry4_S[0]_CO[3])
                                                      0.532     6.662 f  system_i/PS7/ps7_0_axi_periph/xbar/inst/gen_samd.crossbar_samd/gen_slave_slots[0].gen_si_read.si_transactor_ar/gen_multi_thread.aid_match_30_carry/CO[3]
                         net (fo=3, routed)           1.012     7.674    system_i/PS7/ps7_0_axi_periph/xbar/inst/gen_samd.crossbar_samd/gen_slave_slots[0].gen_si_read.si_transactor_ar/gen_multi_thread.aid_match_30
    SLICE_X3Y38          LUT5 (Prop_lut5_I0_O)        0.124     7.798 f  system_i/PS7/ps7_0_axi_periph/xbar/inst/gen_samd.crossbar_samd/gen_slave_slots[0].gen_si_read.si_transactor_ar/gen_no_arbiter.s_ready_i[0]_i_12/O
                         net (fo=2, routed)           0.677     8.474    system_i/PS7/ps7_0_axi_periph/xbar/inst/gen_samd.crossbar_samd/gen_slave_slots[0].gen_si_read.si_transactor_ar/gen_no_arbiter.s_ready_i[0]_i_12_n_0
    SLICE_X3Y38          LUT6 (Prop_lut6_I4_O)        0.124     8.598 f  system_i/PS7/ps7_0_axi_periph/xbar/inst/gen_samd.crossbar_samd/gen_slave_slots[0].gen_si_read.si_transactor_ar/gen_multi_thread.active_target[57]_i_5__0/O
                         net (fo=8, routed)           0.692     9.290    system_i/PS7/ps7_0_axi_periph/xbar/inst/gen_samd.crossbar_samd/gen_slave_slots[0].gen_si_read.si_transactor_ar/gen_multi_thread.active_target[57]_i_5__0_n_0
    SLICE_X2Y34          LUT5 (Prop_lut5_I3_O)        0.124     9.414 r  system_i/PS7/ps7_0_axi_periph/xbar/inst/gen_samd.crossbar_samd/gen_slave_slots[0].gen_si_read.si_transactor_ar/gen_multi_thread.active_target[25]_i_1__0/O
                         net (fo=17, routed)          0.445     9.860    system_i/PS7/ps7_0_axi_periph/xbar/inst/gen_samd.crossbar_samd/gen_slave_slots[0].gen_si_read.si_transactor_ar/gen_multi_thread.arbiter_resp_inst/gen_multi_thread.cmd_push_3
    SLICE_X5Y34          LUT4 (Prop_lut4_I0_O)        0.124     9.984 r  system_i/PS7/ps7_0_axi_periph/xbar/inst/gen_samd.crossbar_samd/gen_slave_slots[0].gen_si_read.si_transactor_ar/gen_multi_thread.arbiter_resp_inst/gen_multi_thread.active_cnt[27]_i_1__0/O
                         net (fo=4, routed)           0.332    10.316    system_i/PS7/ps7_0_axi_periph/xbar/inst/gen_samd.crossbar_samd/gen_slave_slots[0].gen_si_read.si_transactor_ar/gen_multi_thread.arbiter_resp_inst_n_9
    SLICE_X2Y34          FDRE                                         r  system_i/PS7/ps7_0_axi_periph/xbar/inst/gen_samd.crossbar_samd/gen_slave_slots[0].gen_si_read.si_transactor_ar/gen_multi_thread.active_cnt_reg[25]/CE
  -------------------------------------------------------------------    -------------------

                         (clock clk_fpga_0 rise edge)
                                                      8.000     8.000 r  
    PS7_X0Y0             PS7                          0.000     8.000 r  system_i/PS7/processing_system7_0/inst/PS7_i/FCLKCLK[0]
                         net (fo=1, routed)           1.101     9.101    system_i/PS7/processing_system7_0/inst/FCLK_CLK_unbuffered[0]
    BUFGCTRL_X0Y0        BUFG (Prop_bufg_I_O)         0.091     9.192 r  system_i/PS7/processing_system7_0/inst/buffer_fclk_clk_0.FCLK_CLK_0_BUFG/O
                         net (fo=1567, routed)        1.545    10.737    system_i/PS7/ps7_0_axi_periph/xbar/inst/gen_samd.crossbar_samd/gen_slave_slots[0].gen_si_read.si_transactor_ar/aclk
    SLICE_X2Y34          FDRE                                         r  system_i/PS7/ps7_0_axi_periph/xbar/inst/gen_samd.crossbar_samd/gen_slave_slots[0].gen_si_read.si_transactor_ar/gen_multi_thread.active_cnt_reg[25]/C
                         clock pessimism              0.230    10.968    
                         clock uncertainty           -0.125    10.843    
    SLICE_X2Y34          FDRE (Setup_fdre_C_CE)      -0.205    10.638    system_i/PS7/ps7_0_axi_periph/xbar/inst/gen_samd.crossbar_samd/gen_slave_slots[0].gen_si_read.si_transactor_ar/gen_multi_thread.active_cnt_reg[25]
  -------------------------------------------------------------------
                         required time                         10.638    
                         arrival time                         -10.316    
  -------------------------------------------------------------------
                         slack                                  0.322    

Slack (MET) :             0.322ns  (required time - arrival time)
  Source:                 system_i/PS7/processing_system7_0/inst/PS7_i/MAXIGP0ACLK
                            (rising edge-triggered cell PS7 clocked by clk_fpga_0  {rise@0.000ns fall@4.000ns period=8.000ns})
  Destination:            system_i/PS7/ps7_0_axi_periph/xbar/inst/gen_samd.crossbar_samd/gen_slave_slots[0].gen_si_read.si_transactor_ar/gen_multi_thread.active_cnt_reg[26]/CE
                            (rising edge-triggered cell FDRE clocked by clk_fpga_0  {rise@0.000ns fall@4.000ns period=8.000ns})
  Path Group:             clk_fpga_0
  Path Type:              Setup (Max at Slow Process Corner)
  Requirement:            8.000ns  (clk_fpga_0 rise@8.000ns - clk_fpga_0 rise@0.000ns)
  Data Path Delay:        7.243ns  (logic 2.602ns (35.925%)  route 4.641ns (64.075%))
  Logic Levels:           6  (CARRY4=1 LUT4=1 LUT5=2 LUT6=2)
  Clock Path Skew:        -0.105ns (DCD - SCD + CPR)
    Destination Clock Delay (DCD):    2.737ns = ( 10.738 - 8.000 ) 
    Source Clock Delay      (SCD):    3.073ns
    Clock Pessimism Removal (CPR):    0.230ns
  Clock Uncertainty:      0.125ns  ((TSJ^2 + TIJ^2)^1/2 + DJ) / 2 + PE
    Total System Jitter     (TSJ):    0.071ns
    Total Input Jitter      (TIJ):    0.240ns
    Discrete Jitter          (DJ):    0.000ns
    Phase Error              (PE):    0.000ns

    Location             Delay type                Incr(ns)  Path(ns)    Netlist Resource(s)
  -------------------------------------------------------------------    -------------------
                         (clock clk_fpga_0 rise edge)
                                                      0.000     0.000 r  
    PS7_X0Y0             PS7                          0.000     0.000 r  system_i/PS7/processing_system7_0/inst/PS7_i/FCLKCLK[0]
                         net (fo=1, routed)           1.207     1.207    system_i/PS7/processing_system7_0/inst/FCLK_CLK_unbuffered[0]
    BUFGCTRL_X0Y0        BUFG (Prop_bufg_I_O)         0.101     1.308 r  system_i/PS7/processing_system7_0/inst/buffer_fclk_clk_0.FCLK_CLK_0_BUFG/O
                         net (fo=1567, routed)        1.765     3.073    system_i/PS7/processing_system7_0/inst/M_AXI_GP0_ACLK
    PS7_X0Y0             PS7                                          r  system_i/PS7/processing_system7_0/inst/PS7_i/MAXIGP0ACLK
  -------------------------------------------------------------------    -------------------
    PS7_X0Y0             PS7 (Prop_ps7_MAXIGP0ACLK_MAXIGP0ARID[1])
                                                      1.450     4.523 r  system_i/PS7/processing_system7_0/inst/PS7_i/MAXIGP0ARID[1]
                         net (fo=17, routed)          1.483     6.006    system_i/PS7/ps7_0_axi_periph/xbar/inst/gen_samd.crossbar_samd/gen_slave_slots[0].gen_si_read.si_transactor_ar/s_axi_arid[1]
    SLICE_X3Y33          LUT6 (Prop_lut6_I1_O)        0.124     6.130 r  system_i/PS7/ps7_0_axi_periph/xbar/inst/gen_samd.crossbar_samd/gen_slave_slots[0].gen_si_read.si_transactor_ar/gen_multi_thread.aid_match_30_carry_i_4/O
                         net (fo=1, routed)           0.000     6.130    system_i/PS7/ps7_0_axi_periph/xbar/inst/gen_samd.crossbar_samd/gen_slave_slots[0].gen_si_read.si_transactor_ar/gen_multi_thread.aid_match_30_carry_i_4_n_0
    SLICE_X3Y33          CARRY4 (Prop_carry4_S[0]_CO[3])
                                                      0.532     6.662 f  system_i/PS7/ps7_0_axi_periph/xbar/inst/gen_samd.crossbar_samd/gen_slave_slots[0].gen_si_read.si_transactor_ar/gen_multi_thread.aid_match_30_carry/CO[3]
                         net (fo=3, routed)           1.012     7.674    system_i/PS7/ps7_0_axi_periph/xbar/inst/gen_samd.crossbar_samd/gen_slave_slots[0].gen_si_read.si_transactor_ar/gen_multi_thread.aid_match_30
    SLICE_X3Y38          LUT5 (Prop_lut5_I0_O)        0.124     7.798 f  system_i/PS7/ps7_0_axi_periph/xbar/inst/gen_samd.crossbar_samd/gen_slave_slots[0].gen_si_read.si_transactor_ar/gen_no_arbiter.s_ready_i[0]_i_12/O
                         net (fo=2, routed)           0.677     8.474    system_i/PS7/ps7_0_axi_periph/xbar/inst/gen_samd.crossbar_samd/gen_slave_slots[0].gen_si_read.si_transactor_ar/gen_no_arbiter.s_ready_i[0]_i_12_n_0
    SLICE_X3Y38          LUT6 (Prop_lut6_I4_O)        0.124     8.598 f  system_i/PS7/ps7_0_axi_periph/xbar/inst/gen_samd.crossbar_samd/gen_slave_slots[0].gen_si_read.si_transactor_ar/gen_multi_thread.active_target[57]_i_5__0/O
                         net (fo=8, routed)           0.692     9.290    system_i/PS7/ps7_0_axi_periph/xbar/inst/gen_samd.crossbar_samd/gen_slave_slots[0].gen_si_read.si_transactor_ar/gen_multi_thread.active_target[57]_i_5__0_n_0
    SLICE_X2Y34          LUT5 (Prop_lut5_I3_O)        0.124     9.414 r  system_i/PS7/ps7_0_axi_periph/xbar/inst/gen_samd.crossbar_samd/gen_slave_slots[0].gen_si_read.si_transactor_ar/gen_multi_thread.active_target[25]_i_1__0/O
                         net (fo=17, routed)          0.445     9.860    system_i/PS7/ps7_0_axi_periph/xbar/inst/gen_samd.crossbar_samd/gen_slave_slots[0].gen_si_read.si_transactor_ar/gen_multi_thread.arbiter_resp_inst/gen_multi_thread.cmd_push_3
    SLICE_X5Y34          LUT4 (Prop_lut4_I0_O)        0.124     9.984 r  system_i/PS7/ps7_0_axi_periph/xbar/inst/gen_samd.crossbar_samd/gen_slave_slots[0].gen_si_read.si_transactor_ar/gen_multi_thread.arbiter_resp_inst/gen_multi_thread.active_cnt[27]_i_1__0/O
                         net (fo=4, routed)           0.332    10.316    system_i/PS7/ps7_0_axi_periph/xbar/inst/gen_samd.crossbar_samd/gen_slave_slots[0].gen_si_read.si_transactor_ar/gen_multi_thread.arbiter_resp_inst_n_9
    SLICE_X3Y34          FDRE                                         r  system_i/PS7/ps7_0_axi_periph/xbar/inst/gen_samd.crossbar_samd/gen_slave_slots[0].gen_si_read.si_transactor_ar/gen_multi_thread.active_cnt_reg[26]/CE
  -------------------------------------------------------------------    -------------------

                         (clock clk_fpga_0 rise edge)
                                                      8.000     8.000 r  
    PS7_X0Y0             PS7                          0.000     8.000 r  system_i/PS7/processing_system7_0/inst/PS7_i/FCLKCLK[0]
                         net (fo=1, routed)           1.101     9.101    system_i/PS7/processing_system7_0/inst/FCLK_CLK_unbuffered[0]
    BUFGCTRL_X0Y0        BUFG (Prop_bufg_I_O)         0.091     9.192 r  system_i/PS7/processing_system7_0/inst/buffer_fclk_clk_0.FCLK_CLK_0_BUFG/O
                         net (fo=1567, routed)        1.545    10.737    system_i/PS7/ps7_0_axi_periph/xbar/inst/gen_samd.crossbar_samd/gen_slave_slots[0].gen_si_read.si_transactor_ar/aclk
    SLICE_X3Y34          FDRE                                         r  system_i/PS7/ps7_0_axi_periph/xbar/inst/gen_samd.crossbar_samd/gen_slave_slots[0].gen_si_read.si_transactor_ar/gen_multi_thread.active_cnt_reg[26]/C
                         clock pessimism              0.230    10.968    
                         clock uncertainty           -0.125    10.843    
    SLICE_X3Y34          FDRE (Setup_fdre_C_CE)      -0.205    10.638    system_i/PS7/ps7_0_axi_periph/xbar/inst/gen_samd.crossbar_samd/gen_slave_slots[0].gen_si_read.si_transactor_ar/gen_multi_thread.active_cnt_reg[26]
  -------------------------------------------------------------------
                         required time                         10.638    
                         arrival time                         -10.316    
  -------------------------------------------------------------------
                         slack                                  0.322    

Slack (MET) :             0.322ns  (required time - arrival time)
  Source:                 system_i/PS7/processing_system7_0/inst/PS7_i/MAXIGP0ACLK
                            (rising edge-triggered cell PS7 clocked by clk_fpga_0  {rise@0.000ns fall@4.000ns period=8.000ns})
  Destination:            system_i/PS7/ps7_0_axi_periph/xbar/inst/gen_samd.crossbar_samd/gen_slave_slots[0].gen_si_read.si_transactor_ar/gen_multi_thread.active_cnt_reg[27]/CE
                            (rising edge-triggered cell FDRE clocked by clk_fpga_0  {rise@0.000ns fall@4.000ns period=8.000ns})
  Path Group:             clk_fpga_0
  Path Type:              Setup (Max at Slow Process Corner)
  Requirement:            8.000ns  (clk_fpga_0 rise@8.000ns - clk_fpga_0 rise@0.000ns)
  Data Path Delay:        7.243ns  (logic 2.602ns (35.925%)  route 4.641ns (64.075%))
  Logic Levels:           6  (CARRY4=1 LUT4=1 LUT5=2 LUT6=2)
  Clock Path Skew:        -0.105ns (DCD - SCD + CPR)
    Destination Clock Delay (DCD):    2.737ns = ( 10.738 - 8.000 ) 
    Source Clock Delay      (SCD):    3.073ns
    Clock Pessimism Removal (CPR):    0.230ns
  Clock Uncertainty:      0.125ns  ((TSJ^2 + TIJ^2)^1/2 + DJ) / 2 + PE
    Total System Jitter     (TSJ):    0.071ns
    Total Input Jitter      (TIJ):    0.240ns
    Discrete Jitter          (DJ):    0.000ns
    Phase Error              (PE):    0.000ns

    Location             Delay type                Incr(ns)  Path(ns)    Netlist Resource(s)
  -------------------------------------------------------------------    -------------------
                         (clock clk_fpga_0 rise edge)
                                                      0.000     0.000 r  
    PS7_X0Y0             PS7                          0.000     0.000 r  system_i/PS7/processing_system7_0/inst/PS7_i/FCLKCLK[0]
                         net (fo=1, routed)           1.207     1.207    system_i/PS7/processing_system7_0/inst/FCLK_CLK_unbuffered[0]
    BUFGCTRL_X0Y0        BUFG (Prop_bufg_I_O)         0.101     1.308 r  system_i/PS7/processing_system7_0/inst/buffer_fclk_clk_0.FCLK_CLK_0_BUFG/O
                         net (fo=1567, routed)        1.765     3.073    system_i/PS7/processing_system7_0/inst/M_AXI_GP0_ACLK
    PS7_X0Y0             PS7                                          r  system_i/PS7/processing_system7_0/inst/PS7_i/MAXIGP0ACLK
  -------------------------------------------------------------------    -------------------
    PS7_X0Y0             PS7 (Prop_ps7_MAXIGP0ACLK_MAXIGP0ARID[1])
                                                      1.450     4.523 r  system_i/PS7/processing_system7_0/inst/PS7_i/MAXIGP0ARID[1]
                         net (fo=17, routed)          1.483     6.006    system_i/PS7/ps7_0_axi_periph/xbar/inst/gen_samd.crossbar_samd/gen_slave_slots[0].gen_si_read.si_transactor_ar/s_axi_arid[1]
    SLICE_X3Y33          LUT6 (Prop_lut6_I1_O)        0.124     6.130 r  system_i/PS7/ps7_0_axi_periph/xbar/inst/gen_samd.crossbar_samd/gen_slave_slots[0].gen_si_read.si_transactor_ar/gen_multi_thread.aid_match_30_carry_i_4/O
                         net (fo=1, routed)           0.000     6.130    system_i/PS7/ps7_0_axi_periph/xbar/inst/gen_samd.crossbar_samd/gen_slave_slots[0].gen_si_read.si_transactor_ar/gen_multi_thread.aid_match_30_carry_i_4_n_0
    SLICE_X3Y33          CARRY4 (Prop_carry4_S[0]_CO[3])
                                                      0.532     6.662 f  system_i/PS7/ps7_0_axi_periph/xbar/inst/gen_samd.crossbar_samd/gen_slave_slots[0].gen_si_read.si_transactor_ar/gen_multi_thread.aid_match_30_carry/CO[3]
                         net (fo=3, routed)           1.012     7.674    system_i/PS7/ps7_0_axi_periph/xbar/inst/gen_samd.crossbar_samd/gen_slave_slots[0].gen_si_read.si_transactor_ar/gen_multi_thread.aid_match_30
    SLICE_X3Y38          LUT5 (Prop_lut5_I0_O)        0.124     7.798 f  system_i/PS7/ps7_0_axi_periph/xbar/inst/gen_samd.crossbar_samd/gen_slave_slots[0].gen_si_read.si_transactor_ar/gen_no_arbiter.s_ready_i[0]_i_12/O
                         net (fo=2, routed)           0.677     8.474    system_i/PS7/ps7_0_axi_periph/xbar/inst/gen_samd.crossbar_samd/gen_slave_slots[0].gen_si_read.si_transactor_ar/gen_no_arbiter.s_ready_i[0]_i_12_n_0
    SLICE_X3Y38          LUT6 (Prop_lut6_I4_O)        0.124     8.598 f  system_i/PS7/ps7_0_axi_periph/xbar/inst/gen_samd.crossbar_samd/gen_slave_slots[0].gen_si_read.si_transactor_ar/gen_multi_thread.active_target[57]_i_5__0/O
                         net (fo=8, routed)           0.692     9.290    system_i/PS7/ps7_0_axi_periph/xbar/inst/gen_samd.crossbar_samd/gen_slave_slots[0].gen_si_read.si_transactor_ar/gen_multi_thread.active_target[57]_i_5__0_n_0
    SLICE_X2Y34          LUT5 (Prop_lut5_I3_O)        0.124     9.414 r  system_i/PS7/ps7_0_axi_periph/xbar/inst/gen_samd.crossbar_samd/gen_slave_slots[0].gen_si_read.si_transactor_ar/gen_multi_thread.active_target[25]_i_1__0/O
                         net (fo=17, routed)          0.445     9.860    system_i/PS7/ps7_0_axi_periph/xbar/inst/gen_samd.crossbar_samd/gen_slave_slots[0].gen_si_read.si_transactor_ar/gen_multi_thread.arbiter_resp_inst/gen_multi_thread.cmd_push_3
    SLICE_X5Y34          LUT4 (Prop_lut4_I0_O)        0.124     9.984 r  system_i/PS7/ps7_0_axi_periph/xbar/inst/gen_samd.crossbar_samd/gen_slave_slots[0].gen_si_read.si_transactor_ar/gen_multi_thread.arbiter_resp_inst/gen_multi_thread.active_cnt[27]_i_1__0/O
                         net (fo=4, routed)           0.332    10.316    system_i/PS7/ps7_0_axi_periph/xbar/inst/gen_samd.crossbar_samd/gen_slave_slots[0].gen_si_read.si_transactor_ar/gen_multi_thread.arbiter_resp_inst_n_9
    SLICE_X3Y34          FDRE                                         r  system_i/PS7/ps7_0_axi_periph/xbar/inst/gen_samd.crossbar_samd/gen_slave_slots[0].gen_si_read.si_transactor_ar/gen_multi_thread.active_cnt_reg[27]/CE
  -------------------------------------------------------------------    -------------------

                         (clock clk_fpga_0 rise edge)
                                                      8.000     8.000 r  
    PS7_X0Y0             PS7                          0.000     8.000 r  system_i/PS7/processing_system7_0/inst/PS7_i/FCLKCLK[0]
                         net (fo=1, routed)           1.101     9.101    system_i/PS7/processing_system7_0/inst/FCLK_CLK_unbuffered[0]
    BUFGCTRL_X0Y0        BUFG (Prop_bufg_I_O)         0.091     9.192 r  system_i/PS7/processing_system7_0/inst/buffer_fclk_clk_0.FCLK_CLK_0_BUFG/O
                         net (fo=1567, routed)        1.545    10.737    system_i/PS7/ps7_0_axi_periph/xbar/inst/gen_samd.crossbar_samd/gen_slave_slots[0].gen_si_read.si_transactor_ar/aclk
    SLICE_X3Y34          FDRE                                         r  system_i/PS7/ps7_0_axi_periph/xbar/inst/gen_samd.crossbar_samd/gen_slave_slots[0].gen_si_read.si_transactor_ar/gen_multi_thread.active_cnt_reg[27]/C
                         clock pessimism              0.230    10.968    
                         clock uncertainty           -0.125    10.843    
    SLICE_X3Y34          FDRE (Setup_fdre_C_CE)      -0.205    10.638    system_i/PS7/ps7_0_axi_periph/xbar/inst/gen_samd.crossbar_samd/gen_slave_slots[0].gen_si_read.si_transactor_ar/gen_multi_thread.active_cnt_reg[27]
  -------------------------------------------------------------------
                         required time                         10.638    
                         arrival time                         -10.316    
  -------------------------------------------------------------------
                         slack                                  0.322    

Slack (MET) :             0.385ns  (required time - arrival time)
  Source:                 system_i/PS7/processing_system7_0/inst/PS7_i/MAXIGP0ACLK
                            (rising edge-triggered cell PS7 clocked by clk_fpga_0  {rise@0.000ns fall@4.000ns period=8.000ns})
  Destination:            system_i/PS7/ps7_0_axi_periph/xbar/inst/gen_samd.crossbar_samd/gen_slave_slots[0].gen_si_read.si_transactor_ar/gen_multi_thread.active_cnt_reg[56]/CE
                            (rising edge-triggered cell FDRE clocked by clk_fpga_0  {rise@0.000ns fall@4.000ns period=8.000ns})
  Path Group:             clk_fpga_0
  Path Type:              Setup (Max at Slow Process Corner)
  Requirement:            8.000ns  (clk_fpga_0 rise@8.000ns - clk_fpga_0 rise@0.000ns)
  Data Path Delay:        7.220ns  (logic 2.602ns (36.040%)  route 4.618ns (63.960%))
  Logic Levels:           6  (CARRY4=1 LUT4=1 LUT5=1 LUT6=3)
  Clock Path Skew:        -0.101ns (DCD - SCD + CPR)
    Destination Clock Delay (DCD):    2.741ns = ( 10.741 - 8.000 ) 
    Source Clock Delay      (SCD):    3.073ns
    Clock Pessimism Removal (CPR):    0.230ns
  Clock Uncertainty:      0.125ns  ((TSJ^2 + TIJ^2)^1/2 + DJ) / 2 + PE
    Total System Jitter     (TSJ):    0.071ns
    Total Input Jitter      (TIJ):    0.240ns
    Discrete Jitter          (DJ):    0.000ns
    Phase Error              (PE):    0.000ns

    Location             Delay type                Incr(ns)  Path(ns)    Netlist Resource(s)
  -------------------------------------------------------------------    -------------------
                         (clock clk_fpga_0 rise edge)
                                                      0.000     0.000 r  
    PS7_X0Y0             PS7                          0.000     0.000 r  system_i/PS7/processing_system7_0/inst/PS7_i/FCLKCLK[0]
                         net (fo=1, routed)           1.207     1.207    system_i/PS7/processing_system7_0/inst/FCLK_CLK_unbuffered[0]
    BUFGCTRL_X0Y0        BUFG (Prop_bufg_I_O)         0.101     1.308 r  system_i/PS7/processing_system7_0/inst/buffer_fclk_clk_0.FCLK_CLK_0_BUFG/O
                         net (fo=1567, routed)        1.765     3.073    system_i/PS7/processing_system7_0/inst/M_AXI_GP0_ACLK
    PS7_X0Y0             PS7                                          r  system_i/PS7/processing_system7_0/inst/PS7_i/MAXIGP0ACLK
  -------------------------------------------------------------------    -------------------
    PS7_X0Y0             PS7 (Prop_ps7_MAXIGP0ACLK_MAXIGP0ARID[1])
                                                      1.450     4.523 r  system_i/PS7/processing_system7_0/inst/PS7_i/MAXIGP0ARID[1]
                         net (fo=17, routed)          1.483     6.006    system_i/PS7/ps7_0_axi_periph/xbar/inst/gen_samd.crossbar_samd/gen_slave_slots[0].gen_si_read.si_transactor_ar/s_axi_arid[1]
    SLICE_X3Y33          LUT6 (Prop_lut6_I1_O)        0.124     6.130 r  system_i/PS7/ps7_0_axi_periph/xbar/inst/gen_samd.crossbar_samd/gen_slave_slots[0].gen_si_read.si_transactor_ar/gen_multi_thread.aid_match_30_carry_i_4/O
                         net (fo=1, routed)           0.000     6.130    system_i/PS7/ps7_0_axi_periph/xbar/inst/gen_samd.crossbar_samd/gen_slave_slots[0].gen_si_read.si_transactor_ar/gen_multi_thread.aid_match_30_carry_i_4_n_0
    SLICE_X3Y33          CARRY4 (Prop_carry4_S[0]_CO[3])
                                                      0.532     6.662 f  system_i/PS7/ps7_0_axi_periph/xbar/inst/gen_samd.crossbar_samd/gen_slave_slots[0].gen_si_read.si_transactor_ar/gen_multi_thread.aid_match_30_carry/CO[3]
                         net (fo=3, routed)           1.012     7.674    system_i/PS7/ps7_0_axi_periph/xbar/inst/gen_samd.crossbar_samd/gen_slave_slots[0].gen_si_read.si_transactor_ar/gen_multi_thread.aid_match_30
    SLICE_X3Y38          LUT5 (Prop_lut5_I0_O)        0.124     7.798 f  system_i/PS7/ps7_0_axi_periph/xbar/inst/gen_samd.crossbar_samd/gen_slave_slots[0].gen_si_read.si_transactor_ar/gen_no_arbiter.s_ready_i[0]_i_12/O
                         net (fo=2, routed)           0.677     8.474    system_i/PS7/ps7_0_axi_periph/xbar/inst/gen_samd.crossbar_samd/gen_slave_slots[0].gen_si_read.si_transactor_ar/gen_no_arbiter.s_ready_i[0]_i_12_n_0
    SLICE_X3Y38          LUT6 (Prop_lut6_I4_O)        0.124     8.598 f  system_i/PS7/ps7_0_axi_periph/xbar/inst/gen_samd.crossbar_samd/gen_slave_slots[0].gen_si_read.si_transactor_ar/gen_multi_thread.active_target[57]_i_5__0/O
                         net (fo=8, routed)           0.497     9.096    system_i/PS7/ps7_0_axi_periph/xbar/inst/gen_samd.crossbar_samd/gen_slave_slots[0].gen_si_read.si_transactor_ar/gen_multi_thread.active_target[57]_i_5__0_n_0
    SLICE_X3Y38          LUT6 (Prop_lut6_I4_O)        0.124     9.220 r  system_i/PS7/ps7_0_axi_periph/xbar/inst/gen_samd.crossbar_samd/gen_slave_slots[0].gen_si_read.si_transactor_ar/gen_multi_thread.active_target[57]_i_1__0/O
                         net (fo=17, routed)          0.618     9.838    system_i/PS7/ps7_0_axi_periph/xbar/inst/gen_samd.crossbar_samd/gen_slave_slots[0].gen_si_read.si_transactor_ar/gen_multi_thread.arbiter_resp_inst/gen_multi_thread.cmd_push_7
    SLICE_X4Y38          LUT4 (Prop_lut4_I0_O)        0.124     9.962 r  system_i/PS7/ps7_0_axi_periph/xbar/inst/gen_samd.crossbar_samd/gen_slave_slots[0].gen_si_read.si_transactor_ar/gen_multi_thread.arbiter_resp_inst/gen_multi_thread.active_cnt[59]_i_1__0/O
                         net (fo=4, routed)           0.331    10.292    system_i/PS7/ps7_0_axi_periph/xbar/inst/gen_samd.crossbar_samd/gen_slave_slots[0].gen_si_read.si_transactor_ar/gen_multi_thread.arbiter_resp_inst_n_11
    SLICE_X4Y39          FDRE                                         r  system_i/PS7/ps7_0_axi_periph/xbar/inst/gen_samd.crossbar_samd/gen_slave_slots[0].gen_si_read.si_transactor_ar/gen_multi_thread.active_cnt_reg[56]/CE
  -------------------------------------------------------------------    -------------------

                         (clock clk_fpga_0 rise edge)
                                                      8.000     8.000 r  
    PS7_X0Y0             PS7                          0.000     8.000 r  system_i/PS7/processing_system7_0/inst/PS7_i/FCLKCLK[0]
                         net (fo=1, routed)           1.101     9.101    system_i/PS7/processing_system7_0/inst/FCLK_CLK_unbuffered[0]
    BUFGCTRL_X0Y0        BUFG (Prop_bufg_I_O)         0.091     9.192 r  system_i/PS7/processing_system7_0/inst/buffer_fclk_clk_0.FCLK_CLK_0_BUFG/O
                         net (fo=1567, routed)        1.549    10.741    system_i/PS7/ps7_0_axi_periph/xbar/inst/gen_samd.crossbar_samd/gen_slave_slots[0].gen_si_read.si_transactor_ar/aclk
    SLICE_X4Y39          FDRE                                         r  system_i/PS7/ps7_0_axi_periph/xbar/inst/gen_samd.crossbar_samd/gen_slave_slots[0].gen_si_read.si_transactor_ar/gen_multi_thread.active_cnt_reg[56]/C
                         clock pessimism              0.230    10.972    
                         clock uncertainty           -0.125    10.847    
    SLICE_X4Y39          FDRE (Setup_fdre_C_CE)      -0.169    10.678    system_i/PS7/ps7_0_axi_periph/xbar/inst/gen_samd.crossbar_samd/gen_slave_slots[0].gen_si_read.si_transactor_ar/gen_multi_thread.active_cnt_reg[56]
  -------------------------------------------------------------------
                         required time                         10.678    
                         arrival time                         -10.292    
  -------------------------------------------------------------------
                         slack                                  0.385    

Slack (MET) :             0.385ns  (required time - arrival time)
  Source:                 system_i/PS7/processing_system7_0/inst/PS7_i/MAXIGP0ACLK
                            (rising edge-triggered cell PS7 clocked by clk_fpga_0  {rise@0.000ns fall@4.000ns period=8.000ns})
  Destination:            system_i/PS7/ps7_0_axi_periph/xbar/inst/gen_samd.crossbar_samd/gen_slave_slots[0].gen_si_read.si_transactor_ar/gen_multi_thread.active_cnt_reg[57]/CE
                            (rising edge-triggered cell FDRE clocked by clk_fpga_0  {rise@0.000ns fall@4.000ns period=8.000ns})
  Path Group:             clk_fpga_0
  Path Type:              Setup (Max at Slow Process Corner)
  Requirement:            8.000ns  (clk_fpga_0 rise@8.000ns - clk_fpga_0 rise@0.000ns)
  Data Path Delay:        7.220ns  (logic 2.602ns (36.040%)  route 4.618ns (63.960%))
  Logic Levels:           6  (CARRY4=1 LUT4=1 LUT5=1 LUT6=3)
  Clock Path Skew:        -0.101ns (DCD - SCD + CPR)
    Destination Clock Delay (DCD):    2.741ns = ( 10.741 - 8.000 ) 
    Source Clock Delay      (SCD):    3.073ns
    Clock Pessimism Removal (CPR):    0.230ns
  Clock Uncertainty:      0.125ns  ((TSJ^2 + TIJ^2)^1/2 + DJ) / 2 + PE
    Total System Jitter     (TSJ):    0.071ns
    Total Input Jitter      (TIJ):    0.240ns
    Discrete Jitter          (DJ):    0.000ns
    Phase Error              (PE):    0.000ns

    Location             Delay type                Incr(ns)  Path(ns)    Netlist Resource(s)
  -------------------------------------------------------------------    -------------------
                         (clock clk_fpga_0 rise edge)
                                                      0.000     0.000 r  
    PS7_X0Y0             PS7                          0.000     0.000 r  system_i/PS7/processing_system7_0/inst/PS7_i/FCLKCLK[0]
                         net (fo=1, routed)           1.207     1.207    system_i/PS7/processing_system7_0/inst/FCLK_CLK_unbuffered[0]
    BUFGCTRL_X0Y0        BUFG (Prop_bufg_I_O)         0.101     1.308 r  system_i/PS7/processing_system7_0/inst/buffer_fclk_clk_0.FCLK_CLK_0_BUFG/O
                         net (fo=1567, routed)        1.765     3.073    system_i/PS7/processing_system7_0/inst/M_AXI_GP0_ACLK
    PS7_X0Y0             PS7                                          r  system_i/PS7/processing_system7_0/inst/PS7_i/MAXIGP0ACLK
  -------------------------------------------------------------------    -------------------
    PS7_X0Y0             PS7 (Prop_ps7_MAXIGP0ACLK_MAXIGP0ARID[1])
                                                      1.450     4.523 r  system_i/PS7/processing_system7_0/inst/PS7_i/MAXIGP0ARID[1]
                         net (fo=17, routed)          1.483     6.006    system_i/PS7/ps7_0_axi_periph/xbar/inst/gen_samd.crossbar_samd/gen_slave_slots[0].gen_si_read.si_transactor_ar/s_axi_arid[1]
    SLICE_X3Y33          LUT6 (Prop_lut6_I1_O)        0.124     6.130 r  system_i/PS7/ps7_0_axi_periph/xbar/inst/gen_samd.crossbar_samd/gen_slave_slots[0].gen_si_read.si_transactor_ar/gen_multi_thread.aid_match_30_carry_i_4/O
                         net (fo=1, routed)           0.000     6.130    system_i/PS7/ps7_0_axi_periph/xbar/inst/gen_samd.crossbar_samd/gen_slave_slots[0].gen_si_read.si_transactor_ar/gen_multi_thread.aid_match_30_carry_i_4_n_0
    SLICE_X3Y33          CARRY4 (Prop_carry4_S[0]_CO[3])
                                                      0.532     6.662 f  system_i/PS7/ps7_0_axi_periph/xbar/inst/gen_samd.crossbar_samd/gen_slave_slots[0].gen_si_read.si_transactor_ar/gen_multi_thread.aid_match_30_carry/CO[3]
                         net (fo=3, routed)           1.012     7.674    system_i/PS7/ps7_0_axi_periph/xbar/inst/gen_samd.crossbar_samd/gen_slave_slots[0].gen_si_read.si_transactor_ar/gen_multi_thread.aid_match_30
    SLICE_X3Y38          LUT5 (Prop_lut5_I0_O)        0.124     7.798 f  system_i/PS7/ps7_0_axi_periph/xbar/inst/gen_samd.crossbar_samd/gen_slave_slots[0].gen_si_read.si_transactor_ar/gen_no_arbiter.s_ready_i[0]_i_12/O
                         net (fo=2, routed)           0.677     8.474    system_i/PS7/ps7_0_axi_periph/xbar/inst/gen_samd.crossbar_samd/gen_slave_slots[0].gen_si_read.si_transactor_ar/gen_no_arbiter.s_ready_i[0]_i_12_n_0
    SLICE_X3Y38          LUT6 (Prop_lut6_I4_O)        0.124     8.598 f  system_i/PS7/ps7_0_axi_periph/xbar/inst/gen_samd.crossbar_samd/gen_slave_slots[0].gen_si_read.si_transactor_ar/gen_multi_thread.active_target[57]_i_5__0/O
                         net (fo=8, routed)           0.497     9.096    system_i/PS7/ps7_0_axi_periph/xbar/inst/gen_samd.crossbar_samd/gen_slave_slots[0].gen_si_read.si_transactor_ar/gen_multi_thread.active_target[57]_i_5__0_n_0
    SLICE_X3Y38          LUT6 (Prop_lut6_I4_O)        0.124     9.220 r  system_i/PS7/ps7_0_axi_periph/xbar/inst/gen_samd.crossbar_samd/gen_slave_slots[0].gen_si_read.si_transactor_ar/gen_multi_thread.active_target[57]_i_1__0/O
                         net (fo=17, routed)          0.618     9.838    system_i/PS7/ps7_0_axi_periph/xbar/inst/gen_samd.crossbar_samd/gen_slave_slots[0].gen_si_read.si_transactor_ar/gen_multi_thread.arbiter_resp_inst/gen_multi_thread.cmd_push_7
    SLICE_X4Y38          LUT4 (Prop_lut4_I0_O)        0.124     9.962 r  system_i/PS7/ps7_0_axi_periph/xbar/inst/gen_samd.crossbar_samd/gen_slave_slots[0].gen_si_read.si_transactor_ar/gen_multi_thread.arbiter_resp_inst/gen_multi_thread.active_cnt[59]_i_1__0/O
                         net (fo=4, routed)           0.331    10.292    system_i/PS7/ps7_0_axi_periph/xbar/inst/gen_samd.crossbar_samd/gen_slave_slots[0].gen_si_read.si_transactor_ar/gen_multi_thread.arbiter_resp_inst_n_11
    SLICE_X4Y39          FDRE                                         r  system_i/PS7/ps7_0_axi_periph/xbar/inst/gen_samd.crossbar_samd/gen_slave_slots[0].gen_si_read.si_transactor_ar/gen_multi_thread.active_cnt_reg[57]/CE
  -------------------------------------------------------------------    -------------------

                         (clock clk_fpga_0 rise edge)
                                                      8.000     8.000 r  
    PS7_X0Y0             PS7                          0.000     8.000 r  system_i/PS7/processing_system7_0/inst/PS7_i/FCLKCLK[0]
                         net (fo=1, routed)           1.101     9.101    system_i/PS7/processing_system7_0/inst/FCLK_CLK_unbuffered[0]
    BUFGCTRL_X0Y0        BUFG (Prop_bufg_I_O)         0.091     9.192 r  system_i/PS7/processing_system7_0/inst/buffer_fclk_clk_0.FCLK_CLK_0_BUFG/O
                         net (fo=1567, routed)        1.549    10.741    system_i/PS7/ps7_0_axi_periph/xbar/inst/gen_samd.crossbar_samd/gen_slave_slots[0].gen_si_read.si_transactor_ar/aclk
    SLICE_X4Y39          FDRE                                         r  system_i/PS7/ps7_0_axi_periph/xbar/inst/gen_samd.crossbar_samd/gen_slave_slots[0].gen_si_read.si_transactor_ar/gen_multi_thread.active_cnt_reg[57]/C
                         clock pessimism              0.230    10.972    
                         clock uncertainty           -0.125    10.847    
    SLICE_X4Y39          FDRE (Setup_fdre_C_CE)      -0.169    10.678    system_i/PS7/ps7_0_axi_periph/xbar/inst/gen_samd.crossbar_samd/gen_slave_slots[0].gen_si_read.si_transactor_ar/gen_multi_thread.active_cnt_reg[57]
  -------------------------------------------------------------------
                         required time                         10.678    
                         arrival time                         -10.292    
  -------------------------------------------------------------------
                         slack                                  0.385    

Slack (MET) :             0.385ns  (required time - arrival time)
  Source:                 system_i/PS7/processing_system7_0/inst/PS7_i/MAXIGP0ACLK
                            (rising edge-triggered cell PS7 clocked by clk_fpga_0  {rise@0.000ns fall@4.000ns period=8.000ns})
  Destination:            system_i/PS7/ps7_0_axi_periph/xbar/inst/gen_samd.crossbar_samd/gen_slave_slots[0].gen_si_read.si_transactor_ar/gen_multi_thread.active_cnt_reg[58]/CE
                            (rising edge-triggered cell FDRE clocked by clk_fpga_0  {rise@0.000ns fall@4.000ns period=8.000ns})
  Path Group:             clk_fpga_0
  Path Type:              Setup (Max at Slow Process Corner)
  Requirement:            8.000ns  (clk_fpga_0 rise@8.000ns - clk_fpga_0 rise@0.000ns)
  Data Path Delay:        7.220ns  (logic 2.602ns (36.040%)  route 4.618ns (63.960%))
  Logic Levels:           6  (CARRY4=1 LUT4=1 LUT5=1 LUT6=3)
  Clock Path Skew:        -0.101ns (DCD - SCD + CPR)
    Destination Clock Delay (DCD):    2.741ns = ( 10.741 - 8.000 ) 
    Source Clock Delay      (SCD):    3.073ns
    Clock Pessimism Removal (CPR):    0.230ns
  Clock Uncertainty:      0.125ns  ((TSJ^2 + TIJ^2)^1/2 + DJ) / 2 + PE
    Total System Jitter     (TSJ):    0.071ns
    Total Input Jitter      (TIJ):    0.240ns
    Discrete Jitter          (DJ):    0.000ns
    Phase Error              (PE):    0.000ns

    Location             Delay type                Incr(ns)  Path(ns)    Netlist Resource(s)
  -------------------------------------------------------------------    -------------------
                         (clock clk_fpga_0 rise edge)
                                                      0.000     0.000 r  
    PS7_X0Y0             PS7                          0.000     0.000 r  system_i/PS7/processing_system7_0/inst/PS7_i/FCLKCLK[0]
                         net (fo=1, routed)           1.207     1.207    system_i/PS7/processing_system7_0/inst/FCLK_CLK_unbuffered[0]
    BUFGCTRL_X0Y0        BUFG (Prop_bufg_I_O)         0.101     1.308 r  system_i/PS7/processing_system7_0/inst/buffer_fclk_clk_0.FCLK_CLK_0_BUFG/O
                         net (fo=1567, routed)        1.765     3.073    system_i/PS7/processing_system7_0/inst/M_AXI_GP0_ACLK
    PS7_X0Y0             PS7                                          r  system_i/PS7/processing_system7_0/inst/PS7_i/MAXIGP0ACLK
  -------------------------------------------------------------------    -------------------
    PS7_X0Y0             PS7 (Prop_ps7_MAXIGP0ACLK_MAXIGP0ARID[1])
                                                      1.450     4.523 r  system_i/PS7/processing_system7_0/inst/PS7_i/MAXIGP0ARID[1]
                         net (fo=17, routed)          1.483     6.006    system_i/PS7/ps7_0_axi_periph/xbar/inst/gen_samd.crossbar_samd/gen_slave_slots[0].gen_si_read.si_transactor_ar/s_axi_arid[1]
    SLICE_X3Y33          LUT6 (Prop_lut6_I1_O)        0.124     6.130 r  system_i/PS7/ps7_0_axi_periph/xbar/inst/gen_samd.crossbar_samd/gen_slave_slots[0].gen_si_read.si_transactor_ar/gen_multi_thread.aid_match_30_carry_i_4/O
                         net (fo=1, routed)           0.000     6.130    system_i/PS7/ps7_0_axi_periph/xbar/inst/gen_samd.crossbar_samd/gen_slave_slots[0].gen_si_read.si_transactor_ar/gen_multi_thread.aid_match_30_carry_i_4_n_0
    SLICE_X3Y33          CARRY4 (Prop_carry4_S[0]_CO[3])
                                                      0.532     6.662 f  system_i/PS7/ps7_0_axi_periph/xbar/inst/gen_samd.crossbar_samd/gen_slave_slots[0].gen_si_read.si_transactor_ar/gen_multi_thread.aid_match_30_carry/CO[3]
                         net (fo=3, routed)           1.012     7.674    system_i/PS7/ps7_0_axi_periph/xbar/inst/gen_samd.crossbar_samd/gen_slave_slots[0].gen_si_read.si_transactor_ar/gen_multi_thread.aid_match_30
    SLICE_X3Y38          LUT5 (Prop_lut5_I0_O)        0.124     7.798 f  system_i/PS7/ps7_0_axi_periph/xbar/inst/gen_samd.crossbar_samd/gen_slave_slots[0].gen_si_read.si_transactor_ar/gen_no_arbiter.s_ready_i[0]_i_12/O
                         net (fo=2, routed)           0.677     8.474    system_i/PS7/ps7_0_axi_periph/xbar/inst/gen_samd.crossbar_samd/gen_slave_slots[0].gen_si_read.si_transactor_ar/gen_no_arbiter.s_ready_i[0]_i_12_n_0
    SLICE_X3Y38          LUT6 (Prop_lut6_I4_O)        0.124     8.598 f  system_i/PS7/ps7_0_axi_periph/xbar/inst/gen_samd.crossbar_samd/gen_slave_slots[0].gen_si_read.si_transactor_ar/gen_multi_thread.active_target[57]_i_5__0/O
                         net (fo=8, routed)           0.497     9.096    system_i/PS7/ps7_0_axi_periph/xbar/inst/gen_samd.crossbar_samd/gen_slave_slots[0].gen_si_read.si_transactor_ar/gen_multi_thread.active_target[57]_i_5__0_n_0
    SLICE_X3Y38          LUT6 (Prop_lut6_I4_O)        0.124     9.220 r  system_i/PS7/ps7_0_axi_periph/xbar/inst/gen_samd.crossbar_samd/gen_slave_slots[0].gen_si_read.si_transactor_ar/gen_multi_thread.active_target[57]_i_1__0/O
                         net (fo=17, routed)          0.618     9.838    system_i/PS7/ps7_0_axi_periph/xbar/inst/gen_samd.crossbar_samd/gen_slave_slots[0].gen_si_read.si_transactor_ar/gen_multi_thread.arbiter_resp_inst/gen_multi_thread.cmd_push_7
    SLICE_X4Y38          LUT4 (Prop_lut4_I0_O)        0.124     9.962 r  system_i/PS7/ps7_0_axi_periph/xbar/inst/gen_samd.crossbar_samd/gen_slave_slots[0].gen_si_read.si_transactor_ar/gen_multi_thread.arbiter_resp_inst/gen_multi_thread.active_cnt[59]_i_1__0/O
                         net (fo=4, routed)           0.331    10.292    system_i/PS7/ps7_0_axi_periph/xbar/inst/gen_samd.crossbar_samd/gen_slave_slots[0].gen_si_read.si_transactor_ar/gen_multi_thread.arbiter_resp_inst_n_11
    SLICE_X4Y39          FDRE                                         r  system_i/PS7/ps7_0_axi_periph/xbar/inst/gen_samd.crossbar_samd/gen_slave_slots[0].gen_si_read.si_transactor_ar/gen_multi_thread.active_cnt_reg[58]/CE
  -------------------------------------------------------------------    -------------------

                         (clock clk_fpga_0 rise edge)
                                                      8.000     8.000 r  
    PS7_X0Y0             PS7                          0.000     8.000 r  system_i/PS7/processing_system7_0/inst/PS7_i/FCLKCLK[0]
                         net (fo=1, routed)           1.101     9.101    system_i/PS7/processing_system7_0/inst/FCLK_CLK_unbuffered[0]
    BUFGCTRL_X0Y0        BUFG (Prop_bufg_I_O)         0.091     9.192 r  system_i/PS7/processing_system7_0/inst/buffer_fclk_clk_0.FCLK_CLK_0_BUFG/O
                         net (fo=1567, routed)        1.549    10.741    system_i/PS7/ps7_0_axi_periph/xbar/inst/gen_samd.crossbar_samd/gen_slave_slots[0].gen_si_read.si_transactor_ar/aclk
    SLICE_X4Y39          FDRE                                         r  system_i/PS7/ps7_0_axi_periph/xbar/inst/gen_samd.crossbar_samd/gen_slave_slots[0].gen_si_read.si_transactor_ar/gen_multi_thread.active_cnt_reg[58]/C
                         clock pessimism              0.230    10.972    
                         clock uncertainty           -0.125    10.847    
    SLICE_X4Y39          FDRE (Setup_fdre_C_CE)      -0.169    10.678    system_i/PS7/ps7_0_axi_periph/xbar/inst/gen_samd.crossbar_samd/gen_slave_slots[0].gen_si_read.si_transactor_ar/gen_multi_thread.active_cnt_reg[58]
  -------------------------------------------------------------------
                         required time                         10.678    
                         arrival time                         -10.292    
  -------------------------------------------------------------------
                         slack                                  0.385    

Slack (MET) :             0.385ns  (required time - arrival time)
  Source:                 system_i/PS7/processing_system7_0/inst/PS7_i/MAXIGP0ACLK
                            (rising edge-triggered cell PS7 clocked by clk_fpga_0  {rise@0.000ns fall@4.000ns period=8.000ns})
  Destination:            system_i/PS7/ps7_0_axi_periph/xbar/inst/gen_samd.crossbar_samd/gen_slave_slots[0].gen_si_read.si_transactor_ar/gen_multi_thread.active_cnt_reg[59]/CE
                            (rising edge-triggered cell FDRE clocked by clk_fpga_0  {rise@0.000ns fall@4.000ns period=8.000ns})
  Path Group:             clk_fpga_0
  Path Type:              Setup (Max at Slow Process Corner)
  Requirement:            8.000ns  (clk_fpga_0 rise@8.000ns - clk_fpga_0 rise@0.000ns)
  Data Path Delay:        7.220ns  (logic 2.602ns (36.040%)  route 4.618ns (63.960%))
  Logic Levels:           6  (CARRY4=1 LUT4=1 LUT5=1 LUT6=3)
  Clock Path Skew:        -0.101ns (DCD - SCD + CPR)
    Destination Clock Delay (DCD):    2.741ns = ( 10.741 - 8.000 ) 
    Source Clock Delay      (SCD):    3.073ns
    Clock Pessimism Removal (CPR):    0.230ns
  Clock Uncertainty:      0.125ns  ((TSJ^2 + TIJ^2)^1/2 + DJ) / 2 + PE
    Total System Jitter     (TSJ):    0.071ns
    Total Input Jitter      (TIJ):    0.240ns
    Discrete Jitter          (DJ):    0.000ns
    Phase Error              (PE):    0.000ns

    Location             Delay type                Incr(ns)  Path(ns)    Netlist Resource(s)
  -------------------------------------------------------------------    -------------------
                         (clock clk_fpga_0 rise edge)
                                                      0.000     0.000 r  
    PS7_X0Y0             PS7                          0.000     0.000 r  system_i/PS7/processing_system7_0/inst/PS7_i/FCLKCLK[0]
                         net (fo=1, routed)           1.207     1.207    system_i/PS7/processing_system7_0/inst/FCLK_CLK_unbuffered[0]
    BUFGCTRL_X0Y0        BUFG (Prop_bufg_I_O)         0.101     1.308 r  system_i/PS7/processing_system7_0/inst/buffer_fclk_clk_0.FCLK_CLK_0_BUFG/O
                         net (fo=1567, routed)        1.765     3.073    system_i/PS7/processing_system7_0/inst/M_AXI_GP0_ACLK
    PS7_X0Y0             PS7                                          r  system_i/PS7/processing_system7_0/inst/PS7_i/MAXIGP0ACLK
  -------------------------------------------------------------------    -------------------
    PS7_X0Y0             PS7 (Prop_ps7_MAXIGP0ACLK_MAXIGP0ARID[1])
                                                      1.450     4.523 r  system_i/PS7/processing_system7_0/inst/PS7_i/MAXIGP0ARID[1]
                         net (fo=17, routed)          1.483     6.006    system_i/PS7/ps7_0_axi_periph/xbar/inst/gen_samd.crossbar_samd/gen_slave_slots[0].gen_si_read.si_transactor_ar/s_axi_arid[1]
    SLICE_X3Y33          LUT6 (Prop_lut6_I1_O)        0.124     6.130 r  system_i/PS7/ps7_0_axi_periph/xbar/inst/gen_samd.crossbar_samd/gen_slave_slots[0].gen_si_read.si_transactor_ar/gen_multi_thread.aid_match_30_carry_i_4/O
                         net (fo=1, routed)           0.000     6.130    system_i/PS7/ps7_0_axi_periph/xbar/inst/gen_samd.crossbar_samd/gen_slave_slots[0].gen_si_read.si_transactor_ar/gen_multi_thread.aid_match_30_carry_i_4_n_0
    SLICE_X3Y33          CARRY4 (Prop_carry4_S[0]_CO[3])
                                                      0.532     6.662 f  system_i/PS7/ps7_0_axi_periph/xbar/inst/gen_samd.crossbar_samd/gen_slave_slots[0].gen_si_read.si_transactor_ar/gen_multi_thread.aid_match_30_carry/CO[3]
                         net (fo=3, routed)           1.012     7.674    system_i/PS7/ps7_0_axi_periph/xbar/inst/gen_samd.crossbar_samd/gen_slave_slots[0].gen_si_read.si_transactor_ar/gen_multi_thread.aid_match_30
    SLICE_X3Y38          LUT5 (Prop_lut5_I0_O)        0.124     7.798 f  system_i/PS7/ps7_0_axi_periph/xbar/inst/gen_samd.crossbar_samd/gen_slave_slots[0].gen_si_read.si_transactor_ar/gen_no_arbiter.s_ready_i[0]_i_12/O
                         net (fo=2, routed)           0.677     8.474    system_i/PS7/ps7_0_axi_periph/xbar/inst/gen_samd.crossbar_samd/gen_slave_slots[0].gen_si_read.si_transactor_ar/gen_no_arbiter.s_ready_i[0]_i_12_n_0
    SLICE_X3Y38          LUT6 (Prop_lut6_I4_O)        0.124     8.598 f  system_i/PS7/ps7_0_axi_periph/xbar/inst/gen_samd.crossbar_samd/gen_slave_slots[0].gen_si_read.si_transactor_ar/gen_multi_thread.active_target[57]_i_5__0/O
                         net (fo=8, routed)           0.497     9.096    system_i/PS7/ps7_0_axi_periph/xbar/inst/gen_samd.crossbar_samd/gen_slave_slots[0].gen_si_read.si_transactor_ar/gen_multi_thread.active_target[57]_i_5__0_n_0
    SLICE_X3Y38          LUT6 (Prop_lut6_I4_O)        0.124     9.220 r  system_i/PS7/ps7_0_axi_periph/xbar/inst/gen_samd.crossbar_samd/gen_slave_slots[0].gen_si_read.si_transactor_ar/gen_multi_thread.active_target[57]_i_1__0/O
                         net (fo=17, routed)          0.618     9.838    system_i/PS7/ps7_0_axi_periph/xbar/inst/gen_samd.crossbar_samd/gen_slave_slots[0].gen_si_read.si_transactor_ar/gen_multi_thread.arbiter_resp_inst/gen_multi_thread.cmd_push_7
    SLICE_X4Y38          LUT4 (Prop_lut4_I0_O)        0.124     9.962 r  system_i/PS7/ps7_0_axi_periph/xbar/inst/gen_samd.crossbar_samd/gen_slave_slots[0].gen_si_read.si_transactor_ar/gen_multi_thread.arbiter_resp_inst/gen_multi_thread.active_cnt[59]_i_1__0/O
                         net (fo=4, routed)           0.331    10.292    system_i/PS7/ps7_0_axi_periph/xbar/inst/gen_samd.crossbar_samd/gen_slave_slots[0].gen_si_read.si_transactor_ar/gen_multi_thread.arbiter_resp_inst_n_11
    SLICE_X4Y39          FDRE                                         r  system_i/PS7/ps7_0_axi_periph/xbar/inst/gen_samd.crossbar_samd/gen_slave_slots[0].gen_si_read.si_transactor_ar/gen_multi_thread.active_cnt_reg[59]/CE
  -------------------------------------------------------------------    -------------------

                         (clock clk_fpga_0 rise edge)
                                                      8.000     8.000 r  
    PS7_X0Y0             PS7                          0.000     8.000 r  system_i/PS7/processing_system7_0/inst/PS7_i/FCLKCLK[0]
                         net (fo=1, routed)           1.101     9.101    system_i/PS7/processing_system7_0/inst/FCLK_CLK_unbuffered[0]
    BUFGCTRL_X0Y0        BUFG (Prop_bufg_I_O)         0.091     9.192 r  system_i/PS7/processing_system7_0/inst/buffer_fclk_clk_0.FCLK_CLK_0_BUFG/O
                         net (fo=1567, routed)        1.549    10.741    system_i/PS7/ps7_0_axi_periph/xbar/inst/gen_samd.crossbar_samd/gen_slave_slots[0].gen_si_read.si_transactor_ar/aclk
    SLICE_X4Y39          FDRE                                         r  system_i/PS7/ps7_0_axi_periph/xbar/inst/gen_samd.crossbar_samd/gen_slave_slots[0].gen_si_read.si_transactor_ar/gen_multi_thread.active_cnt_reg[59]/C
                         clock pessimism              0.230    10.972    
                         clock uncertainty           -0.125    10.847    
    SLICE_X4Y39          FDRE (Setup_fdre_C_CE)      -0.169    10.678    system_i/PS7/ps7_0_axi_periph/xbar/inst/gen_samd.crossbar_samd/gen_slave_slots[0].gen_si_read.si_transactor_ar/gen_multi_thread.active_cnt_reg[59]
  -------------------------------------------------------------------
                         required time                         10.678    
                         arrival time                         -10.292    
  -------------------------------------------------------------------
                         slack                                  0.385    

Slack (MET) :             0.452ns  (required time - arrival time)
  Source:                 system_i/PS7/processing_system7_0/inst/PS7_i/MAXIGP0ACLK
                            (rising edge-triggered cell PS7 clocked by clk_fpga_0  {rise@0.000ns fall@4.000ns period=8.000ns})
  Destination:            system_i/PS7/ps7_0_axi_periph/xbar/inst/gen_samd.crossbar_samd/gen_slave_slots[0].gen_si_write.si_transactor_aw/gen_multi_thread.active_cnt_reg[48]/CE
                            (rising edge-triggered cell FDRE clocked by clk_fpga_0  {rise@0.000ns fall@4.000ns period=8.000ns})
  Path Group:             clk_fpga_0
  Path Type:              Setup (Max at Slow Process Corner)
  Requirement:            8.000ns  (clk_fpga_0 rise@8.000ns - clk_fpga_0 rise@0.000ns)
  Data Path Delay:        7.189ns  (logic 2.474ns (34.416%)  route 4.715ns (65.584%))
  Logic Levels:           6  (CARRY4=1 LUT4=1 LUT5=2 LUT6=2)
  Clock Path Skew:        -0.066ns (DCD - SCD + CPR)
    Destination Clock Delay (DCD):    2.740ns = ( 10.740 - 8.000 ) 
    Source Clock Delay      (SCD):    3.073ns
    Clock Pessimism Removal (CPR):    0.266ns
  Clock Uncertainty:      0.125ns  ((TSJ^2 + TIJ^2)^1/2 + DJ) / 2 + PE
    Total System Jitter     (TSJ):    0.071ns
    Total Input Jitter      (TIJ):    0.240ns
    Discrete Jitter          (DJ):    0.000ns
    Phase Error              (PE):    0.000ns

    Location             Delay type                Incr(ns)  Path(ns)    Netlist Resource(s)
  -------------------------------------------------------------------    -------------------
                         (clock clk_fpga_0 rise edge)
                                                      0.000     0.000 r  
    PS7_X0Y0             PS7                          0.000     0.000 r  system_i/PS7/processing_system7_0/inst/PS7_i/FCLKCLK[0]
                         net (fo=1, routed)           1.207     1.207    system_i/PS7/processing_system7_0/inst/FCLK_CLK_unbuffered[0]
    BUFGCTRL_X0Y0        BUFG (Prop_bufg_I_O)         0.101     1.308 r  system_i/PS7/processing_system7_0/inst/buffer_fclk_clk_0.FCLK_CLK_0_BUFG/O
                         net (fo=1567, routed)        1.765     3.073    system_i/PS7/processing_system7_0/inst/M_AXI_GP0_ACLK
    PS7_X0Y0             PS7                                          r  system_i/PS7/processing_system7_0/inst/PS7_i/MAXIGP0ACLK
  -------------------------------------------------------------------    -------------------
    PS7_X0Y0             PS7 (Prop_ps7_MAXIGP0ACLK_MAXIGP0AWID[11])
                                                      1.453     4.526 r  system_i/PS7/processing_system7_0/inst/PS7_i/MAXIGP0AWID[11]
                         net (fo=17, routed)          1.625     6.151    system_i/PS7/ps7_0_axi_periph/xbar/inst/gen_samd.crossbar_samd/gen_slave_slots[0].gen_si_write.si_transactor_aw/s_axi_awid[11]
    SLICE_X7Y47          LUT6 (Prop_lut6_I2_O)        0.124     6.275 r  system_i/PS7/ps7_0_axi_periph/xbar/inst/gen_samd.crossbar_samd/gen_slave_slots[0].gen_si_write.si_transactor_aw/gen_multi_thread.aid_match_30_carry_i_1__0/O
                         net (fo=1, routed)           0.000     6.275    system_i/PS7/ps7_0_axi_periph/xbar/inst/gen_samd.crossbar_samd/gen_slave_slots[0].gen_si_write.si_transactor_aw/gen_multi_thread.aid_match_30_carry_i_1__0_n_0
    SLICE_X7Y47          CARRY4 (Prop_carry4_S[3]_CO[3])
                                                      0.401     6.676 f  system_i/PS7/ps7_0_axi_periph/xbar/inst/gen_samd.crossbar_samd/gen_slave_slots[0].gen_si_write.si_transactor_aw/gen_multi_thread.aid_match_30_carry/CO[3]
                         net (fo=3, routed)           0.870     7.546    system_i/PS7/ps7_0_axi_periph/xbar/inst/gen_samd.crossbar_samd/gen_slave_slots[0].gen_si_write.si_transactor_aw/gen_multi_thread.aid_match_30
    SLICE_X5Y49          LUT5 (Prop_lut5_I0_O)        0.124     7.670 f  system_i/PS7/ps7_0_axi_periph/xbar/inst/gen_samd.crossbar_samd/gen_slave_slots[0].gen_si_write.si_transactor_aw/gen_multi_thread.active_target[57]_i_13/O
                         net (fo=2, routed)           0.579     8.249    system_i/PS7/ps7_0_axi_periph/xbar/inst/gen_samd.crossbar_samd/gen_slave_slots[0].gen_si_write.si_transactor_aw/gen_multi_thread.active_target[57]_i_13_n_0
    SLICE_X2Y49          LUT6 (Prop_lut6_I5_O)        0.124     8.373 f  system_i/PS7/ps7_0_axi_periph/xbar/inst/gen_samd.crossbar_samd/gen_slave_slots[0].gen_si_write.si_transactor_aw/gen_multi_thread.active_target[57]_i_6/O
                         net (fo=8, routed)           0.637     9.009    system_i/PS7/ps7_0_axi_periph/xbar/inst/gen_samd.crossbar_samd/gen_slave_slots[0].gen_si_write.si_transactor_aw/gen_multi_thread.active_target[57]_i_6_n_0
    SLICE_X1Y49          LUT5 (Prop_lut5_I2_O)        0.124     9.133 r  system_i/PS7/ps7_0_axi_periph/xbar/inst/gen_samd.crossbar_samd/gen_slave_slots[0].gen_si_write.si_transactor_aw/gen_multi_thread.active_target[49]_i_1/O
                         net (fo=17, routed)          0.522     9.655    system_i/PS7/ps7_0_axi_periph/xbar/inst/gen_samd.crossbar_samd/gen_slave_slots[0].gen_si_write.si_transactor_aw/gen_multi_thread.arbiter_resp_inst/gen_multi_thread.cmd_push_6
    SLICE_X1Y49          LUT4 (Prop_lut4_I0_O)        0.124     9.779 r  system_i/PS7/ps7_0_axi_periph/xbar/inst/gen_samd.crossbar_samd/gen_slave_slots[0].gen_si_write.si_transactor_aw/gen_multi_thread.arbiter_resp_inst/gen_multi_thread.active_cnt[51]_i_1/O
                         net (fo=4, routed)           0.482    10.261    system_i/PS7/ps7_0_axi_periph/xbar/inst/gen_samd.crossbar_samd/gen_slave_slots[0].gen_si_write.si_transactor_aw/gen_multi_thread.arbiter_resp_inst_n_10
    SLICE_X0Y49          FDRE                                         r  system_i/PS7/ps7_0_axi_periph/xbar/inst/gen_samd.crossbar_samd/gen_slave_slots[0].gen_si_write.si_transactor_aw/gen_multi_thread.active_cnt_reg[48]/CE
  -------------------------------------------------------------------    -------------------

                         (clock clk_fpga_0 rise edge)
                                                      8.000     8.000 r  
    PS7_X0Y0             PS7                          0.000     8.000 r  system_i/PS7/processing_system7_0/inst/PS7_i/FCLKCLK[0]
                         net (fo=1, routed)           1.101     9.101    system_i/PS7/processing_system7_0/inst/FCLK_CLK_unbuffered[0]
    BUFGCTRL_X0Y0        BUFG (Prop_bufg_I_O)         0.091     9.192 r  system_i/PS7/processing_system7_0/inst/buffer_fclk_clk_0.FCLK_CLK_0_BUFG/O
                         net (fo=1567, routed)        1.548    10.740    system_i/PS7/ps7_0_axi_periph/xbar/inst/gen_samd.crossbar_samd/gen_slave_slots[0].gen_si_write.si_transactor_aw/aclk
    SLICE_X0Y49          FDRE                                         r  system_i/PS7/ps7_0_axi_periph/xbar/inst/gen_samd.crossbar_samd/gen_slave_slots[0].gen_si_write.si_transactor_aw/gen_multi_thread.active_cnt_reg[48]/C
                         clock pessimism              0.266    11.007    
                         clock uncertainty           -0.125    10.882    
    SLICE_X0Y49          FDRE (Setup_fdre_C_CE)      -0.169    10.713    system_i/PS7/ps7_0_axi_periph/xbar/inst/gen_samd.crossbar_samd/gen_slave_slots[0].gen_si_write.si_transactor_aw/gen_multi_thread.active_cnt_reg[48]
  -------------------------------------------------------------------
                         required time                         10.713    
                         arrival time                         -10.261    
  -------------------------------------------------------------------
                         slack                                  0.452    





Min Delay Paths
--------------------------------------------------------------------------------------
Slack (MET) :             0.021ns  (arrival time - required time)
  Source:                 system_i/axi_gpio_0/U0/gpio_core_1/Dual.gpio2_Data_In_reg[2]/C
                            (rising edge-triggered cell FDRE clocked by clk_fpga_0  {rise@0.000ns fall@4.000ns period=8.000ns})
  Destination:            system_i/axi_gpio_0/U0/gpio_core_1/Dual.ALLIN0_ND_G2.READ_REG2_GEN[2].reg3_reg[20]/D
                            (rising edge-triggered cell FDRE clocked by clk_fpga_0  {rise@0.000ns fall@4.000ns period=8.000ns})
  Path Group:             clk_fpga_0
  Path Type:              Hold (Min at Fast Process Corner)
  Requirement:            0.000ns  (clk_fpga_0 rise@0.000ns - clk_fpga_0 rise@0.000ns)
  Data Path Delay:        0.378ns  (logic 0.186ns (49.208%)  route 0.192ns (50.792%))
  Logic Levels:           1  (LUT5=1)
  Clock Path Skew:        0.265ns (DCD - SCD - CPR)
    Destination Clock Delay (DCD):    1.196ns
    Source Clock Delay      (SCD):    0.897ns
    Clock Pessimism Removal (CPR):    0.034ns

    Location             Delay type                Incr(ns)  Path(ns)    Netlist Resource(s)
  -------------------------------------------------------------------    -------------------
                         (clock clk_fpga_0 rise edge)
                                                      0.000     0.000 r  
    PS7_X0Y0             PS7                          0.000     0.000 r  system_i/PS7/processing_system7_0/inst/PS7_i/FCLKCLK[0]
                         net (fo=1, routed)           0.315     0.315    system_i/PS7/processing_system7_0/inst/FCLK_CLK_unbuffered[0]
    BUFGCTRL_X0Y0        BUFG (Prop_bufg_I_O)         0.026     0.341 r  system_i/PS7/processing_system7_0/inst/buffer_fclk_clk_0.FCLK_CLK_0_BUFG/O
                         net (fo=1567, routed)        0.556     0.897    system_i/axi_gpio_0/U0/gpio_core_1/s_axi_aclk
    SLICE_X25Y35         FDRE                                         r  system_i/axi_gpio_0/U0/gpio_core_1/Dual.gpio2_Data_In_reg[2]/C
  -------------------------------------------------------------------    -------------------
    SLICE_X25Y35         FDRE (Prop_fdre_C_Q)         0.141     1.038 r  system_i/axi_gpio_0/U0/gpio_core_1/Dual.gpio2_Data_In_reg[2]/Q
                         net (fo=1, routed)           0.192     1.229    system_i/axi_gpio_0/U0/gpio_core_1/gpio2_Data_In[2]
    SLICE_X21Y37         LUT5 (Prop_lut5_I0_O)        0.045     1.274 r  system_i/axi_gpio_0/U0/gpio_core_1/Dual.ALLIN0_ND_G2.READ_REG2_GEN[2].reg3[20]_i_1/O
                         net (fo=1, routed)           0.000     1.274    system_i/axi_gpio_0/U0/gpio_core_1/Read_Reg2_In[2]
    SLICE_X21Y37         FDRE                                         r  system_i/axi_gpio_0/U0/gpio_core_1/Dual.ALLIN0_ND_G2.READ_REG2_GEN[2].reg3_reg[20]/D
  -------------------------------------------------------------------    -------------------

                         (clock clk_fpga_0 rise edge)
                                                      0.000     0.000 r  
    PS7_X0Y0             PS7                          0.000     0.000 r  system_i/PS7/processing_system7_0/inst/PS7_i/FCLKCLK[0]
                         net (fo=1, routed)           0.341     0.341    system_i/PS7/processing_system7_0/inst/FCLK_CLK_unbuffered[0]
    BUFGCTRL_X0Y0        BUFG (Prop_bufg_I_O)         0.029     0.370 r  system_i/PS7/processing_system7_0/inst/buffer_fclk_clk_0.FCLK_CLK_0_BUFG/O
                         net (fo=1567, routed)        0.826     1.196    system_i/axi_gpio_0/U0/gpio_core_1/s_axi_aclk
    SLICE_X21Y37         FDRE                                         r  system_i/axi_gpio_0/U0/gpio_core_1/Dual.ALLIN0_ND_G2.READ_REG2_GEN[2].reg3_reg[20]/C
                         clock pessimism             -0.034     1.162    
    SLICE_X21Y37         FDRE (Hold_fdre_C_D)         0.092     1.254    system_i/axi_gpio_0/U0/gpio_core_1/Dual.ALLIN0_ND_G2.READ_REG2_GEN[2].reg3_reg[20]
  -------------------------------------------------------------------
                         required time                         -1.254    
                         arrival time                           1.274    
  -------------------------------------------------------------------
                         slack                                  0.021    

Slack (MET) :             0.036ns  (arrival time - required time)
  Source:                 system_i/PS7/ps7_0_axi_periph/m00_couplers/auto_pc/inst/gen_axilite.gen_b2s_conv.axilite_b2s/WR.aw_channel_0/s_awlen_r_reg[1]/C
                            (rising edge-triggered cell FDRE clocked by clk_fpga_0  {rise@0.000ns fall@4.000ns period=8.000ns})
  Destination:            system_i/PS7/ps7_0_axi_periph/m00_couplers/auto_pc/inst/gen_axilite.gen_b2s_conv.axilite_b2s/WR.b_channel_0/bid_fifo_0/memory_reg[3][1]_srl4/D
                            (rising edge-triggered cell SRL16E clocked by clk_fpga_0  {rise@0.000ns fall@4.000ns period=8.000ns})
  Path Group:             clk_fpga_0
  Path Type:              Hold (Min at Fast Process Corner)
  Requirement:            0.000ns  (clk_fpga_0 rise@0.000ns - clk_fpga_0 rise@0.000ns)
  Data Path Delay:        0.412ns  (logic 0.164ns (39.849%)  route 0.248ns (60.151%))
  Logic Levels:           0  
  Clock Path Skew:        0.266ns (DCD - SCD - CPR)
    Destination Clock Delay (DCD):    1.200ns
    Source Clock Delay      (SCD):    0.905ns
    Clock Pessimism Removal (CPR):    0.029ns

    Location             Delay type                Incr(ns)  Path(ns)    Netlist Resource(s)
  -------------------------------------------------------------------    -------------------
                         (clock clk_fpga_0 rise edge)
                                                      0.000     0.000 r  
    PS7_X0Y0             PS7                          0.000     0.000 r  system_i/PS7/processing_system7_0/inst/PS7_i/FCLKCLK[0]
                         net (fo=1, routed)           0.315     0.315    system_i/PS7/processing_system7_0/inst/FCLK_CLK_unbuffered[0]
    BUFGCTRL_X0Y0        BUFG (Prop_bufg_I_O)         0.026     0.341 r  system_i/PS7/processing_system7_0/inst/buffer_fclk_clk_0.FCLK_CLK_0_BUFG/O
                         net (fo=1567, routed)        0.564     0.905    system_i/PS7/ps7_0_axi_periph/m00_couplers/auto_pc/inst/gen_axilite.gen_b2s_conv.axilite_b2s/WR.aw_channel_0/aclk
    SLICE_X16Y49         FDRE                                         r  system_i/PS7/ps7_0_axi_periph/m00_couplers/auto_pc/inst/gen_axilite.gen_b2s_conv.axilite_b2s/WR.aw_channel_0/s_awlen_r_reg[1]/C
  -------------------------------------------------------------------    -------------------
    SLICE_X16Y49         FDRE (Prop_fdre_C_Q)         0.164     1.069 r  system_i/PS7/ps7_0_axi_periph/m00_couplers/auto_pc/inst/gen_axilite.gen_b2s_conv.axilite_b2s/WR.aw_channel_0/s_awlen_r_reg[1]/Q
                         net (fo=1, routed)           0.248     1.316    system_i/PS7/ps7_0_axi_periph/m00_couplers/auto_pc/inst/gen_axilite.gen_b2s_conv.axilite_b2s/WR.b_channel_0/bid_fifo_0/in[1]
    SLICE_X16Y54         SRL16E                                       r  system_i/PS7/ps7_0_axi_periph/m00_couplers/auto_pc/inst/gen_axilite.gen_b2s_conv.axilite_b2s/WR.b_channel_0/bid_fifo_0/memory_reg[3][1]_srl4/D
  -------------------------------------------------------------------    -------------------

                         (clock clk_fpga_0 rise edge)
                                                      0.000     0.000 r  
    PS7_X0Y0             PS7                          0.000     0.000 r  system_i/PS7/processing_system7_0/inst/PS7_i/FCLKCLK[0]
                         net (fo=1, routed)           0.341     0.341    system_i/PS7/processing_system7_0/inst/FCLK_CLK_unbuffered[0]
    BUFGCTRL_X0Y0        BUFG (Prop_bufg_I_O)         0.029     0.370 r  system_i/PS7/processing_system7_0/inst/buffer_fclk_clk_0.FCLK_CLK_0_BUFG/O
                         net (fo=1567, routed)        0.830     1.200    system_i/PS7/ps7_0_axi_periph/m00_couplers/auto_pc/inst/gen_axilite.gen_b2s_conv.axilite_b2s/WR.b_channel_0/bid_fifo_0/aclk
    SLICE_X16Y54         SRL16E                                       r  system_i/PS7/ps7_0_axi_periph/m00_couplers/auto_pc/inst/gen_axilite.gen_b2s_conv.axilite_b2s/WR.b_channel_0/bid_fifo_0/memory_reg[3][1]_srl4/CLK
                         clock pessimism             -0.029     1.171    
    SLICE_X16Y54         SRL16E (Hold_srl16e_CLK_D)
                                                      0.109     1.280    system_i/PS7/ps7_0_axi_periph/m00_couplers/auto_pc/inst/gen_axilite.gen_b2s_conv.axilite_b2s/WR.b_channel_0/bid_fifo_0/memory_reg[3][1]_srl4
  -------------------------------------------------------------------
                         required time                         -1.280    
                         arrival time                           1.316    
  -------------------------------------------------------------------
                         slack                                  0.036    

Slack (MET) :             0.065ns  (arrival time - required time)
  Source:                 system_i/axi_gpio_0/U0/gpio_core_1/Dual.gpio_Data_In_reg[26]/C
                            (rising edge-triggered cell FDRE clocked by clk_fpga_0  {rise@0.000ns fall@4.000ns period=8.000ns})
  Destination:            system_i/axi_gpio_0/U0/gpio_core_1/Dual.ALLIN0_ND_G0.READ_REG_GEN[26].reg1_reg[26]/D
                            (rising edge-triggered cell FDRE clocked by clk_fpga_0  {rise@0.000ns fall@4.000ns period=8.000ns})
  Path Group:             clk_fpga_0
  Path Type:              Hold (Min at Fast Process Corner)
  Requirement:            0.000ns  (clk_fpga_0 rise@0.000ns - clk_fpga_0 rise@0.000ns)
  Data Path Delay:        0.423ns  (logic 0.186ns (43.969%)  route 0.237ns (56.031%))
  Logic Levels:           1  (LUT5=1)
  Clock Path Skew:        0.266ns (DCD - SCD - CPR)
    Destination Clock Delay (DCD):    1.197ns
    Source Clock Delay      (SCD):    0.897ns
    Clock Pessimism Removal (CPR):    0.034ns

    Location             Delay type                Incr(ns)  Path(ns)    Netlist Resource(s)
  -------------------------------------------------------------------    -------------------
                         (clock clk_fpga_0 rise edge)
                                                      0.000     0.000 r  
    PS7_X0Y0             PS7                          0.000     0.000 r  system_i/PS7/processing_system7_0/inst/PS7_i/FCLKCLK[0]
                         net (fo=1, routed)           0.315     0.315    system_i/PS7/processing_system7_0/inst/FCLK_CLK_unbuffered[0]
    BUFGCTRL_X0Y0        BUFG (Prop_bufg_I_O)         0.026     0.341 r  system_i/PS7/processing_system7_0/inst/buffer_fclk_clk_0.FCLK_CLK_0_BUFG/O
                         net (fo=1567, routed)        0.556     0.897    system_i/axi_gpio_0/U0/gpio_core_1/s_axi_aclk
    SLICE_X23Y35         FDRE                                         r  system_i/axi_gpio_0/U0/gpio_core_1/Dual.gpio_Data_In_reg[26]/C
  -------------------------------------------------------------------    -------------------
    SLICE_X23Y35         FDRE (Prop_fdre_C_Q)         0.141     1.038 r  system_i/axi_gpio_0/U0/gpio_core_1/Dual.gpio_Data_In_reg[26]/Q
                         net (fo=1, routed)           0.237     1.275    system_i/axi_gpio_0/U0/gpio_core_1/gpio_Data_In[26]
    SLICE_X19Y37         LUT5 (Prop_lut5_I0_O)        0.045     1.320 r  system_i/axi_gpio_0/U0/gpio_core_1/Dual.ALLIN0_ND_G0.READ_REG_GEN[26].reg1[26]_i_1/O
                         net (fo=1, routed)           0.000     1.320    system_i/axi_gpio_0/U0/gpio_core_1/Dual.ALLIN0_ND_G0.READ_REG_GEN[26].reg1[26]_i_1_n_0
    SLICE_X19Y37         FDRE                                         r  system_i/axi_gpio_0/U0/gpio_core_1/Dual.ALLIN0_ND_G0.READ_REG_GEN[26].reg1_reg[26]/D
  -------------------------------------------------------------------    -------------------

                         (clock clk_fpga_0 rise edge)
                                                      0.000     0.000 r  
    PS7_X0Y0             PS7                          0.000     0.000 r  system_i/PS7/processing_system7_0/inst/PS7_i/FCLKCLK[0]
                         net (fo=1, routed)           0.341     0.341    system_i/PS7/processing_system7_0/inst/FCLK_CLK_unbuffered[0]
    BUFGCTRL_X0Y0        BUFG (Prop_bufg_I_O)         0.029     0.370 r  system_i/PS7/processing_system7_0/inst/buffer_fclk_clk_0.FCLK_CLK_0_BUFG/O
                         net (fo=1567, routed)        0.827     1.197    system_i/axi_gpio_0/U0/gpio_core_1/s_axi_aclk
    SLICE_X19Y37         FDRE                                         r  system_i/axi_gpio_0/U0/gpio_core_1/Dual.ALLIN0_ND_G0.READ_REG_GEN[26].reg1_reg[26]/C
                         clock pessimism             -0.034     1.163    
    SLICE_X19Y37         FDRE (Hold_fdre_C_D)         0.092     1.255    system_i/axi_gpio_0/U0/gpio_core_1/Dual.ALLIN0_ND_G0.READ_REG_GEN[26].reg1_reg[26]
  -------------------------------------------------------------------
                         required time                         -1.255    
                         arrival time                           1.320    
  -------------------------------------------------------------------
                         slack                                  0.065    

Slack (MET) :             0.067ns  (arrival time - required time)
  Source:                 system_i/axi_gpio_0/U0/AXI_LITE_IPIF_I/I_SLAVE_ATTACHMENT/s_axi_rdata_i_reg[17]/C
                            (rising edge-triggered cell FDRE clocked by clk_fpga_0  {rise@0.000ns fall@4.000ns period=8.000ns})
  Destination:            system_i/PS7/ps7_0_axi_periph/m00_couplers/auto_pc/inst/gen_axilite.gen_b2s_conv.axilite_b2s/RD.r_channel_0/rd_data_fifo_0/memory_reg[31][17]_srl32/D
                            (rising edge-triggered cell SRLC32E clocked by clk_fpga_0  {rise@0.000ns fall@4.000ns period=8.000ns})
  Path Group:             clk_fpga_0
  Path Type:              Hold (Min at Fast Process Corner)
  Requirement:            0.000ns  (clk_fpga_0 rise@0.000ns - clk_fpga_0 rise@0.000ns)
  Data Path Delay:        0.197ns  (logic 0.141ns (71.611%)  route 0.056ns (28.389%))
  Logic Levels:           0  
  Clock Path Skew:        0.013ns (DCD - SCD - CPR)
    Destination Clock Delay (DCD):    1.200ns
    Source Clock Delay      (SCD):    0.903ns
    Clock Pessimism Removal (CPR):    0.284ns

    Location             Delay type                Incr(ns)  Path(ns)    Netlist Resource(s)
  -------------------------------------------------------------------    -------------------
                         (clock clk_fpga_0 rise edge)
                                                      0.000     0.000 r  
    PS7_X0Y0             PS7                          0.000     0.000 r  system_i/PS7/processing_system7_0/inst/PS7_i/FCLKCLK[0]
                         net (fo=1, routed)           0.315     0.315    system_i/PS7/processing_system7_0/inst/FCLK_CLK_unbuffered[0]
    BUFGCTRL_X0Y0        BUFG (Prop_bufg_I_O)         0.026     0.341 r  system_i/PS7/processing_system7_0/inst/buffer_fclk_clk_0.FCLK_CLK_0_BUFG/O
                         net (fo=1567, routed)        0.562     0.903    system_i/axi_gpio_0/U0/AXI_LITE_IPIF_I/I_SLAVE_ATTACHMENT/s_axi_aclk
    SLICE_X17Y42         FDRE                                         r  system_i/axi_gpio_0/U0/AXI_LITE_IPIF_I/I_SLAVE_ATTACHMENT/s_axi_rdata_i_reg[17]/C
  -------------------------------------------------------------------    -------------------
    SLICE_X17Y42         FDRE (Prop_fdre_C_Q)         0.141     1.044 r  system_i/axi_gpio_0/U0/AXI_LITE_IPIF_I/I_SLAVE_ATTACHMENT/s_axi_rdata_i_reg[17]/Q
                         net (fo=1, routed)           0.056     1.099    system_i/PS7/ps7_0_axi_periph/m00_couplers/auto_pc/inst/gen_axilite.gen_b2s_conv.axilite_b2s/RD.r_channel_0/rd_data_fifo_0/in[17]
    SLICE_X16Y42         SRLC32E                                      r  system_i/PS7/ps7_0_axi_periph/m00_couplers/auto_pc/inst/gen_axilite.gen_b2s_conv.axilite_b2s/RD.r_channel_0/rd_data_fifo_0/memory_reg[31][17]_srl32/D
  -------------------------------------------------------------------    -------------------

                         (clock clk_fpga_0 rise edge)
                                                      0.000     0.000 r  
    PS7_X0Y0             PS7                          0.000     0.000 r  system_i/PS7/processing_system7_0/inst/PS7_i/FCLKCLK[0]
                         net (fo=1, routed)           0.341     0.341    system_i/PS7/processing_system7_0/inst/FCLK_CLK_unbuffered[0]
    BUFGCTRL_X0Y0        BUFG (Prop_bufg_I_O)         0.029     0.370 r  system_i/PS7/processing_system7_0/inst/buffer_fclk_clk_0.FCLK_CLK_0_BUFG/O
                         net (fo=1567, routed)        0.830     1.200    system_i/PS7/ps7_0_axi_periph/m00_couplers/auto_pc/inst/gen_axilite.gen_b2s_conv.axilite_b2s/RD.r_channel_0/rd_data_fifo_0/aclk
    SLICE_X16Y42         SRLC32E                                      r  system_i/PS7/ps7_0_axi_periph/m00_couplers/auto_pc/inst/gen_axilite.gen_b2s_conv.axilite_b2s/RD.r_channel_0/rd_data_fifo_0/memory_reg[31][17]_srl32/CLK
                         clock pessimism             -0.284     0.916    
    SLICE_X16Y42         SRLC32E (Hold_srlc32e_CLK_D)
                                                      0.117     1.033    system_i/PS7/ps7_0_axi_periph/m00_couplers/auto_pc/inst/gen_axilite.gen_b2s_conv.axilite_b2s/RD.r_channel_0/rd_data_fifo_0/memory_reg[31][17]_srl32
  -------------------------------------------------------------------
                         required time                         -1.033    
                         arrival time                           1.099    
  -------------------------------------------------------------------
                         slack                                  0.067    

Slack (MET) :             0.067ns  (arrival time - required time)
  Source:                 system_i/axi_gpio_0/U0/AXI_LITE_IPIF_I/I_SLAVE_ATTACHMENT/s_axi_rdata_i_reg[0]/C
                            (rising edge-triggered cell FDRE clocked by clk_fpga_0  {rise@0.000ns fall@4.000ns period=8.000ns})
  Destination:            system_i/PS7/ps7_0_axi_periph/m00_couplers/auto_pc/inst/gen_axilite.gen_b2s_conv.axilite_b2s/RD.r_channel_0/rd_data_fifo_0/memory_reg[31][0]_srl32/D
                            (rising edge-triggered cell SRLC32E clocked by clk_fpga_0  {rise@0.000ns fall@4.000ns period=8.000ns})
  Path Group:             clk_fpga_0
  Path Type:              Hold (Min at Fast Process Corner)
  Requirement:            0.000ns  (clk_fpga_0 rise@0.000ns - clk_fpga_0 rise@0.000ns)
  Data Path Delay:        0.197ns  (logic 0.141ns (71.611%)  route 0.056ns (28.389%))
  Logic Levels:           0  
  Clock Path Skew:        0.013ns (DCD - SCD - CPR)
    Destination Clock Delay (DCD):    1.199ns
    Source Clock Delay      (SCD):    0.902ns
    Clock Pessimism Removal (CPR):    0.284ns

    Location             Delay type                Incr(ns)  Path(ns)    Netlist Resource(s)
  -------------------------------------------------------------------    -------------------
                         (clock clk_fpga_0 rise edge)
                                                      0.000     0.000 r  
    PS7_X0Y0             PS7                          0.000     0.000 r  system_i/PS7/processing_system7_0/inst/PS7_i/FCLKCLK[0]
                         net (fo=1, routed)           0.315     0.315    system_i/PS7/processing_system7_0/inst/FCLK_CLK_unbuffered[0]
    BUFGCTRL_X0Y0        BUFG (Prop_bufg_I_O)         0.026     0.341 r  system_i/PS7/processing_system7_0/inst/buffer_fclk_clk_0.FCLK_CLK_0_BUFG/O
                         net (fo=1567, routed)        0.561     0.901    system_i/axi_gpio_0/U0/AXI_LITE_IPIF_I/I_SLAVE_ATTACHMENT/s_axi_aclk
    SLICE_X17Y38         FDRE                                         r  system_i/axi_gpio_0/U0/AXI_LITE_IPIF_I/I_SLAVE_ATTACHMENT/s_axi_rdata_i_reg[0]/C
  -------------------------------------------------------------------    -------------------
    SLICE_X17Y38         FDRE (Prop_fdre_C_Q)         0.141     1.043 r  system_i/axi_gpio_0/U0/AXI_LITE_IPIF_I/I_SLAVE_ATTACHMENT/s_axi_rdata_i_reg[0]/Q
                         net (fo=1, routed)           0.056     1.098    system_i/PS7/ps7_0_axi_periph/m00_couplers/auto_pc/inst/gen_axilite.gen_b2s_conv.axilite_b2s/RD.r_channel_0/rd_data_fifo_0/in[0]
    SLICE_X16Y38         SRLC32E                                      r  system_i/PS7/ps7_0_axi_periph/m00_couplers/auto_pc/inst/gen_axilite.gen_b2s_conv.axilite_b2s/RD.r_channel_0/rd_data_fifo_0/memory_reg[31][0]_srl32/D
  -------------------------------------------------------------------    -------------------

                         (clock clk_fpga_0 rise edge)
                                                      0.000     0.000 r  
    PS7_X0Y0             PS7                          0.000     0.000 r  system_i/PS7/processing_system7_0/inst/PS7_i/FCLKCLK[0]
                         net (fo=1, routed)           0.341     0.341    system_i/PS7/processing_system7_0/inst/FCLK_CLK_unbuffered[0]
    BUFGCTRL_X0Y0        BUFG (Prop_bufg_I_O)         0.029     0.370 r  system_i/PS7/processing_system7_0/inst/buffer_fclk_clk_0.FCLK_CLK_0_BUFG/O
                         net (fo=1567, routed)        0.829     1.199    system_i/PS7/ps7_0_axi_periph/m00_couplers/auto_pc/inst/gen_axilite.gen_b2s_conv.axilite_b2s/RD.r_channel_0/rd_data_fifo_0/aclk
    SLICE_X16Y38         SRLC32E                                      r  system_i/PS7/ps7_0_axi_periph/m00_couplers/auto_pc/inst/gen_axilite.gen_b2s_conv.axilite_b2s/RD.r_channel_0/rd_data_fifo_0/memory_reg[31][0]_srl32/CLK
                         clock pessimism             -0.284     0.915    
    SLICE_X16Y38         SRLC32E (Hold_srlc32e_CLK_D)
                                                      0.117     1.032    system_i/PS7/ps7_0_axi_periph/m00_couplers/auto_pc/inst/gen_axilite.gen_b2s_conv.axilite_b2s/RD.r_channel_0/rd_data_fifo_0/memory_reg[31][0]_srl32
  -------------------------------------------------------------------
                         required time                         -1.031    
                         arrival time                           1.098    
  -------------------------------------------------------------------
                         slack                                  0.067    

Slack (MET) :             0.075ns  (arrival time - required time)
  Source:                 system_i/PS7/ps7_0_axi_periph/xbar/inst/gen_samd.crossbar_samd/gen_decerr_slave.decerr_slave_inst/gen_axi.s_axi_awready_i_reg/C
                            (rising edge-triggered cell FDRE clocked by clk_fpga_0  {rise@0.000ns fall@4.000ns period=8.000ns})
  Destination:            system_i/PS7/ps7_0_axi_periph/xbar/inst/gen_samd.crossbar_samd/gen_master_slots[2].w_issuing_cnt_reg[16]/D
                            (rising edge-triggered cell FDRE clocked by clk_fpga_0  {rise@0.000ns fall@4.000ns period=8.000ns})
  Path Group:             clk_fpga_0
  Path Type:              Hold (Min at Fast Process Corner)
  Requirement:            0.000ns  (clk_fpga_0 rise@0.000ns - clk_fpga_0 rise@0.000ns)
  Data Path Delay:        0.462ns  (logic 0.209ns (45.234%)  route 0.253ns (54.766%))
  Logic Levels:           1  (LUT6=1)
  Clock Path Skew:        0.267ns (DCD - SCD - CPR)
    Destination Clock Delay (DCD):    1.204ns
    Source Clock Delay      (SCD):    0.908ns
    Clock Pessimism Removal (CPR):    0.029ns

    Location             Delay type                Incr(ns)  Path(ns)    Netlist Resource(s)
  -------------------------------------------------------------------    -------------------
                         (clock clk_fpga_0 rise edge)
                                                      0.000     0.000 r  
    PS7_X0Y0             PS7                          0.000     0.000 r  system_i/PS7/processing_system7_0/inst/PS7_i/FCLKCLK[0]
                         net (fo=1, routed)           0.315     0.315    system_i/PS7/processing_system7_0/inst/FCLK_CLK_unbuffered[0]
    BUFGCTRL_X0Y0        BUFG (Prop_bufg_I_O)         0.026     0.341 r  system_i/PS7/processing_system7_0/inst/buffer_fclk_clk_0.FCLK_CLK_0_BUFG/O
                         net (fo=1567, routed)        0.567     0.908    system_i/PS7/ps7_0_axi_periph/xbar/inst/gen_samd.crossbar_samd/gen_decerr_slave.decerr_slave_inst/aclk
    SLICE_X12Y49         FDRE                                         r  system_i/PS7/ps7_0_axi_periph/xbar/inst/gen_samd.crossbar_samd/gen_decerr_slave.decerr_slave_inst/gen_axi.s_axi_awready_i_reg/C
  -------------------------------------------------------------------    -------------------
    SLICE_X12Y49         FDRE (Prop_fdre_C_Q)         0.164     1.072 r  system_i/PS7/ps7_0_axi_periph/xbar/inst/gen_samd.crossbar_samd/gen_decerr_slave.decerr_slave_inst/gen_axi.s_axi_awready_i_reg/Q
                         net (fo=6, routed)           0.253     1.325    system_i/PS7/ps7_0_axi_periph/xbar/inst/gen_samd.crossbar_samd/addr_arbiter_aw/mi_awready_2
    SLICE_X10Y51         LUT6 (Prop_lut6_I4_O)        0.045     1.370 r  system_i/PS7/ps7_0_axi_periph/xbar/inst/gen_samd.crossbar_samd/addr_arbiter_aw/gen_master_slots[2].w_issuing_cnt[16]_i_1/O
                         net (fo=1, routed)           0.000     1.370    system_i/PS7/ps7_0_axi_periph/xbar/inst/gen_samd.crossbar_samd/addr_arbiter_aw_n_13
    SLICE_X10Y51         FDRE                                         r  system_i/PS7/ps7_0_axi_periph/xbar/inst/gen_samd.crossbar_samd/gen_master_slots[2].w_issuing_cnt_reg[16]/D
  -------------------------------------------------------------------    -------------------

                         (clock clk_fpga_0 rise edge)
                                                      0.000     0.000 r  
    PS7_X0Y0             PS7                          0.000     0.000 r  system_i/PS7/processing_system7_0/inst/PS7_i/FCLKCLK[0]
                         net (fo=1, routed)           0.341     0.341    system_i/PS7/processing_system7_0/inst/FCLK_CLK_unbuffered[0]
    BUFGCTRL_X0Y0        BUFG (Prop_bufg_I_O)         0.029     0.370 r  system_i/PS7/processing_system7_0/inst/buffer_fclk_clk_0.FCLK_CLK_0_BUFG/O
                         net (fo=1567, routed)        0.834     1.204    system_i/PS7/ps7_0_axi_periph/xbar/inst/gen_samd.crossbar_samd/aclk
    SLICE_X10Y51         FDRE                                         r  system_i/PS7/ps7_0_axi_periph/xbar/inst/gen_samd.crossbar_samd/gen_master_slots[2].w_issuing_cnt_reg[16]/C
                         clock pessimism             -0.029     1.175    
    SLICE_X10Y51         FDRE (Hold_fdre_C_D)         0.120     1.295    system_i/PS7/ps7_0_axi_periph/xbar/inst/gen_samd.crossbar_samd/gen_master_slots[2].w_issuing_cnt_reg[16]
  -------------------------------------------------------------------
                         required time                         -1.295    
                         arrival time                           1.370    
  -------------------------------------------------------------------
                         slack                                  0.075    

Slack (MET) :             0.078ns  (arrival time - required time)
  Source:                 system_i/axi_gpio_0/U0/AXI_LITE_IPIF_I/I_SLAVE_ATTACHMENT/s_axi_bvalid_i_reg/C
                            (rising edge-triggered cell FDRE clocked by clk_fpga_0  {rise@0.000ns fall@4.000ns period=8.000ns})
  Destination:            system_i/PS7/ps7_0_axi_periph/m00_couplers/auto_pc/inst/gen_axilite.gen_b2s_conv.axilite_b2s/WR.b_channel_0/mhandshake_r_reg/D
                            (rising edge-triggered cell FDRE clocked by clk_fpga_0  {rise@0.000ns fall@4.000ns period=8.000ns})
  Path Group:             clk_fpga_0
  Path Type:              Hold (Min at Fast Process Corner)
  Requirement:            0.000ns  (clk_fpga_0 rise@0.000ns - clk_fpga_0 rise@0.000ns)
  Data Path Delay:        0.438ns  (logic 0.186ns (42.506%)  route 0.252ns (57.494%))
  Logic Levels:           1  (LUT4=1)
  Clock Path Skew:        0.268ns (DCD - SCD - CPR)
    Destination Clock Delay (DCD):    1.201ns
    Source Clock Delay      (SCD):    0.904ns
    Clock Pessimism Removal (CPR):    0.029ns

    Location             Delay type                Incr(ns)  Path(ns)    Netlist Resource(s)
  -------------------------------------------------------------------    -------------------
                         (clock clk_fpga_0 rise edge)
                                                      0.000     0.000 r  
    PS7_X0Y0             PS7                          0.000     0.000 r  system_i/PS7/processing_system7_0/inst/PS7_i/FCLKCLK[0]
                         net (fo=1, routed)           0.315     0.315    system_i/PS7/processing_system7_0/inst/FCLK_CLK_unbuffered[0]
    BUFGCTRL_X0Y0        BUFG (Prop_bufg_I_O)         0.026     0.341 r  system_i/PS7/processing_system7_0/inst/buffer_fclk_clk_0.FCLK_CLK_0_BUFG/O
                         net (fo=1567, routed)        0.563     0.904    system_i/axi_gpio_0/U0/AXI_LITE_IPIF_I/I_SLAVE_ATTACHMENT/s_axi_aclk
    SLICE_X15Y44         FDRE                                         r  system_i/axi_gpio_0/U0/AXI_LITE_IPIF_I/I_SLAVE_ATTACHMENT/s_axi_bvalid_i_reg/C
  -------------------------------------------------------------------    -------------------
    SLICE_X15Y44         FDRE (Prop_fdre_C_Q)         0.141     1.044 r  system_i/axi_gpio_0/U0/AXI_LITE_IPIF_I/I_SLAVE_ATTACHMENT/s_axi_bvalid_i_reg/Q
                         net (fo=4, routed)           0.252     1.296    system_i/PS7/ps7_0_axi_periph/m00_couplers/auto_pc/inst/gen_axilite.gen_b2s_conv.axilite_b2s/WR.b_channel_0/bresp_fifo_0/m_axi_bvalid
    SLICE_X15Y52         LUT4 (Prop_lut4_I1_O)        0.045     1.341 r  system_i/PS7/ps7_0_axi_periph/m00_couplers/auto_pc/inst/gen_axilite.gen_b2s_conv.axilite_b2s/WR.b_channel_0/bresp_fifo_0/mhandshake_r_i_1/O
                         net (fo=1, routed)           0.000     1.341    system_i/PS7/ps7_0_axi_periph/m00_couplers/auto_pc/inst/gen_axilite.gen_b2s_conv.axilite_b2s/WR.b_channel_0/mhandshake
    SLICE_X15Y52         FDRE                                         r  system_i/PS7/ps7_0_axi_periph/m00_couplers/auto_pc/inst/gen_axilite.gen_b2s_conv.axilite_b2s/WR.b_channel_0/mhandshake_r_reg/D
  -------------------------------------------------------------------    -------------------

                         (clock clk_fpga_0 rise edge)
                                                      0.000     0.000 r  
    PS7_X0Y0             PS7                          0.000     0.000 r  system_i/PS7/processing_system7_0/inst/PS7_i/FCLKCLK[0]
                         net (fo=1, routed)           0.341     0.341    system_i/PS7/processing_system7_0/inst/FCLK_CLK_unbuffered[0]
    BUFGCTRL_X0Y0        BUFG (Prop_bufg_I_O)         0.029     0.370 r  system_i/PS7/processing_system7_0/inst/buffer_fclk_clk_0.FCLK_CLK_0_BUFG/O
                         net (fo=1567, routed)        0.831     1.201    system_i/PS7/ps7_0_axi_periph/m00_couplers/auto_pc/inst/gen_axilite.gen_b2s_conv.axilite_b2s/WR.b_channel_0/aclk
    SLICE_X15Y52         FDRE                                         r  system_i/PS7/ps7_0_axi_periph/m00_couplers/auto_pc/inst/gen_axilite.gen_b2s_conv.axilite_b2s/WR.b_channel_0/mhandshake_r_reg/C
                         clock pessimism             -0.029     1.172    
    SLICE_X15Y52         FDRE (Hold_fdre_C_D)         0.091     1.263    system_i/PS7/ps7_0_axi_periph/m00_couplers/auto_pc/inst/gen_axilite.gen_b2s_conv.axilite_b2s/WR.b_channel_0/mhandshake_r_reg
  -------------------------------------------------------------------
                         required time                         -1.263    
                         arrival time                           1.341    
  -------------------------------------------------------------------
                         slack                                  0.078    

Slack (MET) :             0.081ns  (arrival time - required time)
  Source:                 system_i/PS7/ps7_0_axi_periph/m00_couplers/auto_pc/inst/gen_axilite.gen_b2s_conv.axilite_b2s/RD.r_channel_0/r_arid_r_reg[8]/C
                            (rising edge-triggered cell FDRE clocked by clk_fpga_0  {rise@0.000ns fall@4.000ns period=8.000ns})
  Destination:            system_i/PS7/ps7_0_axi_periph/m00_couplers/auto_pc/inst/gen_axilite.gen_b2s_conv.axilite_b2s/RD.r_channel_0/transaction_fifo_0/memory_reg[31][9]_srl32/D
                            (rising edge-triggered cell SRLC32E clocked by clk_fpga_0  {rise@0.000ns fall@4.000ns period=8.000ns})
  Path Group:             clk_fpga_0
  Path Type:              Hold (Min at Fast Process Corner)
  Requirement:            0.000ns  (clk_fpga_0 rise@0.000ns - clk_fpga_0 rise@0.000ns)
  Data Path Delay:        0.247ns  (logic 0.128ns (51.812%)  route 0.119ns (48.188%))
  Logic Levels:           0  
  Clock Path Skew:        0.036ns (DCD - SCD - CPR)
    Destination Clock Delay (DCD):    1.204ns
    Source Clock Delay      (SCD):    0.906ns
    Clock Pessimism Removal (CPR):    0.262ns

    Location             Delay type                Incr(ns)  Path(ns)    Netlist Resource(s)
  -------------------------------------------------------------------    -------------------
                         (clock clk_fpga_0 rise edge)
                                                      0.000     0.000 r  
    PS7_X0Y0             PS7                          0.000     0.000 r  system_i/PS7/processing_system7_0/inst/PS7_i/FCLKCLK[0]
                         net (fo=1, routed)           0.315     0.315    system_i/PS7/processing_system7_0/inst/FCLK_CLK_unbuffered[0]
    BUFGCTRL_X0Y0        BUFG (Prop_bufg_I_O)         0.026     0.341 r  system_i/PS7/processing_system7_0/inst/buffer_fclk_clk_0.FCLK_CLK_0_BUFG/O
                         net (fo=1567, routed)        0.565     0.906    system_i/PS7/ps7_0_axi_periph/m00_couplers/auto_pc/inst/gen_axilite.gen_b2s_conv.axilite_b2s/RD.r_channel_0/aclk
    SLICE_X7Y42          FDRE                                         r  system_i/PS7/ps7_0_axi_periph/m00_couplers/auto_pc/inst/gen_axilite.gen_b2s_conv.axilite_b2s/RD.r_channel_0/r_arid_r_reg[8]/C
  -------------------------------------------------------------------    -------------------
    SLICE_X7Y42          FDRE (Prop_fdre_C_Q)         0.128     1.034 r  system_i/PS7/ps7_0_axi_periph/m00_couplers/auto_pc/inst/gen_axilite.gen_b2s_conv.axilite_b2s/RD.r_channel_0/r_arid_r_reg[8]/Q
                         net (fo=1, routed)           0.119     1.153    system_i/PS7/ps7_0_axi_periph/m00_couplers/auto_pc/inst/gen_axilite.gen_b2s_conv.axilite_b2s/RD.r_channel_0/transaction_fifo_0/in[9]
    SLICE_X8Y43          SRLC32E                                      r  system_i/PS7/ps7_0_axi_periph/m00_couplers/auto_pc/inst/gen_axilite.gen_b2s_conv.axilite_b2s/RD.r_channel_0/transaction_fifo_0/memory_reg[31][9]_srl32/D
  -------------------------------------------------------------------    -------------------

                         (clock clk_fpga_0 rise edge)
                                                      0.000     0.000 r  
    PS7_X0Y0             PS7                          0.000     0.000 r  system_i/PS7/processing_system7_0/inst/PS7_i/FCLKCLK[0]
                         net (fo=1, routed)           0.341     0.341    system_i/PS7/processing_system7_0/inst/FCLK_CLK_unbuffered[0]
    BUFGCTRL_X0Y0        BUFG (Prop_bufg_I_O)         0.029     0.370 r  system_i/PS7/processing_system7_0/inst/buffer_fclk_clk_0.FCLK_CLK_0_BUFG/O
                         net (fo=1567, routed)        0.834     1.204    system_i/PS7/ps7_0_axi_periph/m00_couplers/auto_pc/inst/gen_axilite.gen_b2s_conv.axilite_b2s/RD.r_channel_0/transaction_fifo_0/aclk
    SLICE_X8Y43          SRLC32E                                      r  system_i/PS7/ps7_0_axi_periph/m00_couplers/auto_pc/inst/gen_axilite.gen_b2s_conv.axilite_b2s/RD.r_channel_0/transaction_fifo_0/memory_reg[31][9]_srl32/CLK
                         clock pessimism             -0.262     0.942    
    SLICE_X8Y43          SRLC32E (Hold_srlc32e_CLK_D)
                                                      0.130     1.072    system_i/PS7/ps7_0_axi_periph/m00_couplers/auto_pc/inst/gen_axilite.gen_b2s_conv.axilite_b2s/RD.r_channel_0/transaction_fifo_0/memory_reg[31][9]_srl32
  -------------------------------------------------------------------
                         required time                         -1.071    
                         arrival time                           1.153    
  -------------------------------------------------------------------
                         slack                                  0.081    

Slack (MET) :             0.092ns  (arrival time - required time)
  Source:                 system_i/axi_gpio_0/U0/AXI_LITE_IPIF_I/I_SLAVE_ATTACHMENT/s_axi_rdata_i_reg[8]/C
                            (rising edge-triggered cell FDRE clocked by clk_fpga_0  {rise@0.000ns fall@4.000ns period=8.000ns})
  Destination:            system_i/PS7/ps7_0_axi_periph/m00_couplers/auto_pc/inst/gen_axilite.gen_b2s_conv.axilite_b2s/RD.r_channel_0/rd_data_fifo_0/memory_reg[31][8]_srl32/D
                            (rising edge-triggered cell SRLC32E clocked by clk_fpga_0  {rise@0.000ns fall@4.000ns period=8.000ns})
  Path Group:             clk_fpga_0
  Path Type:              Hold (Min at Fast Process Corner)
  Requirement:            0.000ns  (clk_fpga_0 rise@0.000ns - clk_fpga_0 rise@0.000ns)
  Data Path Delay:        0.310ns  (logic 0.141ns (45.463%)  route 0.169ns (54.537%))
  Logic Levels:           0  
  Clock Path Skew:        0.035ns (DCD - SCD - CPR)
    Destination Clock Delay (DCD):    1.199ns
    Source Clock Delay      (SCD):    0.902ns
    Clock Pessimism Removal (CPR):    0.262ns

    Location             Delay type                Incr(ns)  Path(ns)    Netlist Resource(s)
  -------------------------------------------------------------------    -------------------
                         (clock clk_fpga_0 rise edge)
                                                      0.000     0.000 r  
    PS7_X0Y0             PS7                          0.000     0.000 r  system_i/PS7/processing_system7_0/inst/PS7_i/FCLKCLK[0]
                         net (fo=1, routed)           0.315     0.315    system_i/PS7/processing_system7_0/inst/FCLK_CLK_unbuffered[0]
    BUFGCTRL_X0Y0        BUFG (Prop_bufg_I_O)         0.026     0.341 r  system_i/PS7/processing_system7_0/inst/buffer_fclk_clk_0.FCLK_CLK_0_BUFG/O
                         net (fo=1567, routed)        0.561     0.901    system_i/axi_gpio_0/U0/AXI_LITE_IPIF_I/I_SLAVE_ATTACHMENT/s_axi_aclk
    SLICE_X15Y39         FDRE                                         r  system_i/axi_gpio_0/U0/AXI_LITE_IPIF_I/I_SLAVE_ATTACHMENT/s_axi_rdata_i_reg[8]/C
  -------------------------------------------------------------------    -------------------
    SLICE_X15Y39         FDRE (Prop_fdre_C_Q)         0.141     1.043 r  system_i/axi_gpio_0/U0/AXI_LITE_IPIF_I/I_SLAVE_ATTACHMENT/s_axi_rdata_i_reg[8]/Q
                         net (fo=1, routed)           0.169     1.212    system_i/PS7/ps7_0_axi_periph/m00_couplers/auto_pc/inst/gen_axilite.gen_b2s_conv.axilite_b2s/RD.r_channel_0/rd_data_fifo_0/in[8]
    SLICE_X16Y39         SRLC32E                                      r  system_i/PS7/ps7_0_axi_periph/m00_couplers/auto_pc/inst/gen_axilite.gen_b2s_conv.axilite_b2s/RD.r_channel_0/rd_data_fifo_0/memory_reg[31][8]_srl32/D
  -------------------------------------------------------------------    -------------------

                         (clock clk_fpga_0 rise edge)
                                                      0.000     0.000 r  
    PS7_X0Y0             PS7                          0.000     0.000 r  system_i/PS7/processing_system7_0/inst/PS7_i/FCLKCLK[0]
                         net (fo=1, routed)           0.341     0.341    system_i/PS7/processing_system7_0/inst/FCLK_CLK_unbuffered[0]
    BUFGCTRL_X0Y0        BUFG (Prop_bufg_I_O)         0.029     0.370 r  system_i/PS7/processing_system7_0/inst/buffer_fclk_clk_0.FCLK_CLK_0_BUFG/O
                         net (fo=1567, routed)        0.829     1.199    system_i/PS7/ps7_0_axi_periph/m00_couplers/auto_pc/inst/gen_axilite.gen_b2s_conv.axilite_b2s/RD.r_channel_0/rd_data_fifo_0/aclk
    SLICE_X16Y39         SRLC32E                                      r  system_i/PS7/ps7_0_axi_periph/m00_couplers/auto_pc/inst/gen_axilite.gen_b2s_conv.axilite_b2s/RD.r_channel_0/rd_data_fifo_0/memory_reg[31][8]_srl32/CLK
                         clock pessimism             -0.262     0.937    
    SLICE_X16Y39         SRLC32E (Hold_srlc32e_CLK_D)
                                                      0.183     1.120    system_i/PS7/ps7_0_axi_periph/m00_couplers/auto_pc/inst/gen_axilite.gen_b2s_conv.axilite_b2s/RD.r_channel_0/rd_data_fifo_0/memory_reg[31][8]_srl32
  -------------------------------------------------------------------
                         required time                         -1.120    
                         arrival time                           1.212    
  -------------------------------------------------------------------
                         slack                                  0.092    

Slack (MET) :             0.096ns  (arrival time - required time)
  Source:                 system_i/PS7/ps7_0_axi_periph/xbar/inst/gen_samd.crossbar_samd/gen_slave_slots[0].gen_si_write.wdata_router_w/wrouter_aw_fifo/s_ready_i_reg/C
                            (rising edge-triggered cell FDRE clocked by clk_fpga_0  {rise@0.000ns fall@4.000ns period=8.000ns})
  Destination:            system_i/PS7/ps7_0_axi_periph/xbar/inst/gen_samd.crossbar_samd/gen_slave_slots[0].gen_si_write.splitter_aw_si/m_ready_d_reg[0]/D
                            (rising edge-triggered cell FDRE clocked by clk_fpga_0  {rise@0.000ns fall@4.000ns period=8.000ns})
  Path Group:             clk_fpga_0
  Path Type:              Hold (Min at Fast Process Corner)
  Requirement:            0.000ns  (clk_fpga_0 rise@0.000ns - clk_fpga_0 rise@0.000ns)
  Data Path Delay:        0.483ns  (logic 0.186ns (38.528%)  route 0.297ns (61.472%))
  Logic Levels:           1  (LUT6=1)
  Clock Path Skew:        0.266ns (DCD - SCD - CPR)
    Destination Clock Delay (DCD):    1.203ns
    Source Clock Delay      (SCD):    0.908ns
    Clock Pessimism Removal (CPR):    0.029ns

    Location             Delay type                Incr(ns)  Path(ns)    Netlist Resource(s)
  -------------------------------------------------------------------    -------------------
                         (clock clk_fpga_0 rise edge)
                                                      0.000     0.000 r  
    PS7_X0Y0             PS7                          0.000     0.000 r  system_i/PS7/processing_system7_0/inst/PS7_i/FCLKCLK[0]
                         net (fo=1, routed)           0.315     0.315    system_i/PS7/processing_system7_0/inst/FCLK_CLK_unbuffered[0]
    BUFGCTRL_X0Y0        BUFG (Prop_bufg_I_O)         0.026     0.341 r  system_i/PS7/processing_system7_0/inst/buffer_fclk_clk_0.FCLK_CLK_0_BUFG/O
                         net (fo=1567, routed)        0.567     0.908    system_i/PS7/ps7_0_axi_periph/xbar/inst/gen_samd.crossbar_samd/gen_slave_slots[0].gen_si_write.wdata_router_w/wrouter_aw_fifo/aclk
    SLICE_X11Y49         FDRE                                         r  system_i/PS7/ps7_0_axi_periph/xbar/inst/gen_samd.crossbar_samd/gen_slave_slots[0].gen_si_write.wdata_router_w/wrouter_aw_fifo/s_ready_i_reg/C
  -------------------------------------------------------------------    -------------------
    SLICE_X11Y49         FDRE (Prop_fdre_C_Q)         0.141     1.049 f  system_i/PS7/ps7_0_axi_periph/xbar/inst/gen_samd.crossbar_samd/gen_slave_slots[0].gen_si_write.wdata_router_w/wrouter_aw_fifo/s_ready_i_reg/Q
                         net (fo=7, routed)           0.297     1.345    system_i/PS7/ps7_0_axi_periph/xbar/inst/gen_samd.crossbar_samd/gen_slave_slots[0].gen_si_write.splitter_aw_si/ss_wr_awready
    SLICE_X8Y54          LUT6 (Prop_lut6_I5_O)        0.045     1.390 r  system_i/PS7/ps7_0_axi_periph/xbar/inst/gen_samd.crossbar_samd/gen_slave_slots[0].gen_si_write.splitter_aw_si/m_ready_d[0]_i_1/O
                         net (fo=1, routed)           0.000     1.390    system_i/PS7/ps7_0_axi_periph/xbar/inst/gen_samd.crossbar_samd/gen_slave_slots[0].gen_si_write.splitter_aw_si/m_ready_d[0]_i_1_n_0
    SLICE_X8Y54          FDRE                                         r  system_i/PS7/ps7_0_axi_periph/xbar/inst/gen_samd.crossbar_samd/gen_slave_slots[0].gen_si_write.splitter_aw_si/m_ready_d_reg[0]/D
  -------------------------------------------------------------------    -------------------

                         (clock clk_fpga_0 rise edge)
                                                      0.000     0.000 r  
    PS7_X0Y0             PS7                          0.000     0.000 r  system_i/PS7/processing_system7_0/inst/PS7_i/FCLKCLK[0]
                         net (fo=1, routed)           0.341     0.341    system_i/PS7/processing_system7_0/inst/FCLK_CLK_unbuffered[0]
    BUFGCTRL_X0Y0        BUFG (Prop_bufg_I_O)         0.029     0.370 r  system_i/PS7/processing_system7_0/inst/buffer_fclk_clk_0.FCLK_CLK_0_BUFG/O
                         net (fo=1567, routed)        0.833     1.203    system_i/PS7/ps7_0_axi_periph/xbar/inst/gen_samd.crossbar_samd/gen_slave_slots[0].gen_si_write.splitter_aw_si/aclk
    SLICE_X8Y54          FDRE                                         r  system_i/PS7/ps7_0_axi_periph/xbar/inst/gen_samd.crossbar_samd/gen_slave_slots[0].gen_si_write.splitter_aw_si/m_ready_d_reg[0]/C
                         clock pessimism             -0.029     1.174    
    SLICE_X8Y54          FDRE (Hold_fdre_C_D)         0.120     1.294    system_i/PS7/ps7_0_axi_periph/xbar/inst/gen_samd.crossbar_samd/gen_slave_slots[0].gen_si_write.splitter_aw_si/m_ready_d_reg[0]
  -------------------------------------------------------------------
                         required time                         -1.294    
                         arrival time                           1.390    
  -------------------------------------------------------------------
                         slack                                  0.096    





Pulse Width Checks
--------------------------------------------------------------------------------------
Clock Name:         clk_fpga_0
Waveform(ns):       { 0.000 4.000 }
Period(ns):         8.000
Sources:            { system_i/PS7/processing_system7_0/inst/PS7_i/FCLKCLK[0] }

Check Type        Corner  Lib Pin      Reference Pin  Required(ns)  Actual(ns)  Slack(ns)  Location       Pin
Min Period        n/a     BUFG/I       n/a            2.155         8.000       5.845      BUFGCTRL_X0Y0  system_i/PS7/processing_system7_0/inst/buffer_fclk_clk_0.FCLK_CLK_0_BUFG/I
Min Period        n/a     FDRE/C       n/a            1.000         8.000       7.000      SLICE_X12Y45   system_i/PS7/ps7_0_axi_periph/m00_couplers/auto_pc/inst/gen_axilite.gen_b2s_conv.axilite_b2s/SI_REG/aw.aw_pipe/skid_buffer_reg[36]/C
Min Period        n/a     FDRE/C       n/a            1.000         8.000       7.000      SLICE_X12Y48   system_i/PS7/ps7_0_axi_periph/m00_couplers/auto_pc/inst/gen_axilite.gen_b2s_conv.axilite_b2s/SI_REG/aw.aw_pipe/skid_buffer_reg[38]/C
Min Period        n/a     FDRE/C       n/a            1.000         8.000       7.000      SLICE_X12Y48   system_i/PS7/ps7_0_axi_periph/m00_couplers/auto_pc/inst/gen_axilite.gen_b2s_conv.axilite_b2s/SI_REG/aw.aw_pipe/skid_buffer_reg[39]/C
Min Period        n/a     FDRE/C       n/a            1.000         8.000       7.000      SLICE_X9Y45    system_i/PS7/ps7_0_axi_periph/m00_couplers/auto_pc/inst/gen_axilite.gen_b2s_conv.axilite_b2s/SI_REG/aw.aw_pipe/skid_buffer_reg[3]/C
Min Period        n/a     FDRE/C       n/a            1.000         8.000       7.000      SLICE_X12Y45   system_i/PS7/ps7_0_axi_periph/m00_couplers/auto_pc/inst/gen_axilite.gen_b2s_conv.axilite_b2s/SI_REG/aw.aw_pipe/skid_buffer_reg[44]/C
Min Period        n/a     FDRE/C       n/a            1.000         8.000       7.000      SLICE_X12Y45   system_i/PS7/ps7_0_axi_periph/m00_couplers/auto_pc/inst/gen_axilite.gen_b2s_conv.axilite_b2s/SI_REG/aw.aw_pipe/skid_buffer_reg[45]/C
Min Period        n/a     FDRE/C       n/a            1.000         8.000       7.000      SLICE_X6Y46    system_i/PS7/ps7_0_axi_periph/m00_couplers/auto_pc/inst/gen_axilite.gen_b2s_conv.axilite_b2s/SI_REG/aw.aw_pipe/skid_buffer_reg[46]/C
Min Period        n/a     FDRE/C       n/a            1.000         8.000       7.000      SLICE_X7Y46    system_i/PS7/ps7_0_axi_periph/m00_couplers/auto_pc/inst/gen_axilite.gen_b2s_conv.axilite_b2s/SI_REG/aw.aw_pipe/skid_buffer_reg[47]/C
Min Period        n/a     FDRE/C       n/a            1.000         8.000       7.000      SLICE_X9Y45    system_i/PS7/ps7_0_axi_periph/m00_couplers/auto_pc/inst/gen_axilite.gen_b2s_conv.axilite_b2s/SI_REG/aw.aw_pipe/skid_buffer_reg[4]/C
Low Pulse Width   Slow    SRLC32E/CLK  n/a            0.980         4.000       3.020      SLICE_X16Y39   system_i/PS7/ps7_0_axi_periph/m00_couplers/auto_pc/inst/gen_axilite.gen_b2s_conv.axilite_b2s/RD.r_channel_0/rd_data_fifo_0/memory_reg[31][7]_srl32/CLK
Low Pulse Width   Slow    SRLC32E/CLK  n/a            0.980         4.000       3.020      SLICE_X16Y39   system_i/PS7/ps7_0_axi_periph/m00_couplers/auto_pc/inst/gen_axilite.gen_b2s_conv.axilite_b2s/RD.r_channel_0/rd_data_fifo_0/memory_reg[31][8]_srl32/CLK
Low Pulse Width   Slow    SRLC32E/CLK  n/a            0.980         4.000       3.020      SLICE_X16Y40   system_i/PS7/ps7_0_axi_periph/m00_couplers/auto_pc/inst/gen_axilite.gen_b2s_conv.axilite_b2s/RD.r_channel_0/rd_data_fifo_0/memory_reg[31][9]_srl32/CLK
Low Pulse Width   Fast    SRLC32E/CLK  n/a            0.980         4.000       3.020      SLICE_X10Y41   system_i/PS7/ps7_0_axi_periph/m00_couplers/auto_pc/inst/gen_axilite.gen_b2s_conv.axilite_b2s/RD.r_channel_0/transaction_fifo_0/memory_reg[31][0]_srl32/CLK
Low Pulse Width   Fast    SRLC32E/CLK  n/a            0.980         4.000       3.020      SLICE_X8Y43    system_i/PS7/ps7_0_axi_periph/m00_couplers/auto_pc/inst/gen_axilite.gen_b2s_conv.axilite_b2s/RD.r_channel_0/transaction_fifo_0/memory_reg[31][10]_srl32/CLK
Low Pulse Width   Fast    SRLC32E/CLK  n/a            0.980         4.000       3.020      SLICE_X8Y42    system_i/PS7/ps7_0_axi_periph/m00_couplers/auto_pc/inst/gen_axilite.gen_b2s_conv.axilite_b2s/RD.r_channel_0/transaction_fifo_0/memory_reg[31][11]_srl32/CLK
Low Pulse Width   Fast    SRLC32E/CLK  n/a            0.980         4.000       3.020      SLICE_X8Y43    system_i/PS7/ps7_0_axi_periph/m00_couplers/auto_pc/inst/gen_axilite.gen_b2s_conv.axilite_b2s/RD.r_channel_0/transaction_fifo_0/memory_reg[31][12]_srl32/CLK
Low Pulse Width   Fast    SRLC32E/CLK  n/a            0.980         4.000       3.020      SLICE_X8Y41    system_i/PS7/ps7_0_axi_periph/m00_couplers/auto_pc/inst/gen_axilite.gen_b2s_conv.axilite_b2s/RD.r_channel_0/transaction_fifo_0/memory_reg[31][1]_srl32/CLK
Low Pulse Width   Fast    SRLC32E/CLK  n/a            0.980         4.000       3.020      SLICE_X8Y41    system_i/PS7/ps7_0_axi_periph/m00_couplers/auto_pc/inst/gen_axilite.gen_b2s_conv.axilite_b2s/RD.r_channel_0/transaction_fifo_0/memory_reg[31][2]_srl32/CLK
Low Pulse Width   Fast    SRLC32E/CLK  n/a            0.980         4.000       3.020      SLICE_X8Y41    system_i/PS7/ps7_0_axi_periph/m00_couplers/auto_pc/inst/gen_axilite.gen_b2s_conv.axilite_b2s/RD.r_channel_0/transaction_fifo_0/memory_reg[31][3]_srl32/CLK
High Pulse Width  Fast    SRLC32E/CLK  n/a            0.980         4.000       3.020      SLICE_X12Y38   system_i/PS7/ps7_0_axi_periph/m00_couplers/auto_pc/inst/gen_axilite.gen_b2s_conv.axilite_b2s/RD.r_channel_0/rd_data_fifo_0/memory_reg[31][3]_srl32/CLK
High Pulse Width  Fast    SRLC32E/CLK  n/a            0.980         4.000       3.020      SLICE_X12Y39   system_i/PS7/ps7_0_axi_periph/m00_couplers/auto_pc/inst/gen_axilite.gen_b2s_conv.axilite_b2s/RD.r_channel_0/rd_data_fifo_0/memory_reg[31][4]_srl32/CLK
High Pulse Width  Slow    SRLC32E/CLK  n/a            0.980         4.000       3.020      SLICE_X16Y38   system_i/PS7/ps7_0_axi_periph/m00_couplers/auto_pc/inst/gen_axilite.gen_b2s_conv.axilite_b2s/RD.r_channel_0/rd_data_fifo_0/memory_reg[31][5]_srl32/CLK
High Pulse Width  Slow    SRLC32E/CLK  n/a            0.980         4.000       3.020      SLICE_X16Y38   system_i/PS7/ps7_0_axi_periph/m00_couplers/auto_pc/inst/gen_axilite.gen_b2s_conv.axilite_b2s/RD.r_channel_0/rd_data_fifo_0/memory_reg[31][6]_srl32/CLK
High Pulse Width  Slow    SRLC32E/CLK  n/a            0.980         4.000       3.020      SLICE_X16Y39   system_i/PS7/ps7_0_axi_periph/m00_couplers/auto_pc/inst/gen_axilite.gen_b2s_conv.axilite_b2s/RD.r_channel_0/rd_data_fifo_0/memory_reg[31][7]_srl32/CLK
High Pulse Width  Slow    SRLC32E/CLK  n/a            0.980         4.000       3.020      SLICE_X16Y39   system_i/PS7/ps7_0_axi_periph/m00_couplers/auto_pc/inst/gen_axilite.gen_b2s_conv.axilite_b2s/RD.r_channel_0/rd_data_fifo_0/memory_reg[31][8]_srl32/CLK
High Pulse Width  Slow    SRLC32E/CLK  n/a            0.980         4.000       3.020      SLICE_X16Y40   system_i/PS7/ps7_0_axi_periph/m00_couplers/auto_pc/inst/gen_axilite.gen_b2s_conv.axilite_b2s/RD.r_channel_0/rd_data_fifo_0/memory_reg[31][9]_srl32/CLK
High Pulse Width  Slow    SRLC32E/CLK  n/a            0.980         4.000       3.020      SLICE_X8Y43    system_i/PS7/ps7_0_axi_periph/m00_couplers/auto_pc/inst/gen_axilite.gen_b2s_conv.axilite_b2s/RD.r_channel_0/transaction_fifo_0/memory_reg[31][10]_srl32/CLK
High Pulse Width  Slow    SRLC32E/CLK  n/a            0.980         4.000       3.020      SLICE_X8Y43    system_i/PS7/ps7_0_axi_periph/m00_couplers/auto_pc/inst/gen_axilite.gen_b2s_conv.axilite_b2s/RD.r_channel_0/transaction_fifo_0/memory_reg[31][12]_srl32/CLK
High Pulse Width  Slow    SRLC32E/CLK  n/a            0.980         4.000       3.020      SLICE_X8Y43    system_i/PS7/ps7_0_axi_periph/m00_couplers/auto_pc/inst/gen_axilite.gen_b2s_conv.axilite_b2s/RD.r_channel_0/transaction_fifo_0/memory_reg[31][6]_srl32/CLK



